merchant_id,n_W1,n_W2,mmd2,rank,selected
52177,2,27,1.5889631135151157,1,1
79851,10,49,1.5578654740148288,2,1
15329,4,60,1.5496204648326215,3,1
39982,3,91,1.4818865731986597,4,1
32570,8,72,1.4671262129466973,5,1
1017,7,34,1.4620879587861122,6,1
22525,2,58,1.4434450510785726,7,1
77941,2,40,1.4365578747521583,8,1
82873,3,32,1.4249219818072307,9,1
11659,4,33,1.3746319799925213,10,1
27090,4,124,1.3498373457955104,11,1
20688,2,36,1.34950353865573,12,1
28132,4,301,1.3410959281014208,13,1
73466,11,76,1.3308034986264254,14,1
71602,3,32,1.3266069250952284,15,1
76567,2,202,1.3257739614103918,16,1
50445,2,154,1.3243730665700475,17,1
43038,3,46,1.3169324904691058,18,1
9772,2,32,1.3027140323790782,19,1
13911,4,55,1.279892687786988,20,1
59842,3,62,1.279872339734775,21,1
29762,11,166,1.278050185067805,22,1
28268,4,26,1.2708934658509343,23,1
77144,3,51,1.2660398513482427,24,1
68677,4,133,1.2497657764899817,25,1
28134,2,25,1.2435473542106785,26,1
35666,2,110,1.2381962670504678,27,1
80809,7,87,1.2351526001967184,28,1
41025,3,257,1.2156371000366981,29,1
574,13,180,1.2139171083672982,30,1
31652,10,52,1.208626619912217,31,1
66123,2,81,1.2047384410762143,32,1
18345,2,59,1.2046755589632578,33,1
54415,5,128,1.1812074257507563,34,1
77223,3,82,1.1738620333303023,35,1
5440,4,151,1.1504913533851944,36,1
5510,2,50,1.133420894054335,37,1
44999,5,167,1.114521739620459,38,1
27497,3,51,1.0945114045578093,39,1
9553,4,50,1.0643414764621586,40,1
22764,2,41,1.0552086836860117,41,1
90767,5,108,1.044947731046596,42,1
25254,2,40,1.004209368957587,43,1
8053,4,115,0.9984478033646447,44,1
42871,4,37,0.9885456551283948,45,1
47298,2,58,0.9661528351536683,46,1
21878,2,29,0.9660306012571913,47,1
74734,5,383,0.9580226220554752,48,1
63499,3,56,0.9561731201755028,49,1
51484,6,166,0.9470399471780467,50,1
14574,5,63,0.9459570656229617,51,1
29112,6,113,0.9298220536101973,52,1
33101,2,55,0.9292024497169973,53,1
26247,4,37,0.9251048988284909,54,1
39409,4,93,0.923516352208967,55,1
18026,2,30,0.9157664684278491,56,1
12363,6,68,0.9121831879326134,57,1
15707,2,173,0.9108732729271376,58,1
66991,3,63,0.907959202100729,59,1
44526,2,30,0.9074423910920422,60,1
10841,5,26,0.8977838061802519,61,1
64982,5,23,0.8901503231861587,62,1
10598,3,34,0.887547785470863,63,1
32479,5,68,0.8853858430023445,64,1
14269,10,17,0.8785987692091863,65,1
4326,4,201,0.8724460121009989,66,1
34895,2,136,0.8664710888004592,67,1
32175,2,27,0.8557225705039238,68,1
35060,5,45,0.8540886935945096,69,1
83881,2,173,0.8443794487290146,70,1
60286,3,59,0.8408643845945244,71,1
82793,2,46,0.8408385008824549,72,1
78396,3,38,0.839102368246738,73,1
61309,3,88,0.8388157101205185,74,1
48019,2,86,0.827044225677146,75,1
81937,2,83,0.8174827222998543,76,1
26476,5,21,0.8166936563375192,77,1
82026,3,140,0.8154158701751205,78,1
77782,4,99,0.8140133577891763,79,1
41832,7,50,0.8054522274513609,80,1
69244,8,40,0.7918184171104833,81,0
62430,3,158,0.7826224104318953,82,0
32172,4,23,0.7826120036557098,83,0
31925,2,27,0.7824107279305783,84,0
23384,4,46,0.7823594092081809,85,0
33996,4,37,0.7748062567775306,86,0
49991,5,25,0.7717095318056395,87,0
66595,30,22,0.7703256182767958,88,0
74387,6,21,0.7629274834573274,89,0
24698,2,30,0.760121519031933,90,0
41441,4,218,0.7542406790296016,91,0
2196,3,27,0.7536126148683842,92,0
69885,2,27,0.7404032950858224,93,0
55179,2,44,0.7394004375966843,94,0
82106,2,52,0.7200665137812448,95,0
58889,4,116,0.7192563363046589,96,0
9181,8,31,0.7187082054560892,97,0
23543,7,107,0.715048537078659,98,0
48097,2,26,0.7114460215403478,99,0
9415,2,72,0.7077109640114632,100,0
8630,2,42,0.7069390015783213,101,0
39404,6,22,0.7013859012032547,102,0
89403,12,44,0.7009923667093374,103,0
85902,4,23,0.6933270620466102,104,0
29765,2,103,0.6863331783286164,105,0
23467,3,32,0.6830299552727751,106,0
61050,9,88,0.6809911304196443,107,0
51154,6,23,0.6795958714214627,108,0
28267,4,52,0.6788693889104025,109,0
31651,2,55,0.6773551214045428,110,0
86290,10,192,0.6771838734755856,111,0
64733,3,54,0.6765787740425901,112,0
32482,3,76,0.6762338568968684,113,0
38158,5,29,0.6758720550929928,114,0
84451,3,113,0.6747996625669173,115,0
54333,4,68,0.6653132376803592,116,0
34728,2,66,0.6646840293076529,117,0
41608,4,43,0.6611991029390436,118,0
48323,8,120,0.6599663037205289,119,0
69092,10,68,0.6567751246032603,120,0
15484,3,32,0.6529610695279169,121,0
73717,2,46,0.6526190440628711,122,0
72469,10,56,0.6494664145308703,123,0
32487,4,50,0.6443393322792165,124,0
85669,2,47,0.6415642051845711,125,0
47205,11,385,0.6403287802023532,126,0
1307,4,229,0.640131575190799,127,0
36396,4,95,0.6337968335995985,128,0
46813,3,41,0.631981906045217,129,0
40341,2,62,0.6310986356186439,130,0
67779,4,33,0.6309242831614132,131,0
46489,2,55,0.6286949872161534,132,0
11817,5,101,0.6281017558703424,133,0
24623,4,53,0.6273371759509933,134,0
13825,2,53,0.6266159997064817,135,0
23617,3,25,0.6256250524066422,136,0
31571,3,38,0.622274553986802,137,0
67489,3,35,0.6217861615379664,138,0
42323,3,24,0.62022005786226,139,0
33323,12,121,0.6179097683975717,140,0
1308,2,26,0.6171306978126208,141,0
47122,4,25,0.6131104564728787,142,0
1537,2,40,0.6126798137206733,143,0
73014,6,69,0.6108522642128313,144,0
89231,3,70,0.6077332866314056,145,0
37223,4,33,0.6050979707488264,146,0
83715,2,55,0.6045004285415005,147,0
30692,4,26,0.6003771359557751,148,0
67777,5,107,0.5992844324281552,149,0
19258,13,43,0.595072445839384,150,0
48406,7,29,0.5950388612138364,151,0
66272,3,26,0.5934192679838455,152,0
47524,2,48,0.5931930518949451,153,0
30943,4,296,0.5924941807002875,154,0
43114,13,24,0.591498020884161,155,0
46888,22,35,0.5897256453749394,156,0
17484,2,85,0.5874680333253562,157,0
35923,6,86,0.5852747760497444,158,0
33098,4,99,0.5852288504590485,159,0
36979,11,36,0.5848797343248566,160,0
87088,13,76,0.5847137621191871,161,0
34980,31,401,0.5845821557116572,162,0
13739,5,23,0.5835466808103357,163,0
82622,5,39,0.583451193299723,164,0
43874,2,158,0.5817996486362607,165,0
12968,11,35,0.5808557176747999,166,0
71919,6,40,0.5807044499225914,167,0
77398,5,47,0.5772815601569544,168,0
65896,3,96,0.5730680367605826,169,0
14864,5,401,0.5728384705079342,170,0
53631,4,132,0.5680309371297706,171,0
70345,20,17,0.564890559412162,172,0
14569,6,62,0.5628565693285569,173,0
56969,12,70,0.5615264315252242,174,0
12817,2,47,0.5579754451397084,175,0
31924,3,81,0.5567730824532475,176,0
65057,5,65,0.5548906583385466,177,0
30768,4,36,0.554249516298452,178,0
31650,6,69,0.5533598961771968,179,0
35597,4,106,0.5485160075570645,180,0
61399,7,22,0.5469940333311233,181,0
22681,3,28,0.544784661589007,182,0
24372,16,1111,0.544619579585764,183,0
33005,17,269,0.5433846340367711,184,0
56668,5,38,0.5407893367549444,185,0
1762,5,42,0.5397080211521981,186,0
65675,6,28,0.5384259068144104,187,0
89404,2,80,0.5342082581083734,188,0
4177,2,25,0.530870306397875,189,0
56179,11,17,0.5301170340354574,190,0
55679,8,109,0.5293095054276726,191,0
21783,17,412,0.528666221277616,192,0
77225,2,88,0.524015458300038,193,0
39336,5,35,0.5211403818437661,194,0
12611,7,70,0.5191624670545013,195,0
21784,8,44,0.5186187438562124,196,0
86389,9,27,0.5174635634597586,197,0
63565,2,39,0.5159987485631696,198,0
25566,5,71,0.5154152556816018,199,0
53629,5,71,0.5141821791251272,200,0
69316,12,41,0.5126428118459924,201,0
31566,7,110,0.5125289982212478,202,0
12961,2,254,0.5122683307709806,203,0
77400,3,73,0.5090990336592648,204,0
37620,5,46,0.5089023118115378,205,0
66758,2,30,0.5084099527524395,206,0
71086,3,41,0.5083742039631126,207,0
85121,3,70,0.5081964843693836,208,0
61134,36,360,0.5076009705736949,209,0
38526,6,69,0.5071751028804845,210,0
44766,2,111,0.5068499578395271,211,0
24697,13,93,0.5047730132928507,212,0
90766,3,98,0.504467647855562,213,0
32480,5,45,0.5037848730436152,214,0
27005,2,224,0.5036375266099542,215,0
6656,4,83,0.5021986748308983,216,0
14340,2,68,0.49840237538644994,217,0
11658,11,170,0.49789646597435677,218,0
17142,9,66,0.49740969902366383,219,0
45385,3,120,0.49713783921554067,220,0
87820,9,110,0.4970571201946714,221,0
61800,11,53,0.4942230927753153,222,0
27329,13,71,0.49101323626015814,223,0
62115,7,356,0.4905317638825146,224,0
31844,2,114,0.4853069308868061,225,0
43700,7,137,0.4844498770604695,226,0
43783,5,688,0.48444908221878236,227,0
63640,4,643,0.48415422255255836,228,0
35448,5,21,0.4819148386432148,229,0
70936,6,153,0.47969961792435756,230,0
25865,20,53,0.4796803087568742,231,0
54332,16,97,0.47824885066057354,232,0
19080,4,40,0.47697001758410573,233,0
2009,4,104,0.4761111332636101,234,0
24287,6,24,0.4759745034496293,235,0
20521,11,384,0.4757459168791325,236,0
36598,2,54,0.4739572219401875,237,0
51156,6,155,0.47333091976504194,238,0
9615,16,124,0.47071448516838377,239,0
55879,2,111,0.46996560287518396,240,0
31343,3,86,0.46960120437999864,241,0
83555,7,43,0.46709689886055583,242,0
25490,2,33,0.4662753313612876,243,0
81765,12,325,0.4661254446919094,244,0
85739,8,97,0.4653573986514892,245,0
56740,8,175,0.4642434417653887,246,0
87172,2,52,0.46423000886080157,247,0
67262,5,139,0.4641168177037076,248,0
12962,3,92,0.46398624035901315,249,0
45070,11,220,0.4625975252228316,250,0
25645,9,164,0.4606394991303795,251,0
86699,4,29,0.45908842041559006,252,0
33757,7,71,0.4590882948154511,253,0
28049,3,79,0.45328855946804203,254,0
5509,4,76,0.452244363347435,255,0
63976,19,136,0.44932118622765194,256,0
24959,2,35,0.4492848751832208,257,0
16927,11,193,0.44821782034130764,258,0
52028,7,32,0.4473396362829528,259,0
74309,3,31,0.4456922499936997,260,0
79684,8,81,0.445496303625322,261,0
23148,15,245,0.44535341580112964,262,0
73802,3,218,0.4414857825893759,263,0
9935,2,92,0.4408161913060027,264,0
67708,18,36,0.43770149631082167,265,0
7688,3,72,0.43662043070658707,266,0
76816,3,82,0.43612143899226474,267,0
18658,2,30,0.4355353507880413,268,0
49431,2,168,0.4343786777268659,269,0
37142,4,36,0.43269033508498933,270,0
90400,6,156,0.43106324879073576,271,0
58000,2,26,0.42849506573898855,272,0
54105,3,112,0.4262871720724941,273,0
72318,82,1195,0.4217898524892161,274,0
58001,2,265,0.41964547552826637,275,0
59967,3,61,0.41955625099507343,276,0
32410,2,25,0.4118554952712805,277,0
89775,9,114,0.40836731202905674,278,0
42156,18,114,0.40428107022387283,279,0
68599,3,65,0.4019910338967376,280,0
38615,4,224,0.3971700946484389,281,0
86291,27,553,0.3966070106698738,282,0
70347,3,34,0.39114225817431647,283,0
12189,4,177,0.3862934447735944,284,0
58634,6,91,0.38371092325365797,285,0
45236,10,47,0.38265052116117904,286,0
16993,3,168,0.3807046242018781,287,0
798,21,1139,0.3718238046039921,288,0
42072,3,42,0.3668688070362798,289,0
59046,4,187,0.3606016006264512,290,0
79292,4,28,0.3548528008981955,291,0
75104,7,60,0.3493583726139561,292,0
33762,2,28,0.34904615579356313,293,0
12894,42,94,0.34242173091349537,294,0
72547,6,319,0.3324371165154667,295,0
72320,6,153,0.3138262617868164,296,0
86545,10,199,0.3002125696048963,297,0
58548,12,291,0.2926993340687716,298,0
36827,4,174,0.29004644575519434,299,0
43385,16,239,0.2794265958213056,300,0
