user_id,mmd2,n_W1,n_W2
867077,1.0721864250658186,61,19
249016,1.017704554338159,52,14
652230,0.986734679397335,56,10
765978,0.9826066992921644,73,7
763784,0.9680390568314364,50,17
200213,0.9465326776839159,56,10
204735,0.9448179668678579,62,9
849773,0.9328289000233109,60,10
943897,0.9300366948573722,56,17
317576,0.8992744431774449,54,15
826404,0.8939448034415055,63,14
229266,0.8699874771125207,69,13
87370,0.7959831021523969,60,15
311637,0.7912090160933901,48,32
9644,0.7905534300116257,52,14
66458,0.7902478584918888,58,27
688038,0.774519379989399,56,19
697333,0.7739062333280854,62,13
993860,0.7452260593191818,31,35
533709,0.7218388271561681,50,17
919494,0.7203006440417619,57,17
652103,0.7034940723229588,17,49
559142,0.6978633849138327,58,17
812460,0.6926371832252713,72,10
17654,0.6859030331674116,39,32
849770,0.674095233551844,64,21
679995,0.6338225738233564,37,33
15329,0.6253563650849412,51,21
881017,0.6170073334177428,52,18
770627,0.6086350286989223,35,35
29273,0.6050015828617289,50,35
94346,0.5942646207884195,43,28
542874,0.5860217946839168,2,70
477802,0.5747843776050366,34,36
89825,0.5737052952126558,45,21
477933,0.5500263137307392,49,29
840350,0.5495091673302881,34,45
623185,0.5494870420978145,47,31
823047,0.5470673470072324,50,29
150247,0.5455627409073088,40,26
634672,0.5433919975064812,36,30
882183,0.5408771336875123,12,58
710203,0.5341165391747656,40,27
971783,0.5318578484363249,44,26
223,0.530385846706389,42,31
388459,0.5277062211988296,43,28
642935,0.5215097925106895,38,31
991539,0.51945838412878,6,64
344176,0.518412200273284,49,19
639233,0.5150330713628185,34,36
415057,0.5140374322639305,35,34
930987,0.5075329662699706,4,70
716141,0.5042052028443403,28,43
965843,0.5031636213803281,8,68
165354,0.5006353935843628,44,28
682227,0.5002937244295632,40,30
312931,0.49723855824610497,44,32
466095,0.4961045701466724,3,69
715926,0.49559990639618867,41,26
770539,0.4879535557930257,29,45
180458,0.4841050820696785,21,49
257023,0.48304669107738674,33,39
536033,0.48206524648947824,41,25
472123,0.47928043943048904,34,37
780054,0.4781561890897581,2,76
83887,0.47534959190324777,4,70
52513,0.47511489308803345,44,26
602140,0.4739069060230007,33,35
665959,0.4696224533820914,14,62
233785,0.4660045940904135,38,29
941444,0.4637012749834569,33,36
501172,0.4594133531889224,13,76
670699,0.45762227194409333,37,30
587161,0.4538710522999463,4,64
319900,0.4502221507029568,5,65
68911,0.4459063407313373,32,49
313961,0.4441128816347839,24,42
15457,0.4429999174654333,8,76
631189,0.44245245095485664,36,30
37408,0.44196610954882587,20,47
230299,0.44147947836300516,41,30
663850,0.44077237446869355,44,37
193244,0.4403024533824552,28,38
465022,0.4389329000008282,40,39
62972,0.4380836150707429,34,37
445268,0.43804503680789786,39,27
54835,0.43731299794684075,30,38
253450,0.4358613764999336,33,37
53802,0.43373978993765094,26,45
986671,0.43079207802760844,43,31
427840,0.4301807793770792,31,42
110613,0.4292089507546588,3,75
229135,0.42487710913044296,44,32
459211,0.42099009193481096,32,41
701037,0.4209420110878893,31,41
434809,0.41800705692896367,24,70
295371,0.4156571957355283,38,33
292010,0.41450647846746413,26,58
790510,0.41270163881826216,38,28
604592,0.41151727414934713,53,24
395429,0.40951838747474356,35,49
124682,0.409048470615779,38,41
770540,0.4068596344019738,27,40
638286,0.4021198035367779,12,59
87498,0.4008183690980026,35,39
6163,0.39787517321366694,35,30
752165,0.3933368019836345,37,41
695101,0.39247305620964035,21,49
225781,0.3915550750279674,40,29
500956,0.3896091252572087,5,77
302468,0.389324611474575,13,57
59613,0.3879901411177704,7,62
556819,0.3873971281560885,26,45
132693,0.3836571064082235,31,50
511501,0.38276112582808475,4,83
555569,0.38200707227046493,23,44
845126,0.3812122485087215,7,76
176974,0.38120377803718786,27,39
546491,0.380816077619318,47,34
722988,0.3798576260758283,40,26
251126,0.37956101546021426,12,57
726474,0.37885700415764245,10,61
668374,0.3775815089765906,2,68
909032,0.37686828529931593,33,43
710204,0.3765054496157242,34,49
205898,0.3751924209300481,13,57
36375,0.3751368557759107,25,44
681153,0.3750395192855762,4,69
425641,0.37493281173677717,23,58
114009,0.3736488686567808,47,30
810262,0.37361303092558584,17,53
468638,0.37338174636277077,38,30
438295,0.3733182293961518,32,39
87375,0.3727372243195376,25,41
327908,0.37174269165349716,26,40
713601,0.3716590910258928,9,57
688257,0.37140722398175385,30,37
308279,0.3708527815613063,23,47
729956,0.36496415146837524,13,57
174520,0.3627072493627719,24,47
460375,0.36113302588403484,23,45
893800,0.3566080472504811,33,49
161742,0.3559466545663512,7,74
564956,0.3554813790102467,37,32
498719,0.3536197753327782,27,43
121196,0.35321272562152284,36,36
123397,0.35192943586462877,17,54
653267,0.35084018715753085,28,53
287367,0.35072108085998654,30,36
717176,0.3470481427178054,29,38
870687,0.34392491288640326,18,62
615994,0.34155059055453973,17,69
37407,0.33803883491812137,32,52
636909,0.3376166592325994,31,36
95636,0.3365349892174436,20,55
81561,0.3361037098395352,28,43
738218,0.33522520169826053,29,37
943764,0.3330073290536204,17,52
233912,0.3327767150230876,16,56
95506,0.3315683540353027,17,55
443071,0.33035844237549306,27,40
781214,0.3292860064796346,21,56
531382,0.3241877732110713,41,34
437132,0.3229554893855311,9,74
272041,0.31921500997802754,16,59
526736,0.3174913937627126,23,47
441694,0.31745393456271254,4,72
343011,0.3168868328584442,28,42
846289,0.31443225643962003,35,32
218808,0.31441861441704355,16,53
75663,0.31341808977488017,26,46
790384,0.3066891186201963,5,61
838027,0.3060548924083044,15,51
742866,0.3035986019124255,17,61
275618,0.3007175678081959,17,56
643972,0.30032850534462585,19,57
778764,0.3001060916446108,20,49
166389,0.2991081411034331,17,51
224487,0.29703508119237165,5,62
236238,0.29547936486954796,12,61
141989,0.29303498679519224,6,64
484779,0.2893665091464994,3,65
188467,0.28726966365790996,27,42
197760,0.2861156724763372,9,59
957712,0.2789068079804444,24,58
857904,0.2777586080180918,36,38
541715,0.27694228591059433,22,52
355794,0.27638186689972266,7,70
711368,0.2759416103698671,21,46
65296,0.2717136709661089,35,35
361605,0.27035432055140396,34,36
994892,0.2703066800097804,19,48
250054,0.2617859943823426,17,60
87503,0.25667627947454297,6,66
810134,0.2540535432676514,23,46
674093,0.249329423332594,18,55
610398,0.2416968611406154,13,59
438296,0.2352062232923704,24,46
403567,0.21575041126744932,18,49
29270,0.12243189694564016,3,64
