item_id,neighbor_item,covisit_count,rank
3784,326118,1,1
3784,5446193,1,2
3784,2648551,1,3
3784,82649,1,4
3784,14784182,1,5
3784,5142788,1,6
3784,12466592,1,7
3784,14142238,1,8
3784,4397703,1,9
3784,9532147,1,10
11106,7845709,1,1
11106,4103425,1,2
11106,907492,1,3
11106,5487470,1,4
11106,14841558,1,5
11106,14542901,1,6
11106,9406175,1,7
11106,8939726,1,8
11106,11758141,1,9
11106,8163582,1,10
6353,3290516,3,1
6353,14425638,3,2
6353,15495359,2,3
6353,13018387,2,4
6353,14865351,2,5
6353,11956459,2,6
6353,10681884,2,7
6353,15441663,2,8
6353,6943301,2,9
6353,2670780,2,10
14013,1400609,1,1
14013,5242285,1,2
14013,2606820,1,3
14013,1076364,1,4
14013,12464064,1,5
14013,2941223,1,6
14013,10619991,1,7
14013,12284457,1,8
14013,10473669,1,9
14013,9634191,1,10
9206,10473669,1,1
9206,9634191,1,2
9206,4343875,1,3
9206,14760537,1,4
9206,8592772,1,5
9206,5743925,1,6
9206,3212202,1,7
9206,13878752,1,8
9206,5172078,1,9
9206,6930442,1,10
8550,7222075,1,1
8550,5423233,1,2
8550,6112463,1,3
8550,12801562,1,4
8550,5099653,1,5
8550,2001553,1,6
8550,14682949,1,7
8550,3752865,1,8
8550,8983768,1,9
8550,11521428,1,10
16650,948736,1,1
16650,11306308,1,2
16650,3164666,1,3
16650,15228413,1,4
16650,12091054,1,5
16650,2632046,1,6
16650,9384185,1,7
16650,12179811,1,8
16650,76709,1,9
16650,6665364,1,10
8992,541979,1,1
8992,5730251,1,2
8992,5229704,1,3
8992,9091091,1,4
8992,4932208,1,5
8992,8492815,1,6
8992,5142788,1,7
8992,13865589,1,8
8992,1855030,1,9
8992,11625807,1,10
5770,153677,1,1
5770,8064960,1,2
5770,2048403,1,3
5770,5598906,1,4
5770,336013,1,5
5770,8892393,1,6
5770,10146796,1,7
5770,11292446,1,8
5770,12802090,1,9
5770,1116074,1,10
632,4007657,1,1
632,13899581,1,2
632,10722516,1,3
632,14857232,1,4
632,12564621,1,5
632,11232476,1,6
632,5041171,1,7
632,6139856,1,8
632,4458121,1,9
632,15554631,1,10
10844,8411821,1,1
10844,15391319,1,2
10844,9849945,1,3
10844,13849452,1,4
10844,1626619,1,5
10844,5123045,1,6
10844,12995550,1,7
10844,11423261,1,8
10844,3253716,1,9
10844,7409690,1,10
12797,4773036,1,1
12797,4772957,1,2
12797,1832613,1,3
12797,2958848,1,4
12797,2935276,1,5
12797,5417546,1,6
12797,10222691,1,7
12797,5720644,1,8
12797,12926895,1,9
12797,9423048,1,10
8928,3805805,1,1
8928,15264553,1,2
8928,2908049,1,3
8928,13329638,1,4
8928,9526398,1,5
8928,6509183,1,6
8928,3488234,1,7
8928,5920982,1,8
8928,3696509,1,9
8928,6296593,1,10
9758,1623481,1,1
9758,15366963,1,2
9758,4088081,1,3
9758,6104035,1,4
9758,8713520,1,5
9758,32182,1,6
9758,8225261,1,7
9758,1103266,1,8
9758,11323773,1,9
9758,3732305,1,10
9660,5039789,3,1
9660,13381182,2,2
9660,12642851,2,3
9660,9930655,2,4
9660,15714217,2,5
9660,14247519,1,6
9660,1663501,1,7
9660,11608580,1,8
9660,10092100,1,9
9660,11340856,1,10
8602,6307268,1,1
8602,3342000,1,2
8602,8551095,1,3
8602,8202892,1,4
8602,14683103,1,5
8602,3791162,1,6
8602,7235704,1,7
8602,12193702,1,8
8602,5433235,1,9
8602,10115160,1,10
6666,15845726,2,1
6666,8438854,1,2
6666,4741640,1,3
6666,8807791,1,4
6666,5048148,1,5
6666,14463140,1,6
6666,1915778,1,7
6666,12770012,1,8
6666,4613059,1,9
6666,1583776,1,10
8376,6301473,1,1
8376,344266,1,2
8376,15083023,1,3
8376,1900060,1,4
8376,14948368,1,5
8376,14525346,1,6
8376,2779657,1,7
8376,166442,1,8
8376,2373216,1,9
8376,14524855,1,10
16197,6498981,3,1
16197,10709666,2,2
16197,3369678,2,3
16197,2652412,2,4
16197,11481512,2,5
16197,14648089,1,6
16197,10049871,1,7
16197,14957960,1,8
16197,12318426,1,9
16197,10928199,1,10
13399,2849048,1,1
13399,15355403,1,2
13399,8392025,1,3
13399,13027257,1,4
13399,13933314,1,5
13399,3036346,1,6
13399,14506211,1,7
13399,11627275,1,8
13399,3949197,1,9
13399,11642817,1,10
16324,14129314,1,1
16324,11217801,1,2
16324,2682369,1,3
16324,15424736,1,4
16324,9220426,1,5
16324,3280289,1,6
16324,12246615,1,7
16324,9815727,1,8
16324,5364826,1,9
16324,10517581,1,10
7210,7912396,1,1
7210,14431033,1,2
7210,11997991,1,3
7210,11678355,1,4
7210,5106189,1,5
7210,6199643,1,6
7210,1078388,1,7
7210,12920073,1,8
7210,6007176,1,9
7210,2561988,1,10
5497,1654289,1,1
5497,3377549,1,2
5497,7688545,1,3
5497,10034112,1,4
5497,5698306,1,5
5497,364368,1,6
5497,6443104,1,7
5497,3992279,1,8
5497,12504810,1,9
5497,2196808,1,10
9548,14293545,1,1
9548,1798753,1,2
9548,15599562,1,3
9548,13731974,1,4
9548,3068960,1,5
9548,15709693,1,6
9548,8969798,1,7
9548,3800272,1,8
9548,598877,1,9
9548,8596793,1,10
1084,8365789,1,1
1084,5253763,1,2
1084,13864636,1,3
1084,3996570,1,4
1084,15839509,1,5
1084,15447151,1,6
1084,9557432,1,7
1084,3674014,1,8
1084,5694875,1,9
1084,11749082,1,10
4738,349828,1,1
4738,14412464,1,2
4738,13637581,1,3
4738,6240306,1,4
4738,11782784,1,5
4738,12120253,1,6
4738,11333887,1,7
4738,16991401,1,8
4738,11215719,1,9
4738,8505246,1,10
11322,8885431,1,1
11322,1996494,1,2
11322,10394914,1,3
11322,14272610,1,4
11322,14671214,1,5
11322,9090463,1,6
11322,10158683,1,7
11322,5219261,1,8
11322,12597173,1,9
11322,14833069,1,10
10258,4251059,4,1
10258,6902560,2,2
10258,11851743,2,3
10258,7898744,2,4
10258,8080954,2,5
10258,9728467,2,6
10258,647556,2,7
10258,5720644,2,8
10258,7266252,2,9
10258,882782,1,10
6999,3802836,1,1
6999,3640348,1,2
6999,13193256,1,3
6999,5561696,1,4
6999,1306955,1,5
6999,632315,1,6
6999,10053881,1,7
6999,12945812,1,8
6999,3902231,1,9
6999,7792417,1,10
8898,225775,1,1
8898,8764808,1,2
8898,8954840,1,3
8898,12781700,1,4
8898,337500,1,5
8898,1871171,1,6
8898,3900759,1,7
8898,6986092,1,8
8898,2811237,1,9
8898,12506250,1,10
16169,7808437,2,1
16169,13117491,1,2
16169,5634595,1,3
16169,811846,1,4
16169,9936315,1,5
16169,6905163,1,6
16169,9569158,1,7
16169,9677359,1,8
16169,14281536,1,9
16169,10152502,1,10
15277,10069072,1,1
15277,2014444,1,2
15277,8731780,1,3
15277,8371616,1,4
15277,10845176,1,5
15277,2697127,1,6
15277,14866846,1,7
15277,13576223,1,8
15277,9624701,1,9
15277,14426170,1,10
7351,12369829,1,1
7351,9607425,1,2
7351,11450613,1,3
7351,11934690,1,4
7351,3739396,1,5
7351,3950256,1,6
7351,9899740,1,7
7351,14340111,1,8
7351,2517515,1,9
7351,6996448,1,10
13149,9203204,1,1
13149,15353701,1,2
13149,6185685,1,3
13149,6226748,1,4
13149,6154891,1,5
13149,6385677,1,6
13149,953499,1,7
13149,1942423,1,8
13149,15829647,1,9
13149,2040786,1,10
17299,3578577,2,1
17299,3106756,1,2
17299,7352466,1,3
17299,9898523,1,4
17299,11607784,1,5
17299,7416481,1,6
17299,13688822,1,7
17299,1893843,1,8
17299,9397560,1,9
17299,14459387,1,10
5973,14206603,1,1
5973,6763021,1,2
5973,113781,1,3
5973,4870560,1,4
5973,4389594,1,5
5973,12068906,1,6
5973,5249771,1,7
5973,9903141,1,8
5973,15231324,1,9
5973,12801250,1,10
7240,11427816,1,1
7240,11151569,1,2
7240,12568799,1,3
7240,3038581,1,4
7240,5633695,1,5
7240,5192021,1,6
7240,7910872,1,7
7240,5109969,1,8
7240,4937958,1,9
7240,9324643,1,10
16965,1730854,1,1
16965,13785358,1,2
16965,688222,1,3
16965,11430938,1,4
16965,7691556,1,5
16965,2128387,1,6
16965,6572937,1,7
16965,8998343,1,8
16965,6736551,1,9
16965,7781165,1,10
1448,13532345,1,1
1448,12863588,1,2
1448,683335,1,3
1448,11815913,1,4
1448,2798673,1,5
1448,4423567,1,6
1448,6847359,1,7
1448,1535860,1,8
1448,9687519,1,9
1448,7541660,1,10
10246,14521820,1,1
10246,7349202,1,2
10246,8724646,1,3
10246,1912221,1,4
10246,3883402,1,5
10246,4294618,1,6
10246,3113668,1,7
10246,10874542,1,8
10246,2285045,1,9
10246,984479,1,10
6906,421625,1,1
6906,6112734,1,2
6906,4020828,1,3
6906,14480246,1,4
6906,2125216,1,5
6906,11204619,1,6
6906,15220954,1,7
6906,9063710,1,8
6906,15824584,1,9
6906,645637,1,10
665,13585051,1,1
665,8434184,1,2
665,14479001,1,3
665,3430128,1,4
665,9812709,1,5
665,14631232,1,6
665,13835920,1,7
665,8471889,1,8
665,1713454,1,9
665,5500484,1,10
15218,11367648,1,1
15218,2667219,1,2
15218,1500686,1,3
15218,1411697,1,4
15218,9146072,1,5
15218,2410095,1,6
15218,9784818,1,7
15218,3668334,1,8
15218,10941750,1,9
15218,13382158,1,10
4236,5054449,1,1
4236,15643726,1,2
4236,11173395,1,3
4236,13407012,1,4
4236,14034825,1,5
4236,652545,1,6
4236,15577925,1,7
4236,2645711,1,8
4236,1924117,1,9
4236,387288,1,10
9361,5973470,1,1
9361,3432005,1,2
9361,1236059,1,3
9361,783531,1,4
9361,11409007,1,5
9361,4404142,1,6
9361,2396205,1,7
9361,10378841,1,8
9361,9825257,1,9
9361,946836,1,10
14670,2484467,1,1
14670,5793668,1,2
14670,5471100,1,3
14670,5415473,1,4
14670,13520621,1,5
14670,307099,1,6
14670,4583556,1,7
14670,2215902,1,8
14670,10304825,1,9
14670,8541692,1,10
6277,7806035,1,1
6277,10642596,1,2
6277,7892090,1,3
6277,2307955,1,4
6277,7834360,1,5
6277,8278903,1,6
6277,5519834,1,7
6277,6955706,1,8
6277,13623126,1,9
6277,14774388,1,10
3296,10395556,1,1
3296,9234804,1,2
3296,3832039,1,3
3296,9235297,1,4
3296,3068672,1,5
3296,6636417,1,6
3296,14922338,1,7
3296,12851626,1,8
3296,14414797,1,9
3296,6475923,1,10
459,14922338,1,1
459,12851626,1,2
459,3296,1,3
459,14414797,1,4
459,6475923,1,5
459,15559875,1,6
459,13854144,1,7
459,13742653,1,8
459,2575722,1,9
459,20038,1,10
10682,5525762,1,1
10682,3417656,1,2
10682,11079194,1,3
10682,13470160,1,4
10682,15073865,1,5
10682,304099,1,6
10682,2478413,1,7
10682,1903909,1,8
10682,6912416,1,9
10682,5196812,1,10
7436,1147797,1,1
7436,5781884,1,2
7436,5756600,1,3
7436,7263749,1,4
7436,5007477,1,5
7436,12774136,1,6
7436,6528051,1,7
7436,14598218,1,8
7436,6156442,1,9
7436,10345159,1,10
6854,155680,1,1
6854,14865351,1,2
6854,1455217,1,3
6854,7068736,1,4
6854,12963622,1,5
6854,12035530,1,6
6854,4184942,1,7
6854,70718,1,8
6854,5208175,1,9
6854,6443465,1,10
955,3902153,1,1
955,5629262,1,2
955,6109126,1,3
955,3867628,1,4
955,15430223,1,5
955,7618020,1,6
955,1209616,1,7
955,2148361,1,8
955,4613186,1,9
955,4281051,1,10
3224,13123808,1,1
3224,11275147,1,2
3224,13971189,1,3
3224,9538546,1,4
3224,11003739,1,5
3224,5280050,1,6
3224,1415661,1,7
3224,6439599,1,8
3224,13570922,1,9
3224,5231126,1,10
8136,13778683,1,1
8136,15822283,1,2
8136,7153562,1,3
8136,5594321,1,4
8136,13667969,1,5
8136,12008028,1,6
8136,8325685,1,7
8136,3991389,1,8
8136,7640971,1,9
8136,14418487,1,10
8198,3329228,1,1
8198,1208858,1,2
8198,7840573,1,3
8198,12808236,1,4
8198,3329810,1,5
8198,14446019,1,6
8198,3516570,1,7
8198,6267642,1,8
8198,3949820,1,9
8198,3483996,1,10
14814,9970962,1,1
14814,2307418,1,2
14814,12797018,1,3
14814,12760046,1,4
14814,8382079,1,5
14814,8405235,1,6
14814,12856581,1,7
14814,7535005,1,8
14814,14820159,1,9
14814,14946366,1,10
14174,2682965,1,1
14174,8771989,1,2
14174,15656604,1,3
14174,15078964,1,4
14174,8242518,1,5
14174,6723407,1,6
14174,10469526,1,7
14174,11187206,1,8
14174,5305971,1,9
14174,2827468,1,10
16323,11521740,1,1
16323,11042014,1,2
16323,14307690,1,3
16323,15502384,1,4
16323,14499608,1,5
16323,1579592,1,6
16323,11561816,1,7
16323,4728556,1,8
16323,1634248,1,9
16323,5228977,1,10
5447,3652946,1,1
5447,1283912,1,2
5447,1973617,1,3
5447,7112810,1,4
5447,11996428,1,5
5447,13992100,1,6
5447,308219,1,7
5447,8790026,1,8
5447,13388764,1,9
5447,13241686,1,10
3413,6747006,1,1
3413,9806512,1,2
3413,5988482,1,3
3413,14469985,1,4
3413,13256351,1,5
3413,3270877,1,6
3413,12211204,1,7
3413,3143225,1,8
3413,14381679,1,9
3413,9674388,1,10
2853,2883842,1,1
2853,11177017,1,2
2853,7959453,1,3
2853,9761664,1,4
2853,14709547,1,5
2853,13235196,1,6
2853,13686446,1,7
2853,14618050,1,8
2853,3332116,1,9
2853,6239604,1,10
7017,15306059,1,1
7017,14488323,1,2
7017,517006,1,3
7017,14401259,1,4
7017,15152149,1,5
7017,11715747,1,6
7017,7622176,1,7
7017,3984585,1,8
7017,14974629,1,9
7017,12278015,1,10
7246,10601965,1,1
7246,10750310,1,2
7246,7899501,1,3
7246,9043718,1,4
7246,10195538,1,5
7246,2097237,1,6
7246,3894222,1,7
7246,8155214,1,8
7246,1260542,1,9
7246,4471126,1,10
15251,5996159,1,1
15251,15331180,1,2
15251,14396612,1,3
15251,14229174,1,4
15251,5415387,1,5
15251,1487743,1,6
15251,6264852,1,7
15251,9543573,1,8
15251,9366435,1,9
15251,1714326,1,10
10586,10275757,1,1
10586,10663366,1,2
10586,3148226,1,3
10586,11930632,1,4
10586,10150227,1,5
10586,9997028,1,6
10586,2251629,1,7
10586,8204623,1,8
10586,7278596,1,9
10586,14192565,1,10
12629,83434,1,1
12629,1991922,1,2
12629,13918742,1,3
12629,6962055,1,4
12629,2734605,1,5
12629,14096501,1,6
12629,8443998,1,7
12629,11012667,1,8
12629,1688172,1,9
12629,5018828,1,10
8627,12787048,1,1
8627,8712842,1,2
8627,14375975,1,3
8627,1776936,1,4
8627,12014953,1,5
8627,12055245,1,6
8627,3872824,1,7
8627,4881296,1,8
8627,11862035,1,9
8627,12681054,1,10
4105,1963312,1,1
4105,8448697,1,2
4105,7792035,1,3
4105,519530,1,4
4105,9854948,1,5
4105,10687626,1,6
4105,6375576,1,7
4105,15210456,1,8
4105,3624977,1,9
4105,8042351,1,10
1808,6321565,1,1
1808,15574948,1,2
1808,6446030,1,3
1808,14197715,1,4
1808,12396578,1,5
1808,2244331,1,6
1808,3491591,1,7
1808,4047626,1,8
1808,10338096,1,9
1808,13383095,1,10
17409,153808,1,1
17409,14763371,1,2
17409,160823,1,3
17409,2205377,1,4
17409,7403439,1,5
17409,2926651,1,6
17409,57171,1,7
17409,3879989,1,8
17409,14093470,1,9
17409,14536632,1,10
13211,12013171,1,1
13211,4427669,1,2
13211,12144687,1,3
13211,12754047,1,4
13211,14627646,1,5
13211,968625,1,6
13211,11687817,1,7
13211,4864876,1,8
13211,9209718,1,9
13211,10846946,1,10
4134,15202968,1,1
4134,10904618,1,2
4134,2074645,1,3
4134,10570681,1,4
4134,9043566,1,5
4134,14368284,1,6
4134,2202258,1,7
4134,2918641,1,8
4134,4704308,1,9
4134,253937,1,10
13817,15710656,1,1
13817,16225165,1,2
13817,13133972,1,3
13817,9624946,1,4
13817,15920355,1,5
13817,16593129,1,6
13817,2736223,1,7
13817,15895176,1,8
13817,16092996,1,9
13817,656721,1,10
5532,14208271,1,1
5532,3564937,1,2
5532,5313214,1,3
5532,3723251,1,4
5532,131576,1,5
5532,5277378,1,6
5532,2422963,1,7
5532,6290196,1,8
5532,2614213,1,9
5532,10623007,1,10
5211,5082634,1,1
5211,2910249,1,2
5211,7750593,1,3
5211,3919306,1,4
5211,12827325,1,5
5211,10552792,1,6
5211,15722228,1,7
5211,6501219,1,8
5211,15792857,1,9
5211,3123694,1,10
7192,11732012,1,1
7192,9952803,1,2
7192,14381869,1,3
7192,740696,1,4
7192,11334143,1,5
7192,6756028,1,6
7192,5867291,1,7
7192,7203711,1,8
7192,954248,1,9
7192,4738756,1,10
8984,3487782,1,1
8984,11982607,1,2
8984,769997,1,3
8984,9021688,1,4
8984,5834182,1,5
8984,5789456,1,6
8984,303900,1,7
8984,9629161,1,8
8984,7761984,1,9
8984,2436844,1,10
16718,12962251,1,1
16718,9899740,1,2
16718,11793654,1,3
16718,1150251,1,4
16718,11016811,1,5
16718,10478302,1,6
16718,349303,1,7
16718,7882815,1,8
16718,8107541,1,9
16718,10050373,1,10
2152,12145769,1,1
2152,8891530,1,2
2152,3205092,1,3
2152,5290256,1,4
2152,11737395,1,5
2152,14187350,1,6
2152,6677760,1,7
2152,14795225,1,8
2152,4308362,1,9
2152,10718011,1,10
7745,14256256,1,1
7745,6272378,1,2
7745,7582930,1,3
7745,3001953,1,4
7745,10876714,1,5
7745,5549647,1,6
7745,15089125,1,7
7745,5898711,1,8
7745,3866541,1,9
7745,13018784,1,10
10465,993417,1,1
10465,12709196,1,2
10465,5693627,1,3
10465,8854619,1,4
10465,9529370,1,5
10465,8997326,1,6
10465,10935030,1,7
10465,15691044,1,8
10465,2299773,1,9
10465,15595379,1,10
10910,4894513,1,1
10910,7075569,1,2
10910,148194,1,3
10910,12732420,1,4
10910,2823424,1,5
10910,13993417,1,6
10910,15012266,1,7
10910,7054723,1,8
10910,7704630,1,9
10910,9441088,1,10
15611,5201493,1,1
15611,7059825,1,2
15611,1169011,1,3
15611,5802740,1,4
15611,1400440,1,5
15611,15146509,1,6
15611,8724646,1,7
15611,14129646,1,8
15611,1629615,1,9
15611,11223797,1,10
16064,1172566,2,1
16064,64028,1,2
16064,10684494,1,3
16064,6584229,1,4
16064,12085203,1,5
16064,13366025,1,6
16064,6305102,1,7
16064,10918063,1,8
16064,6514413,1,9
16064,7125581,1,10
10234,9957884,1,1
10234,15203249,1,2
10234,7722474,1,3
10234,8650490,1,4
10234,10680979,1,5
10234,14552129,1,6
10234,9658011,1,7
10234,6476514,1,8
10234,8277371,1,9
10234,3693298,1,10
12506,3352908,1,1
12506,16797895,1,2
12506,2740225,1,3
12506,82681,1,4
12506,7047961,1,5
12506,11802554,1,6
12506,14302399,1,7
12506,10350765,1,8
12506,11896018,1,9
12506,14437675,1,10
6290,15365282,1,1
6290,10031535,1,2
6290,11170952,1,3
6290,14860220,1,4
6290,7673981,1,5
6290,10123572,1,6
6290,45964,1,7
6290,1578442,1,8
6290,1844822,1,9
6290,11018094,1,10
5353,12869217,1,1
5353,4144105,1,2
5353,7900312,1,3
5353,5610130,1,4
5353,11122672,1,5
5353,2618741,1,6
5353,7336386,1,7
5353,5475687,1,8
5353,14915095,1,9
5353,3696794,1,10
6192,1779418,1,1
6192,6859225,1,2
6192,11346555,1,3
6192,81879,1,4
6192,80012,1,5
6192,6298053,1,6
6192,10154594,1,7
6192,3776952,1,8
6192,4077217,1,9
6192,6176386,1,10
9515,11739769,1,1
9515,2056964,1,2
9515,14650107,1,3
9515,13465492,1,4
9515,8943112,1,5
9515,4377435,1,6
9515,15741089,1,7
9515,12466340,1,8
9515,14920401,1,9
9515,11252823,1,10
9846,11326783,1,1
9846,6809121,1,2
9846,13617285,1,3
9846,5528370,1,4
9846,10692845,1,5
9846,2592235,1,6
9846,3965661,1,7
9846,8161345,1,8
9846,3899215,1,9
9846,2103796,1,10
8726,6908857,1,1
8726,8422296,1,2
8726,15077764,1,3
8726,1149339,1,4
8726,10923679,1,5
8726,13561071,1,6
8726,904723,1,7
8726,5007795,1,8
8726,2169997,1,9
8726,3626344,1,10
15483,12571004,1,1
15483,5417147,1,2
15483,171837,1,3
15483,14306987,1,4
15483,10202887,1,5
15483,4491137,1,6
15483,12136145,1,7
15483,10156407,1,8
15483,9454492,1,9
15483,3692584,1,10
15233,4229196,1,1
15233,11199814,1,2
15233,8454912,1,3
15233,1826515,1,4
15233,12757548,1,5
15233,6393743,1,6
15233,12176863,1,7
15233,12171799,1,8
15233,12992019,1,9
15233,5385554,1,10
1060,9091276,1,1
1060,1260017,1,2
1060,4633854,1,3
1060,8118704,1,4
1060,14603565,1,5
1060,1344104,1,6
1060,2768627,1,7
1060,3098942,1,8
1060,5643406,1,9
1060,8074195,1,10
15282,9606082,1,1
15282,13340556,1,2
15282,9687519,1,3
15282,8051354,1,4
15282,377882,1,5
15282,14185164,1,6
15282,1473875,1,7
15282,4482052,1,8
15282,2910249,1,9
15282,14882931,1,10
16575,612860,1,1
16575,13340556,1,2
16575,11936687,1,3
16575,9314283,1,4
16575,14557174,1,5
16575,5640379,1,6
16575,10593664,1,7
16575,1376370,1,8
16575,6244752,1,9
16575,10505089,1,10
14743,9694555,1,1
14743,13880554,1,2
14743,1238518,1,3
14743,15145224,1,4
14743,8294412,1,5
14743,7281739,1,6
14743,13415331,1,7
14743,13176305,1,8
14743,7997150,1,9
14743,1655674,1,10
6389,2514266,1,1
6389,13869132,1,2
6389,6579456,1,3
6389,13707925,1,4
6389,8169018,1,5
6389,12420892,1,6
6389,5072681,1,7
6389,13670275,1,8
6389,6233075,1,9
6389,15221563,1,10
17264,59116,1,1
17264,5248472,1,2
17264,1466670,1,3
17264,4707371,1,4
17264,3547804,1,5
17264,581997,1,6
17264,4846062,1,7
17264,9333973,1,8
17264,614211,1,9
17264,1566889,1,10
11036,2421108,1,1
11036,12899909,1,2
11036,15683708,1,3
11036,6704968,1,4
11036,10736117,1,5
11036,13181867,1,6
11036,14331021,1,7
11036,9266505,1,8
11036,7907734,1,9
11036,2477105,1,10
17388,12944818,1,1
17388,6915514,1,2
17388,13233800,1,3
17388,1685701,1,4
17388,14903138,1,5
17388,2467145,1,6
17388,5243542,1,7
17388,6858565,1,8
17388,16033803,1,9
17388,7986437,1,10
6531,2189750,1,1
6531,3589622,1,2
6531,10651998,1,3
6531,11947011,1,4
6531,4275621,1,5
6531,2655747,1,6
6531,12464882,1,7
6531,7511582,1,8
6531,12415308,1,9
6531,13078987,1,10
9683,3730901,1,1
9683,7583918,1,2
9683,7640827,1,3
9683,10338958,1,4
9683,481729,1,5
9683,8004804,1,6
9683,10333599,1,7
9683,4741640,1,8
9683,8605582,1,9
9683,8334056,1,10
1308,577983,1,1
1308,5800257,1,2
1308,7292734,1,3
1308,10719407,1,4
1308,9743483,1,5
1308,1630486,1,6
1308,14467269,1,7
1308,7606831,1,8
1308,13290681,1,9
1308,5575981,1,10
15449,6758370,1,1
15449,7359377,1,2
15449,12528674,1,3
15449,12307771,1,4
15449,28669,1,5
15449,6567125,1,6
15449,7922931,1,7
15449,582438,1,8
15449,11472226,1,9
15449,7234806,1,10
4989,8605985,1,1
4989,2341272,1,2
4989,14429614,1,3
4989,9622975,1,4
4989,2903432,1,5
4989,10944347,1,6
4989,11425634,1,7
4989,831123,1,8
4989,11727129,1,9
4989,3510256,1,10
3294,14059264,1,1
3294,10112103,1,2
3294,14866039,1,3
3294,3166858,1,4
3294,15089799,1,5
3294,12662152,1,6
3294,14794582,1,7
3294,11285196,1,8
3294,5082634,1,9
3294,12827219,1,10
12528,9189001,1,1
12528,11329944,1,2
12528,10404360,1,3
12528,13797762,1,4
12528,12227569,1,5
12528,15854879,1,6
12528,7674578,1,7
12528,6641473,1,8
12528,8659768,1,9
12528,6153022,1,10
11662,1360858,1,1
11662,13777592,1,2
11662,2495503,1,3
11662,4626972,1,4
11662,11035026,1,5
11662,9902260,1,6
11662,12474186,1,7
11662,12128140,1,8
11662,5959838,1,9
11662,9402091,1,10
12786,12442521,1,1
12786,6870629,1,2
12786,455423,1,3
12786,13040515,1,4
12786,12927998,1,5
12786,4046750,1,6
12786,3372684,1,7
12786,15673247,1,8
12786,49264,1,9
12786,10968867,1,10
13653,14221597,1,1
13653,10706078,1,2
13653,2377040,1,3
13653,11600504,1,4
13653,14496558,1,5
13653,8181992,1,6
13653,1576817,1,7
13653,11656154,1,8
13653,13781247,1,9
13653,4723354,1,10
6557,13246300,1,1
6557,8502542,1,2
6557,8240810,1,3
6557,12568820,1,4
6557,7265339,1,5
6557,1018730,1,6
6557,14301920,1,7
6557,1426423,1,8
6557,5744454,1,9
6557,2613874,1,10
11804,7783515,1,1
11804,12643425,1,2
11804,12421779,1,3
11804,7349463,1,4
11804,11243354,1,5
11804,989452,1,6
11804,11293316,1,7
11804,2223719,1,8
11804,5141833,1,9
11804,3981022,1,10
2224,3532871,1,1
2224,476038,1,2
2224,8557858,1,3
2224,5453411,1,4
2224,14191786,1,5
2224,9389613,1,6
2224,6586285,1,7
2224,13020441,1,8
2224,2712944,1,9
2224,14380853,1,10
154,1098073,1,1
154,12573378,1,2
154,7390708,1,3
154,6848043,1,4
154,9604824,1,5
154,13143670,1,6
154,7477959,1,7
154,13055020,1,8
154,9171256,1,9
154,10838816,1,10
6308,15837842,1,1
6308,1277002,1,2
6308,15491889,1,3
6308,10882842,1,4
6308,11780200,1,5
6308,2433347,1,6
6308,6286844,1,7
6308,7694147,1,8
6308,1238083,1,9
6308,10883148,1,10
8989,4483395,1,1
8989,13903469,1,2
8989,1230055,1,3
8989,11568607,1,4
8989,4522619,1,5
8989,3815236,1,6
8989,11203651,1,7
8989,11323445,1,8
8989,2863970,1,9
8989,14045150,1,10
4178,3895186,1,1
4178,11077787,1,2
4178,3137087,1,3
4178,13277754,1,4
4178,5157870,1,5
4178,9077100,1,6
4178,10530940,1,7
4178,13835357,1,8
4178,8019183,1,9
4178,10161870,1,10
6704,4040110,1,1
6704,10457817,1,2
6704,702202,1,3
6704,10690598,1,4
6704,10621142,1,5
6704,9229406,1,6
6704,7128851,1,7
6704,2636352,1,8
6704,5788,1,9
6704,11034398,1,10
5788,10457817,1,1
5788,702202,1,2
5788,10690598,1,3
5788,10621142,1,4
5788,9229406,1,5
5788,7128851,1,6
5788,2636352,1,7
5788,6704,1,8
5788,11034398,1,9
5788,1097446,1,10
5213,14556215,1,1
5213,4480317,1,2
5213,3559697,1,3
5213,3146239,1,4
5213,6764426,1,5
5213,4232294,1,6
5213,11204421,1,7
5213,9763614,1,8
5213,15779926,1,9
5213,659392,1,10
13509,15223653,1,1
13509,10630217,1,2
13509,13712786,1,3
13509,13567047,1,4
13509,6318608,1,5
13509,2340641,1,6
13509,2971161,1,7
13509,7676958,1,8
13509,14455027,1,9
13509,14018590,1,10
4650,13672519,1,1
4650,12014284,1,2
4650,1980517,1,3
4650,695528,1,4
4650,8563712,1,5
4650,7730034,1,6
4650,11047014,1,7
4650,5041597,1,8
4650,11107166,1,9
4650,3091421,1,10
10280,15030969,1,1
10280,7496723,1,2
10280,9623367,1,3
10280,13923346,1,4
10280,11704511,1,5
10280,13528666,1,6
10280,8508773,1,7
10280,13214762,1,8
10280,4984480,1,9
10280,1941792,1,10
13543,7714249,1,1
13543,2110857,1,2
13543,8335032,1,3
13543,5012067,1,4
13543,480677,1,5
13543,8741200,1,6
13543,4639590,1,7
13543,13069003,1,8
13543,7704603,1,9
13543,4874974,1,10
2477,4595616,1,1
2477,4128369,1,2
2477,8621177,1,3
2477,15219818,1,4
2477,15143023,1,5
2477,11420630,1,6
2477,13378431,1,7
2477,12400804,1,8
2477,4584655,1,9
2477,6975244,1,10
10841,14845604,1,1
10841,3046796,1,2
10841,11491679,1,3
10841,6605568,1,4
10841,8547323,1,5
10841,12865208,1,6
10841,13686298,1,7
10841,469227,1,8
10841,13929977,1,9
10841,1475779,1,10
15109,5814413,1,1
15109,1029125,1,2
15109,9463959,1,3
15109,808212,1,4
15109,9091091,1,5
15109,8446728,1,6
15109,1405949,1,7
15109,2845226,1,8
15109,878600,1,9
15109,9631675,1,10
3286,7654127,1,1
3286,11318986,1,2
3286,2871005,1,3
3286,3181780,1,4
3286,10553380,1,5
3286,3198525,1,6
3286,1996463,1,7
3286,4621377,1,8
3286,10065369,1,9
3286,6363006,1,10
12679,15077164,1,1
12679,2564109,1,2
12679,9689016,1,3
12679,6280096,1,4
12679,13460228,1,5
12679,6604346,1,6
12679,1946598,1,7
12679,1803098,1,8
12679,13109819,1,9
12679,6262336,1,10
11996,6791704,1,1
11996,3648419,1,2
11996,12610279,1,3
11996,4292101,1,4
11996,6380736,1,5
11996,11297143,1,6
11996,10726257,1,7
11996,3401820,1,8
11996,14455901,1,9
11996,6243457,1,10
552,5111070,1,1
552,3119499,1,2
552,14502777,1,3
552,1852036,1,4
552,2403785,1,5
552,6948626,1,6
552,13055794,1,7
552,15443025,1,8
552,14125642,1,9
552,12070811,1,10
14735,592811,1,1
14735,9640297,1,2
14735,15103327,1,3
14735,8769549,1,4
14735,1380066,1,5
14735,9590032,1,6
14735,5589299,1,7
14735,9231542,1,8
14735,2958386,1,9
14735,9371116,1,10
8580,6962001,1,1
8580,2228261,1,2
8580,12241679,1,3
8580,11135980,1,4
8580,808781,1,5
8580,11272660,1,6
8580,2684676,1,7
8580,15690660,1,8
8580,10008358,1,9
8580,5638311,1,10
4966,1292710,1,1
4966,6872482,1,2
4966,4628147,1,3
4966,4645805,1,4
4966,9987210,1,5
4966,9558906,1,6
4966,9017906,1,7
4966,3997557,1,8
4966,152980,1,9
4966,280765,1,10
12452,16143127,1,1
12452,16729286,1,2
12452,1370241,1,3
12452,2366488,1,4
12452,7182633,1,5
12452,9575804,1,6
12452,10700841,1,7
12452,5682502,1,8
12452,137463,1,9
12452,10686135,1,10
15081,4348492,1,1
15081,1428741,1,2
15081,8109863,1,3
15081,15671013,1,4
15081,14907816,1,5
15081,13490625,1,6
15081,14201178,1,7
15081,8753108,1,8
15081,14102805,1,9
15081,7520639,1,10
17498,10493089,1,1
17498,13594621,1,2
17498,13125601,1,3
17498,15503536,1,4
17498,14547455,1,5
17498,3494077,1,6
17498,13784458,1,7
17498,13748510,1,8
17498,10130875,1,9
17498,12824724,1,10
1237,11702487,1,1
1237,13648423,1,2
1237,3578328,1,3
1237,2821539,1,4
1237,7313981,1,5
1237,7905335,1,6
1237,860856,1,7
1237,14133265,1,8
1237,2916502,1,9
1237,7105792,1,10
6710,196516,1,1
6710,480677,1,2
6710,11897859,1,3
6710,12189154,1,4
6710,5070249,1,5
6710,15263017,1,6
6710,5085372,1,7
6710,1469897,1,8
6710,12423975,1,9
6710,4332148,1,10
16229,450145,1,1
16229,831201,1,2
16229,12354050,1,3
16229,6166903,1,4
16229,14625425,1,5
16229,7378049,1,6
16229,1848215,1,7
16229,13832177,1,8
16229,11972444,1,9
16229,2783449,1,10
16341,2759479,1,1
16341,15124890,1,2
16341,15489590,1,3
16341,10357184,1,4
16341,6498981,1,5
16341,10714111,1,6
16341,497970,1,7
16341,9904727,1,8
16341,8286779,1,9
16341,8164915,1,10
12803,9013787,1,1
12803,7070449,1,2
12803,8348851,1,3
12803,12841036,1,4
12803,3781092,1,5
12803,13140982,1,6
12803,1366110,1,7
12803,8238377,1,8
12803,4256209,1,9
12803,8135812,1,10
7982,16558088,1,1
7982,11454912,1,2
7982,13442820,1,3
7982,2174009,1,4
7982,721120,1,5
7982,9808315,1,6
7982,1190455,1,7
7982,6066043,1,8
7982,4480967,1,9
7982,9632103,1,10
7979,9689482,1,1
7979,13059285,1,2
7979,3953371,1,3
7979,370947,1,4
7979,9414435,1,5
7979,14224715,1,6
7979,7158434,1,7
7979,10219649,1,8
7979,15682847,1,9
7979,23050,1,10
9835,7431803,1,1
9835,3239717,1,2
9835,8554252,1,3
9835,1854434,1,4
9835,13661282,1,5
9835,10304627,1,6
9835,13263509,1,7
9835,2595725,1,8
9835,6497421,1,9
9835,8106919,1,10
2236,9296500,1,1
2236,317479,1,2
2236,7568548,1,3
2236,9210677,1,4
2236,4596519,1,5
2236,13842582,1,6
2236,5963817,1,7
2236,4700106,1,8
2236,14449560,1,9
2236,1709739,1,10
7955,13263571,1,1
7955,5675790,1,2
7955,10644240,1,3
7955,6575877,1,4
7955,3865020,1,5
7955,1192241,1,6
7955,959023,1,7
7955,15550052,1,8
7955,8261335,1,9
7955,6270415,1,10
7753,6353,1,1
7753,7272343,1,2
7753,5163149,1,3
7753,9094624,1,4
7753,2659440,1,5
7753,3162374,1,6
7753,5398899,1,7
7753,81287,1,8
7753,15395128,1,9
7753,9983735,1,10
14815,13961636,2,1
14815,5584343,1,2
14815,14067365,1,3
14815,1723321,1,4
14815,6998842,1,5
14815,12207585,1,6
14815,15137719,1,7
14815,6036582,1,8
14815,12977031,1,9
14815,11744046,1,10
6006,580833,1,1
6006,488756,1,2
6006,3449149,1,3
6006,1167221,1,4
6006,14754633,1,5
6006,13410525,1,6
6006,11787080,1,7
6006,6973168,1,8
6006,9046827,1,9
6006,267428,1,10
11328,10128011,1,1
11328,9311169,1,2
11328,2828012,1,3
11328,12908519,1,4
11328,942971,1,5
11328,14353257,1,6
11328,7568994,1,7
11328,14992338,1,8
11328,6690614,1,9
11328,11752644,1,10
13222,14003301,1,1
13222,14760064,1,2
13222,9683753,1,3
13222,11407468,1,4
13222,13603657,1,5
13222,9033677,1,6
13222,10393851,1,7
13222,13534420,1,8
13222,11134484,1,9
13222,4643538,1,10
9169,12272636,1,1
9169,15477985,1,2
9169,12883601,1,3
9169,13195354,1,4
9169,8453101,1,5
9169,5767994,1,6
9169,9080596,1,7
9169,39720,1,8
9169,1596549,1,9
9169,2965167,1,10
4625,8605416,1,1
4625,6333793,1,2
4625,444079,1,3
4625,512385,1,4
4625,13542365,1,5
4625,12567548,1,6
4625,12469274,1,7
4625,11497682,1,8
4625,15647181,1,9
4625,7996382,1,10
10241,6253495,1,1
10241,7979737,1,2
10241,2440918,1,3
10241,14193292,1,4
10241,6316962,1,5
10241,10802662,1,6
10241,6422797,1,7
10241,10624597,1,8
10241,808895,1,9
10241,14040612,1,10
13498,873461,1,1
13498,8911922,1,2
13498,9330040,1,3
13498,821498,1,4
13498,4052163,1,5
13498,3762654,1,6
13498,14596089,1,7
13498,14226365,1,8
13498,12192493,1,9
13498,9010581,1,10
14290,3839828,1,1
14290,4710063,1,2
14290,14076734,1,3
14290,12567765,1,4
14290,3299360,1,5
14290,10128468,1,6
14290,14558011,1,7
14290,4740991,1,8
14290,11296811,1,9
14290,6659875,1,10
12279,14539069,1,1
12279,2569976,1,2
12279,4080987,1,3
12279,15763517,1,4
12279,12023491,1,5
12279,6864382,1,6
12279,8643801,1,7
12279,11085899,1,8
12279,8837379,1,9
12279,15080652,1,10
3507,336891,1,1
3507,15007559,1,2
3507,7703185,1,3
3507,12882745,1,4
3507,11103402,1,5
3507,6128243,1,6
3507,9857708,1,7
3507,13515116,1,8
3507,14344221,1,9
3507,8833330,1,10
6069,6310932,1,1
6069,9404862,1,2
6069,3979447,1,3
6069,1230549,1,4
6069,6823988,1,5
6069,3382676,1,6
6069,13697587,1,7
6069,673962,1,8
6069,5712409,1,9
6069,7675467,1,10
1129,14171435,1,1
1129,1717639,1,2
1129,12103134,1,3
1129,10726504,1,4
1129,3900014,1,5
1129,5193861,1,6
1129,10770083,1,7
1129,5387420,1,8
1129,4416905,1,9
1129,5304279,1,10
17140,14330262,1,1
17140,694358,1,2
17140,12293268,1,3
17140,10535841,1,4
17140,4851133,1,5
17140,8426595,1,6
17140,13674626,1,7
17140,10378285,1,8
17140,6621894,1,9
17140,13286673,1,10
13188,170770,1,1
13188,12129340,1,2
13188,667020,1,3
13188,13309469,1,4
13188,14677463,1,5
13188,10516446,1,6
13188,7855113,1,7
13188,7375562,1,8
13188,15053518,1,9
13188,12645979,1,10
16945,13905727,1,1
16945,1153230,1,2
16945,14038022,1,3
16945,14884105,1,4
16945,7793765,1,5
16945,1035277,1,6
16945,12161023,1,7
16945,630323,1,8
16945,15405392,1,9
16945,3685804,1,10
17496,15589509,1,1
17496,8373028,1,2
17496,15702350,1,3
17496,2428851,1,4
17496,15011825,1,5
17496,9349653,1,6
17496,6880088,1,7
17496,11110059,1,8
17496,7782461,1,9
17496,69908,1,10
10836,7656828,1,1
10836,12431937,1,2
10836,3489198,1,3
10836,7180425,1,4
10836,12569685,1,5
10836,10368236,1,6
10836,12039145,1,7
10836,10939442,1,8
10836,5404363,1,9
10836,2779931,1,10
11246,12529266,1,1
11246,14566286,1,2
11246,4287085,1,3
11246,14470706,1,4
11246,4352126,1,5
11246,15435497,1,6
11246,14473678,1,7
11246,15745704,1,8
11246,14300165,1,9
11246,14472960,1,10
7311,12172689,1,1
7311,9729315,1,2
7311,8808812,1,3
7311,1377323,1,4
7311,9284810,1,5
7311,6081738,1,6
7311,2947738,1,7
7311,12173589,1,8
7311,10433855,1,9
7311,6179021,1,10
845,2528020,1,1
845,14664378,1,2
845,4440399,1,3
845,8587714,1,4
845,15060537,1,5
845,12188170,1,6
845,5881522,1,7
845,3727987,1,8
845,9686377,1,9
845,311065,1,10
8378,9635339,1,1
8378,3169787,1,2
8378,14120878,1,3
8378,9455193,1,4
8378,3807445,1,5
8378,15530454,1,6
8378,2045987,1,7
8378,14196612,1,8
8378,15502083,1,9
8378,14899167,1,10
9402,9239809,1,1
9402,15560737,1,2
9402,7354405,1,3
9402,3313139,1,4
9402,7512687,1,5
9402,3212897,1,6
9402,47512,1,7
9402,14897213,1,8
9402,1591770,1,9
9402,8845224,1,10
5411,8941357,1,1
5411,13287242,1,2
5411,11413953,1,3
5411,305244,1,4
5411,11240573,1,5
5411,317771,1,6
5411,10120050,1,7
5411,8613822,1,8
5411,5028382,1,9
5411,8297084,1,10
10562,10747646,1,1
10562,14339627,1,2
10562,2529670,1,3
10562,1743841,1,4
10562,12909633,1,5
10562,7655447,1,6
10562,9091808,1,7
10562,6716446,1,8
10562,13984273,1,9
10562,15247553,1,10
5410,8016153,1,1
5410,8439595,1,2
5410,6283803,1,3
5410,3853810,1,4
5410,2771174,1,5
5410,1746735,1,6
5410,10788512,1,7
5410,1953013,1,8
5410,9034307,1,9
5410,1334996,1,10
12267,10192152,1,1
12267,8067406,1,2
12267,1134750,1,3
12267,14121731,1,4
12267,4603070,1,5
12267,5660401,1,6
12267,15515241,1,7
12267,9499033,1,8
12267,782076,1,9
12267,13472601,1,10
12978,9483128,1,1
12978,6978238,1,2
12978,13961921,1,3
12978,6925852,1,4
12978,1708182,1,5
12978,5872517,1,6
12978,14873622,1,7
12978,3451796,1,8
12978,7708580,1,9
12978,6816658,1,10
3222,13755306,1,1
3222,8015586,1,2
3222,526613,1,3
3222,11612663,1,4
3222,9072442,1,5
3222,14507061,1,6
3222,11915402,1,7
3222,12400930,1,8
3222,14345223,1,9
3222,1669979,1,10
16359,8508224,1,1
16359,7774362,1,2
16359,11674186,1,3
16359,8234015,1,4
16359,12370501,1,5
16359,715506,1,6
16359,1250091,1,7
16359,11934842,1,8
16359,8076377,1,9
16359,14142558,1,10
5478,3781418,1,1
5478,10433816,1,2
5478,14614751,1,3
5478,4868487,1,4
5478,616654,1,5
5478,12220502,1,6
5478,13372162,1,7
5478,3170007,1,8
5478,4263737,1,9
5478,4868712,1,10
16366,8520820,1,1
16366,959014,1,2
16366,2223339,1,3
16366,9913484,1,4
16366,157384,1,5
16366,4056150,1,6
16366,9334262,1,7
16366,4870086,1,8
16366,7782086,1,9
16366,4026416,1,10
12987,14013058,1,1
12987,5269191,1,2
12987,523142,1,3
12987,5123698,1,4
12987,4881734,1,5
12987,3518660,1,6
12987,10793137,1,7
12987,5490807,1,8
12987,3136270,1,9
12987,11900958,1,10
5754,3492716,1,1
5754,12732922,1,2
5754,5151117,1,3
5754,6118210,1,4
5754,13292545,1,5
5754,9861992,1,6
5754,14019362,1,7
5754,1571313,1,8
5754,3204287,1,9
5754,11910041,1,10
3746,5028638,1,1
3746,2284378,1,2
3746,183100,1,3
3746,5713886,1,4
3746,7682979,1,5
3746,8783100,1,6
3746,677421,1,7
3746,6391379,1,8
3746,13557363,1,9
3746,9925573,1,10
2557,5619470,1,1
2557,1313024,1,2
2557,12561609,1,3
2557,10245200,1,4
2557,1363822,1,5
2557,2446188,1,6
2557,5604063,1,7
2557,5100060,1,8
2557,4109748,1,9
2557,9779955,1,10
935,3930305,1,1
935,7307069,1,2
935,12925894,1,3
935,7935908,1,4
935,9526108,1,5
935,5554053,1,6
935,2364492,1,7
935,4538845,1,8
935,14653366,1,9
935,14386953,1,10
256,4425512,1,1
256,381215,1,2
256,4356166,1,3
256,8444614,1,4
256,10698261,1,5
256,2038619,1,6
256,9466850,1,7
256,14496170,1,8
256,8921615,1,9
256,12641113,1,10
3331,3814962,1,1
3331,1578707,1,2
3331,7282742,1,3
3331,11283633,1,4
3331,14463457,1,5
3331,4870874,1,6
3331,11779239,1,7
3331,7205045,1,8
3331,10372116,1,9
3331,3736353,1,10
5366,801309,1,1
5366,14159066,1,2
5366,11421968,1,3
5366,2354516,1,4
5366,9488865,1,5
5366,4172441,1,6
5366,14280848,1,7
5366,14446104,1,8
5366,2845461,1,9
5366,2063939,1,10
7800,3972592,1,1
7800,7971793,1,2
7800,11023479,1,3
7800,2012721,1,4
7800,2621583,1,5
7800,3144584,1,6
7800,7297663,1,7
7800,9922983,1,8
7800,15843937,1,9
7800,5542994,1,10
4872,2393083,1,1
4872,11164072,1,2
4872,10498164,1,3
4872,13051842,1,4
4872,5830590,1,5
4872,689706,1,6
4872,3834480,1,7
4872,8019183,1,8
4872,13771487,1,9
4872,11454477,1,10
12380,12211670,1,1
12380,1046789,1,2
12380,9327868,1,3
12380,12146397,1,4
12380,14668139,1,5
12380,5425861,1,6
12380,12091906,1,7
12380,5217655,1,8
12380,7354405,1,9
12380,13051554,1,10
7371,6989905,1,1
7371,1414452,1,2
7371,2152083,1,3
7371,10669366,1,4
7371,14647192,1,5
7371,11426460,1,6
7371,3414317,1,7
7371,5398343,1,8
7371,12510550,1,9
7371,13523744,1,10
11300,15419540,1,1
11300,12499107,1,2
11300,11725329,1,3
11300,12839485,1,4
11300,8313905,1,5
11300,7663561,1,6
11300,11223797,1,7
11300,2502214,1,8
11300,7601314,1,9
11300,5044120,1,10
2053,10971968,1,1
2053,8405695,1,2
2053,5855524,1,3
2053,13730060,1,4
2053,681800,1,5
2053,9307167,1,6
2053,12074492,1,7
2053,10539563,1,8
2053,5052192,1,9
2053,299586,1,10
5538,2423615,1,1
5538,8707816,1,2
5538,13398052,1,3
5538,3402196,1,4
5538,10134770,1,5
5538,5908681,1,6
5538,2653803,1,7
5538,9203047,1,8
5538,121490,1,9
5538,12805139,1,10
1453,9038064,1,1
1453,1238051,1,2
1453,13920972,1,3
1453,9519282,1,4
1453,9335222,1,5
1453,6897813,1,6
1453,10793056,1,7
1453,10899534,1,8
1453,6773977,1,9
1453,3509824,1,10
4820,2906433,1,1
4820,9182728,1,2
4820,14704773,1,3
4820,12610585,1,4
4820,45348,1,5
4820,13989099,1,6
4820,9272375,1,7
4820,4190559,1,8
4820,8313267,1,9
4820,3790235,1,10
