y,batch,x_n_nodes,x_n_edges,x_mean_deg,x_n_cc,x_n_q_seeds,x_seed_frac,x_lcc_frac
1,0,1,0.35,0.233333,0.6,0.5,0.3,0.5
0,0,1,0.25,0.166667,0.6,0.666667,0.4,0.5
0,0,1,0.15,0.1,0.8,0.833333,0.5,0.3
1,0,1,0.8,0.533333,0.4,1.16667,0.7,0.7
0,0,1,0.2,0.133333,0.7,0.666667,0.4,0.4
0,0,1,0.25,0.166667,0.6,0.5,0.3,0.3
0,0,1,0,0,1,0,0,0.1
0,0,1,0.05,0.0333333,0.9,0.5,0.3,0.2
1,0,1,0.2,0.133333,0.7,0.833333,0.5,0.3
1,0,1,0.15,0.1,0.8,0.833333,0.5,0.3
1,0,1,1.95,1.3,0.1,1.66667,1,1
0,0,1,0.8,0.533333,0.4,1,0.6,0.7
0,0,1,0.05,0.0333333,0.9,0.5,0.3,0.2
1,0,1,0.1,0.0666667,0.8,0.666667,0.4,0.2
0,0,1,0.1,0.0666667,0.8,0.666667,0.4,0.2
1,0,1,1.45,0.966667,0.2,1.5,0.9,0.9
1,0,1,1.8,1.2,0.2,1.66667,1,0.9
1,0,1,0.35,0.233333,0.6,1,0.6,0.5
0,0,1,0.1,0.0666667,0.8,0.5,0.3,0.2
1,0,1,0.45,0.3,0.6,1,0.6,0.5
0,0,1,0.05,0.0333333,0.9,0.333333,0.2,0.2
0,0,1,0.5,0.333333,0.3,0.333333,0.2,0.8
0,0,1,0.65,0.433333,0.4,1.16667,0.7,0.7
1,0,1,0.55,0.366667,0.5,1,0.6,0.5
1,0,1,0.15,0.1,0.7,0.833333,0.5,0.3
0,0,1,0.3,0.2,0.7,1,0.6,0.4
1,0,1,1.8,1.2,0.2,1.66667,1,0.9
1,0,1,0,0,1,0.333333,0.2,0.1
1,0,1,0.6,0.4,0.4,1.16667,0.7,0.6
1,0,1,0.4,0.266667,0.5,1.16667,0.7,0.4
1,0,1,0.9,0.6,0.2,1.5,0.9,0.9
1,0,1,0.05,0.0333333,0.9,0.5,0.3,0.2
0,0,1,0.05,0.0333333,0.9,0.5,0.3,0.2
1,0,1,0.2,0.133333,0.6,0.833333,0.5,0.5
1,0,1,0.25,0.166667,0.6,0.833333,0.5,0.4
0,0,1,0.05,0.0333333,0.9,1,0.6,0.2
0,0,1,0,0,1,0.166667,0.1,0.1
1,0,1,1.95,1.3,0.1,1.66667,1,1
1,0,1,0.9,0.6,0.3,1.33333,0.8,0.8
1,0,1,0,0,1,0.333333,0.2,0.1
1,0,1,0.25,0.166667,0.6,1,0.6,0.4
0,0,1,0.05,0.0333333,0.9,0.333333,0.2,0.2
0,0,1,0.15,0.1,0.7,0.5,0.3,0.2
1,0,1,0.6,0.4,0.5,1,0.6,0.6
0,0,1,0,0,1,0.333333,0.2,0.1
0,0,1,0.5,0.333333,0.4,1.33333,0.8,0.4
1,0,1,0.55,0.366667,0.4,1.33333,0.8,0.5
0,0,1,0.1,0.0666667,0.8,0.166667,0.1,0.2
1,0,1,1.8,1.2,0.2,1.66667,1,0.9
0,0,1,0.25,0.166667,0.6,0.5,0.3,0.3
1,0,1,2.1,1.4,0.1,1.66667,1,1
0,0,1,0,0,1,0.333333,0.2,0.1
1,0,1,0.2,0.133333,0.6,0.333333,0.2,0.4
0,0,1,0.15,0.1,0.7,0.666667,0.4,0.3
1,0,1,0.7,0.466667,0.2,1,0.6,0.8
1,0,1,1.05,0.7,0.4,1.33333,0.8,0.7
0,0,1,0.4,0.266667,0.6,0.833333,0.5,0.5
1,0,1,0.3,0.2,0.5,0.666667,0.4,0.4
0,0,1,0.15,0.1,0.8,1,0.6,0.3
1,0,1,0.05,0.0333333,0.9,0.5,0.3,0.2
0,0,1,1,0.666667,0.3,1.33333,0.8,0.8
1,0,1,0.65,0.433333,0.3,0.833333,0.5,0.8
1,0,1,0.2,0.133333,0.6,0.5,0.3,0.3
1,0,1,0.35,0.233333,0.6,0.666667,0.4,0.4
0,0,1,0,0,1,0.5,0.3,0.1
1,0,1,0.3,0.2,0.7,0.5,0.3,0.4
0,0,1,0.05,0.0333333,0.9,0.166667,0.1,0.2
1,0,1,0.4,0.266667,0.5,0.833333,0.5,0.4
0,0,1,0.35,0.233333,0.6,0.833333,0.5,0.4
1,0,1,1.1,0.733333,0.3,1.5,0.9,0.7
1,0,1,1.1,0.733333,0.3,1.66667,1,0.7
0,0,1,1.5,1,0.2,1.33333,0.8,0.9
1,0,1,0.35,0.233333,0.6,0.666667,0.4,0.4
1,0,1,1.05,0.7,0.3,1.66667,1,0.7
0,0,1,1.4,0.933333,0.3,1.5,0.9,0.8
0,0,1,0.5,0.333333,0.6,0.833333,0.5,0.5
0,0,1,0.05,0.0333333,0.9,0.666667,0.4,0.2
1,0,1,1.1,0.733333,0.2,1.66667,1,0.9
1,0,1,0.1,0.0666667,0.8,1,0.6,0.2
0,0,1,1.8,1.2,0.2,1.5,0.9,0.9
1,1,1,0.85,0.566667,0.4,1.16667,0.7,0.7
1,1,1,0.15,0.1,0.8,0.833333,0.5,0.3
1,1,1,0.2,0.133333,0.6,0.833333,0.5,0.4
0,1,1,0.15,0.1,0.8,0.833333,0.5,0.3
0,1,1,0.05,0.0333333,0.9,0.5,0.3,0.2
0,1,1,0.75,0.5,0.5,1,0.6,0.6
0,1,1,0.3,0.2,0.6,1,0.6,0.5
1,1,1,0.75,0.5,0.5,1,0.6,0.6
1,1,1,2.05,1.36667,0.1,1.66667,1,1
1,1,1,0.3,0.2,0.7,0.5,0.3,0.4
1,1,1,0.15,0.1,0.8,0.833333,0.5,0.3
0,1,1,1.05,0.7,0.4,1.16667,0.7,0.7
0,1,1,0.6,0.4,0.4,1,0.6,0.7
1,1,1,0.1,0.0666667,0.8,0.833333,0.5,0.3
1,1,1,0.3,0.2,0.5,1,0.6,0.6
1,1,1,0.6,0.4,0.2,0.833333,0.5,0.9
0,1,1,0,0,1,0.166667,0.1,0.1
1,1,1,0.25,0.166667,0.6,0.833333,0.5,0.3
1,1,1,0.45,0.3,0.5,1,0.6,0.4
1,1,1,0.75,0.5,0.2,1.16667,0.7,0.9
0,1,1,0.45,0.3,0.5,1.16667,0.7,0.6
0,1,1,0.05,0.0333333,0.9,0.166667,0.1,0.2
0,1,1,0.05,0.0333333,0.9,0,0,0.2
1,1,1,1.8,1.2,0.2,1.66667,1,0.9
0,1,1,0.1,0.0666667,0.8,0.666667,0.4,0.2
0,1,1,0.3,0.2,0.7,0.833333,0.5,0.4
0,1,1,0,0,1,0.333333,0.2,0.1
1,1,1,1.4,0.933333,0.3,1.5,0.9,0.8
0,1,1,0.3,0.2,0.7,0.833333,0.5,0.4
1,1,1,1.8,1.2,0.2,1.66667,1,0.9
1,1,1,0.1,0.0666667,0.8,0.833333,0.5,0.2
0,1,1,0.2,0.133333,0.7,0.333333,0.2,0.4
0,1,1,0.55,0.366667,0.5,0.833333,0.5,0.6
1,1,1,0.05,0.0333333,0.9,0.333333,0.2,0.2
0,1,1,0.15,0.1,0.7,0.5,0.3,0.2
0,1,1,1.8,1.2,0.2,1.5,0.9,0.9
1,1,1,0.3,0.2,0.5,1,0.6,0.4
0,1,1,0.1,0.0666667,0.8,0.5,0.3,0.3
1,1,1,0.05,0.0333333,0.9,0.5,0.3,0.2
1,1,1,0.15,0.1,0.7,0.666667,0.4,0.3
1,1,1,0.1,0.0666667,0.8,0.666667,0.4,0.2
0,1,1,0.35,0.233333,0.6,0.166667,0.1,0.5
1,1,1,0.55,0.366667,0.5,1.16667,0.7,0.6
0,1,1,0.2,0.133333,0.7,0.333333,0.2,0.4
0,1,1,0.1,0.0666667,0.8,0.833333,0.5,0.3
0,1,1,0.75,0.5,0.5,0.333333,0.2,0.6
0,1,1,0.05,0.0333333,0.9,0.666667,0.4,0.2
1,1,1,0.8,0.533333,0.3,0.833333,0.5,0.8
1,1,1,0.25,0.166667,0.6,1.16667,0.7,0.3
0,1,1,0.35,0.233333,0.6,0.333333,0.2,0.4
1,1,1,0.3,0.2,0.7,0.833333,0.5,0.4
1,1,1,1.2,0.8,0.3,1.5,0.9,0.8
1,1,1,1.1,0.733333,0.2,1.33333,0.8,0.9
1,1,1,0.35,0.233333,0.6,0.166667,0.1,0.5
0,1,1,0.15,0.1,0.7,0.833333,0.5,0.3
0,1,1,0.05,0.0333333,0.9,0.166667,0.1,0.2
1,1,1,2.25,1.5,0.1,1.66667,1,1
0,1,1,0.5,0.333333,0.6,1,0.6,0.5
0,1,1,0.9,0.6,0.4,1.16667,0.7,0.7
0,1,1,0.55,0.366667,0.4,0.833333,0.5,0.5
0,1,1,0,0,1,0.5,0.3,0.1
1,1,1,0.5,0.333333,0.6,0.333333,0.2,0.5
1,1,1,0.3,0.2,0.6,1.16667,0.7,0.3
1,1,1,0.5,0.333333,0.3,0.333333,0.2,0.8
1,1,1,0.65,0.433333,0.4,1,0.6,0.7
1,1,1,0.8,0.533333,0.4,1.33333,0.8,0.7
0,1,1,0.4,0.266667,0.5,1,0.6,0.4
1,1,1,1.05,0.7,0.4,1.33333,0.8,0.7
1,1,1,0.35,0.233333,0.6,1,0.6,0.5
0,1,1,0.1,0.0666667,0.8,0.833333,0.5,0.3
1,1,1,0.15,0.1,0.8,0.333333,0.2,0.3
1,1,1,0.55,0.366667,0.5,1.33333,0.8,0.6
1,1,1,0.75,0.5,0.5,1,0.6,0.6
1,1,1,0.3,0.2,0.7,0.666667,0.4,0.4
1,1,1,0.05,0.0333333,0.9,0.5,0.3,0.2
1,1,1,0.9,0.6,0.3,1,0.6,0.6
1,1,1,1.25,0.833333,0.1,1.5,0.9,1
0,1,1,0.1,0.0666667,0.8,0.666667,0.4,0.2
1,1,1,0.45,0.3,0.4,1,0.6,0.7
1,1,1,0.35,0.233333,0.6,1.5,0.9,0.5
0,2,1,0,0,1,0.166667,0.1,0.1
0,2,1,1.8,1.2,0.2,1.5,0.9,0.9
0,2,1,1.2,0.8,0.3,1.33333,0.8,0.8
0,2,1,0.5,0.333333,0.6,0.833333,0.5,0.5
0,2,1,0,0,1,0.166667,0.1,0.1
0,2,1,0.1,0.0666667,0.8,1,0.6,0.2
1,2,1,0,0,1,0.333333,0.2,0.1
1,2,1,2.25,1.5,0.1,1.66667,1,1
1,2,1,1.85,1.23333,0.1,1.66667,1,1
0,2,1,0.15,0.1,0.8,0.333333,0.2,0.3
0,2,1,0.05,0.0333333,0.9,0.5,0.3,0.2
0,2,1,0.75,0.5,0.5,1.16667,0.7,0.6
0,2,1,0.4,0.266667,0.4,0.5,0.3,0.4
1,2,1,0.4,0.266667,0.4,1.16667,0.7,0.5
1,2,1,0.2,0.133333,0.7,1,0.6,0.4
1,2,1,0.35,0.233333,0.6,0.5,0.3,0.4
0,2,1,0,0,1,0.333333,0.2,0.1
0,2,1,0.35,0.233333,0.6,1,0.6,0.4
0,2,1,0,0,1,0.166667,0.1,0.1
1,2,1,1,0.666667,0.2,1.66667,1,0.9
0,2,1,0.2,0.133333,0.7,0.833333,0.5,0.4
1,2,1,0.2,0.133333,0.7,1,0.6,0.3
1,2,1,0.1,0.0666667,0.8,0.833333,0.5,0.2
0,2,1,0.5,0.333333,0.6,1,0.6,0.5
0,2,1,0.05,0.0333333,0.9,0.5,0.3,0.2
0,2,1,1.05,0.7,0.4,1.16667,0.7,0.7
0,2,1,0.55,0.366667,0.5,1.16667,0.7,0.6
0,2,1,0.05,0.0333333,0.9,0.5,0.3,0.2
1,2,1,0.2,0.133333,0.7,1,0.6,0.3
1,2,1,0.35,0.233333,0.5,1,0.6,0.3
1,2,1,0.6,0.4,0.3,1.16667,0.7,0.5
0,2,1,0.2,0.133333,0.7,0.833333,0.5,0.3
0,2,1,0.05,0.0333333,0.9,0.666667,0.4,0.2
0,2,1,0.05,0.0333333,0.9,0.666667,0.4,0.2
1,2,1,0.25,0.166667,0.5,1,0.6,0.6
0,2,1,0,0,1,0.333333,0.2,0.1
1,2,1,0.75,0.5,0.5,1.16667,0.7,0.6
0,2,1,0.15,0.1,0.8,0.5,0.3,0.3
0,2,1,0.35,0.233333,0.6,0.833333,0.5,0.5
0,2,1,1.8,1.2,0.2,1.5,0.9,0.9
1,2,1,0.3,0.2,0.5,1,0.6,0.4
0,2,1,0.7,0.466667,0.3,0.666667,0.4,0.5
0,2,1,1.8,1.2,0.2,0.333333,0.2,0.9
1,2,1,0.55,0.366667,0.5,1.5,0.9,0.5
1,2,1,0.75,0.5,0.5,1,0.6,0.6
0,2,1,0.35,0.233333,0.6,0.5,0.3,0.5
1,2,1,1.05,0.7,0.4,1.33333,0.8,0.7
0,2,1,0.15,0.1,0.8,0.666667,0.4,0.3
1,2,1,0.25,0.166667,0.5,0.833333,0.5,0.3
0,2,1,0.75,0.5,0.3,0.666667,0.4,0.8
0,2,1,0.1,0.0666667,0.8,0.666667,0.4,0.2
1,2,1,0.05,0.0333333,0.9,0.666667,0.4,0.2
1,2,1,0.95,0.633333,0.4,1.33333,0.8,0.7
0,2,1,0.3,0.2,0.7,0.666667,0.4,0.4
1,2,1,0.35,0.233333,0.5,0.5,0.3,0.5
1,2,1,1.8,1.2,0.2,1.66667,1,0.9
0,2,1,0,0,1,0.333333,0.2,0.1
1,2,1,0.2,0.133333,0.6,0.833333,0.5,0.3
0,2,1,0,0,1,0.166667,0.1,0.1
0,2,1,0.6,0.4,0.5,1,0.6,0.6
1,2,1,0.2,0.133333,0.7,1,0.6,0.3
0,2,1,0.05,0.0333333,0.9,0.333333,0.2,0.2
1,2,1,0.15,0.1,0.8,0.666667,0.4,0.3
1,2,1,0.2,0.133333,0.7,0.833333,0.5,0.3
1,2,1,0.2,0.133333,0.6,0.833333,0.5,0.4
0,2,1,0.25,0.166667,0.7,0.833333,0.5,0.4
0,2,1,0.15,0.1,0.8,0.5,0.3,0.3
1,2,1,0.45,0.3,0.5,1,0.6,0.4
0,2,1,0,0,1,0.5,0.3,0.1
1,2,1,0.05,0.0333333,0.9,0.5,0.3,0.2
1,2,1,0.65,0.433333,0.3,0.5,0.3,0.8
0,2,1,0.2,0.133333,0.7,0.5,0.3,0.4
1,2,1,0.45,0.3,0.5,1.33333,0.8,0.5
1,2,1,1.1,0.733333,0.3,1.16667,0.7,0.7
0,2,1,0.5,0.333333,0.6,1,0.6,0.5
0,2,1,0.5,0.333333,0.6,0.833333,0.5,0.5
0,2,1,0.05,0.0333333,0.9,0.666667,0.4,0.2
0,2,1,0.05,0.0333333,0.9,0.666667,0.4,0.2
1,2,1,1.45,0.966667,0.2,1.66667,1,0.8
1,2,1,0,0,1,0.333333,0.2,0.1
0,3,1,0.2,0.133333,0.7,0.166667,0.1,0.3
0,3,1,0.25,0.166667,0.7,0.666667,0.4,0.4
0,3,1,0,0,1,0.333333,0.2,0.1
1,3,1,0.1,0.0666667,0.8,0.666667,0.4,0.2
0,3,1,0,0,1,0.333333,0.2,0.1
1,3,1,0.1,0.0666667,0.8,0.666667,0.4,0.2
1,3,1,0.15,0.1,0.7,0.833333,0.5,0.2
1,3,1,0.6,0.4,0.4,0.833333,0.5,0.4
1,3,1,0.1,0.0666667,0.8,0.666667,0.4,0.2
0,3,1,1,0.666667,0.3,1.33333,0.8,0.8
1,3,1,1.1,0.733333,0.1,1.66667,1,1
0,3,1,0.1,0.0666667,0.8,0.5,0.3,0.2
0,3,1,0.3,0.2,0.7,0.833333,0.5,0.4
1,3,1,0.2,0.133333,0.7,0.5,0.3,0.4
0,3,1,0.2,0.133333,0.7,1,0.6,0.3
1,3,1,0.8,0.533333,0.4,1.33333,0.8,0.7
0,3,1,0.45,0.3,0.5,0.833333,0.5,0.6
1,3,1,0.45,0.3,0.4,1.33333,0.8,0.7
1,3,1,0.35,0.233333,0.5,1,0.6,0.4
1,3,1,0.05,0.0333333,0.9,0.5,0.3,0.2
0,3,1,0.05,0.0333333,0.9,0.5,0.3,0.2
0,3,1,0.25,0.166667,0.6,0.833333,0.5,0.3
0,3,1,0.9,0.6,0.3,0.666667,0.4,0.6
1,3,1,0.15,0.1,0.7,0.666667,0.4,0.3
1,3,1,0.4,0.266667,0.5,1,0.6,0.5
1,3,1,0.05,0.0333333,0.9,0.166667,0.1,0.2
0,3,1,0.8,0.533333,0.4,1.16667,0.7,0.7
0,3,1,0.05,0.0333333,0.9,0.333333,0.2,0.2
0,3,1,1.05,0.7,0.3,1.33333,0.8,0.8
1,3,1,0.15,0.1,0.7,0.5,0.3,0.3
0,3,1,1.8,1.2,0.2,1.5,0.9,0.9
1,3,1,0.1,0.0666667,0.8,0.833333,0.5,0.2
1,3,1,0.65,0.433333,0.3,0.833333,0.5,0.7
0,3,1,0.2,0.133333,0.7,0.5,0.3,0.4
0,3,1,0.05,0.0333333,0.9,0.666667,0.4,0.2
1,3,1,0.15,0.1,0.8,0.833333,0.5,0.3
1,3,1,0,0,1,0.333333,0.2,0.1
1,3,1,0.15,0.1,0.7,0.166667,0.1,0.3
0,3,1,0.25,0.166667,0.6,0.666667,0.4,0.3
0,3,1,0.35,0.233333,0.6,1,0.6,0.4
0,3,1,0.25,0.166667,0.6,0.833333,0.5,0.4
1,3,1,0.8,0.533333,0.4,1.33333,0.8,0.7
0,3,1,0.75,0.5,0.5,1.16667,0.7,0.6
1,3,1,0.45,0.3,0.5,1.16667,0.7,0.6
0,3,1,0.3,0.2,0.7,0.833333,0.5,0.4
1,3,1,1.1,0.733333,0.3,0.5,0.3,0.7
0,3,1,1.4,0.933333,0.3,1.33333,0.8,0.8
1,3,1,0.55,0.366667,0.5,1.16667,0.7,0.6
0,3,1,0.35,0.233333,0.6,0.5,0.3,0.5
1,3,1,0.05,0.0333333,0.9,0.5,0.3,0.2
1,3,1,0.25,0.166667,0.6,0.833333,0.5,0.3
1,3,1,1.5,1,0.2,1.5,0.9,0.9
0,3,1,0.2,0.133333,0.7,0.5,0.3,0.3
1,3,1,0.85,0.566667,0.4,1.33333,0.8,0.7
0,3,1,0.05,0.0333333,0.9,0.5,0.3,0.2
0,3,1,0.15,0.1,0.7,0.333333,0.2,0.2
0,3,1,0.2,0.133333,0.7,0.833333,0.5,0.4
0,3,1,0.2,0.133333,0.7,0.5,0.3,0.3
0,3,1,0.25,0.166667,0.6,0.5,0.3,0.4
0,3,1,0.25,0.166667,0.6,1,0.6,0.4
0,3,1,0.15,0.1,0.7,0.833333,0.5,0.3
1,3,1,0.15,0.1,0.7,1,0.6,0.3
0,3,1,0.4,0.266667,0.5,1.16667,0.7,0.6
0,3,1,0.25,0.166667,0.6,0.833333,0.5,0.3
1,3,1,0,0,1,0.333333,0.2,0.1
1,3,1,0.05,0.0333333,0.9,0.333333,0.2,0.2
0,3,1,0.25,0.166667,0.7,0.666667,0.4,0.4
0,3,1,0.3,0.2,0.7,0.833333,0.5,0.4
1,3,1,0.2,0.133333,0.6,1,0.6,0.4
1,3,1,1.4,0.933333,0.3,1.5,0.9,0.8
1,3,1,0.55,0.366667,0.5,1.16667,0.7,0.6
1,3,1,0.1,0.0666667,0.8,0.5,0.3,0.2
0,3,1,0.1,0.0666667,0.8,0.666667,0.4,0.2
1,3,1,0.05,0.0333333,0.9,0.333333,0.2,0.2
0,3,1,0.3,0.2,0.5,1.16667,0.7,0.5
0,3,1,0,0,1,0.166667,0.1,0.1
1,3,1,0.2,0.133333,0.7,1,0.6,0.3
1,3,1,0.25,0.166667,0.6,0.833333,0.5,0.3
1,3,1,0.35,0.233333,0.6,0.833333,0.5,0.4
1,3,1,0.55,0.366667,0.5,1,0.6,0.6
0,4,1,0.55,0.366667,0.2,1,0.6,0.9
1,4,1,0.85,0.566667,0.1,1.16667,0.7,1
0,4,1,0.15,0.1,0.7,0.666667,0.4,0.3
0,4,1,0.2,0.133333,0.6,1.16667,0.7,0.3
0,4,1,0.55,0.366667,0.2,1.33333,0.8,0.8
0,4,1,0.15,0.1,0.7,0.833333,0.5,0.3
0,4,1,0.1,0.0666667,0.8,0.5,0.3,0.3
0,4,1,0.3,0.2,0.4,0.5,0.3,0.3
1,4,1,0.45,0.3,0.2,1.16667,0.7,0.9
1,4,1,0.3,0.2,0.4,0.666667,0.4,0.4
0,4,1,0.2,0.133333,0.6,0.833333,0.5,0.3
0,4,1,0.6,0.4,0.2,0.833333,0.5,0.9
1,4,1,0.45,0.3,0.2,1.16667,0.7,0.9
0,4,1,0.2,0.133333,0.6,0,0,0.4
1,4,1,1.25,0.833333,0.1,1.33333,0.8,1
0,4,1,0.2,0.133333,0.6,0.833333,0.5,0.5
0,4,1,0.25,0.166667,0.5,0.833333,0.5,0.6
0,4,1,0.15,0.1,0.7,0.833333,0.5,0.3
1,4,1,1.05,0.7,0.1,0.333333,0.2,1
1,4,1,0.4,0.266667,0.4,0.5,0.3,0.7
0,4,1,0,0,1,0.5,0.3,0.1
0,4,1,0.2,0.133333,0.6,0.333333,0.2,0.3
1,4,1,0.75,0.5,0.1,1.66667,1,1
1,4,1,0.5,0.333333,0.1,1,0.6,1
1,4,1,0.65,0.433333,0.1,0.833333,0.5,1
0,4,1,0,0,1,0.166667,0.1,0.1
0,4,1,0.4,0.266667,0.3,1,0.6,0.7
1,4,1,1.1,0.733333,0.1,1.33333,0.8,1
1,4,1,0.8,0.533333,0.1,1.16667,0.7,1
0,4,1,0.2,0.133333,0.6,1,0.6,0.3
1,4,1,0.65,0.433333,0.1,1.16667,0.7,1
1,4,1,0.45,0.3,0.2,0.833333,0.5,0.9
0,4,1,0.15,0.1,0.7,0.5,0.3,0.4
0,4,1,0,0,1,0.166667,0.1,0.1
0,4,1,0.55,0.366667,0.2,1.33333,0.8,0.9
1,4,1,0.4,0.266667,0.3,1,0.6,0.7
1,4,1,1,0.666667,0.1,1.5,0.9,1
1,4,1,0.2,0.133333,0.6,1.16667,0.7,0.5
0,4,1,0.15,0.1,0.7,1,0.6,0.4
1,4,1,0.35,0.233333,0.3,1.16667,0.7,0.8
0,4,1,0.15,0.1,0.7,0.666667,0.4,0.4
1,4,1,0.35,0.233333,0.4,1,0.6,0.7
1,4,1,1.25,0.833333,0.1,1.5,0.9,1
1,4,1,0.2,0.133333,0.6,0.666667,0.4,0.4
0,4,1,0.4,0.266667,0.3,1,0.6,0.8
0,4,1,0.2,0.133333,0.6,0.833333,0.5,0.3
0,4,1,0.1,0.0666667,0.8,0.666667,0.4,0.3
0,4,1,0,0,1,0.333333,0.2,0.1
1,4,1,0.35,0.233333,0.3,1,0.6,0.6
0,4,1,0.05,0.0333333,0.9,0.5,0.3,0.2
0,4,1,0.1,0.0666667,0.8,0.666667,0.4,0.2
1,4,1,1.3,0.866667,0.1,1.66667,1,1
0,4,1,0.7,0.466667,0.2,1.16667,0.7,0.8
0,4,1,0.05,0.0333333,0.9,0.5,0.3,0.2
0,4,1,0.3,0.2,0.4,1,0.6,0.4
1,4,1,1.45,0.966667,0.1,1.33333,0.8,1
1,4,1,0.75,0.5,0.1,1.16667,0.7,1
0,4,1,0.05,0.0333333,0.9,0.666667,0.4,0.2
0,4,1,0.2,0.133333,0.6,0.666667,0.4,0.3
0,4,1,0.25,0.166667,0.5,1,0.6,0.3
0,4,1,0.1,0.0666667,0.8,0.666667,0.4,0.2
1,4,1,1.05,0.7,0.1,1.5,0.9,1
1,4,1,0.75,0.5,0.1,1.16667,0.7,1
1,4,1,1.4,0.933333,0.1,1.5,0.9,1
0,4,1,0.15,0.1,0.7,0.666667,0.4,0.3
0,4,1,0.05,0.0333333,0.9,0.5,0.3,0.2
0,4,1,0.4,0.266667,0.4,0.666667,0.4,0.6
0,4,1,0.1,0.0666667,0.8,0.833333,0.5,0.3
0,4,1,0.05,0.0333333,0.9,0.666667,0.4,0.2
0,4,1,0,0,1,0.166667,0.1,0.1
0,4,1,0.1,0.0666667,0.8,0.666667,0.4,0.2
1,4,1,0.5,0.333333,0.2,1.16667,0.7,0.9
0,4,1,0,0,1,0.333333,0.2,0.1
1,4,1,0.4,0.266667,0.2,0.833333,0.5,0.9
0,4,1,0.1,0.0666667,0.8,0.833333,0.5,0.2
0,4,1,0.45,0.3,0.2,0.833333,0.5,0.9
0,4,1,0.3,0.2,0.4,0.5,0.3,0.3
1,4,1,1.05,0.7,0.1,1.16667,0.7,1
0,4,1,0.2,0.133333,0.6,0.5,0.3,0.4
0,4,1,0.3,0.2,0.4,0.333333,0.2,0.7
1,5,1,0.9,0.6,0.1,1.5,0.9,1
1,5,1,0.45,0.3,0.1,1,0.6,1
0,5,1,0.1,0.0666667,0.8,0.666667,0.4,0.2
0,5,1,0,0,1,0.333333,0.2,0.1
1,5,1,1.8,1.2,0.1,1.66667,1,1
0,5,1,0,0,1,0.166667,0.1,0.1
0,5,1,0.35,0.233333,0.3,1,0.6,0.6
0,5,1,0.75,0.5,0.2,1.16667,0.7,0.8
1,5,1,0.7,0.466667,0.1,1.16667,0.7,1
0,5,1,0.15,0.1,0.7,0.166667,0.1,0.3
0,5,1,0.3,0.2,0.6,1,0.6,0.5
0,5,1,0.05,0.0333333,0.9,0.5,0.3,0.2
0,5,1,0.05,0.0333333,0.9,0.333333,0.2,0.2
0,5,1,0,0,1,0.166667,0.1,0.1
0,5,1,0,0,1,0.333333,0.2,0.1
0,5,1,0.2,0.133333,0.6,0.5,0.3,0.3
1,5,1,1.2,0.8,0.1,1.33333,0.8,1
1,5,1,1.15,0.766667,0.1,1.66667,1,1
0,5,1,0.05,0.0333333,0.9,0.5,0.3,0.2
1,5,1,0.5,0.333333,0.2,0.833333,0.5,0.9
0,5,1,0,0,1,0.333333,0.2,0.1
1,5,1,0.5,0.333333,0.2,1.16667,0.7,0.9
0,5,1,0.1,0.0666667,0.8,1,0.6,0.3
1,5,1,2.25,1.5,0.1,1.33333,0.8,1
0,5,1,0.15,0.1,0.7,0.5,0.3,0.3
1,5,1,1.5,1,0.1,1.5,0.9,1
0,5,1,0.4,0.266667,0.4,1.16667,0.7,0.7
1,5,1,1.05,0.7,0.1,1.16667,0.7,1
0,5,1,0.15,0.1,0.7,0.5,0.3,0.3
1,5,1,0.25,0.166667,0.5,0.833333,0.5,0.6
1,5,1,1.8,1.2,0.1,1.5,0.9,1
1,5,1,0.6,0.4,0.1,1,0.6,1
0,5,1,0.2,0.133333,0.6,0.333333,0.2,0.2
0,5,1,0.2,0.133333,0.6,0.5,0.3,0.4
1,5,1,1.3,0.866667,0.1,1.33333,0.8,1
1,5,1,1.15,0.766667,0.1,1.66667,1,1
1,5,1,0.75,0.5,0.1,1.16667,0.7,1
0,5,1,0.05,0.0333333,0.9,0.5,0.3,0.2
0,5,1,0,0,1,0.5,0.3,0.1
0,5,1,0.05,0.0333333,0.9,0.333333,0.2,0.2
0,5,1,0.5,0.333333,0.2,1,0.6,0.6
1,5,1,0.8,0.533333,0.1,1.33333,0.8,1
0,5,1,0.1,0.0666667,0.8,0.5,0.3,0.2
0,5,1,0.05,0.0333333,0.9,0.666667,0.4,0.2
0,5,1,0.2,0.133333,0.6,0.833333,0.5,0.3
0,5,1,0.2,0.133333,0.6,1,0.6,0.4
0,5,1,0.1,0.0666667,0.8,0.333333,0.2,0.2
1,5,1,0.35,0.233333,0.3,1,0.6,0.8
1,5,1,0.65,0.433333,0.1,1.16667,0.7,1
0,5,1,0.15,0.1,0.7,0.666667,0.4,0.4
0,5,1,0.1,0.0666667,0.8,0.833333,0.5,0.2
1,5,1,1.8,1.2,0.1,1.66667,1,1
0,5,1,0,0,1,0.333333,0.2,0.1
0,5,1,0.35,0.233333,0.4,0.666667,0.4,0.4
0,5,1,0.15,0.1,0.7,0.666667,0.4,0.3
1,5,1,0.4,0.266667,0.2,0.833333,0.5,0.6
0,5,1,0.2,0.133333,0.6,0.666667,0.4,0.4
0,5,1,0.1,0.0666667,0.8,0.166667,0.1,0.3
1,5,1,1.05,0.7,0.1,1.5,0.9,1
1,5,1,1.35,0.9,0.1,1.5,0.9,1
0,5,1,0.1,0.0666667,0.8,0.5,0.3,0.2
1,5,1,1.8,1.2,0.1,1.5,0.9,1
0,5,1,0.1,0.0666667,0.8,0,0,0.3
1,5,1,0.55,0.366667,0.2,1,0.6,0.9
0,5,1,0.05,0.0333333,0.9,0.833333,0.5,0.2
0,5,1,0.2,0.133333,0.6,0.666667,0.4,0.5
0,5,1,0,0,1,0.166667,0.1,0.1
1,5,1,2.25,1.5,0.1,1.66667,1,1
0,5,1,0.25,0.166667,0.5,0.833333,0.5,0.4
1,5,1,0.35,0.233333,0.3,0.833333,0.5,0.5
0,5,1,0,0,1,0.333333,0.2,0.1
0,5,1,0,0,1,0.166667,0.1,0.1
0,5,1,0.35,0.233333,0.4,0.5,0.3,0.5
1,5,1,0.45,0.3,0.1,1,0.6,1
1,5,1,0.55,0.366667,0.1,0.666667,0.4,1
0,5,1,0.15,0.1,0.7,0.666667,0.4,0.2
0,5,1,0.15,0.1,0.7,0.5,0.3,0.4
0,5,1,0.15,0.1,0.7,1,0.6,0.3
1,5,1,0.3,0.2,0.4,0.833333,0.5,0.7
0,5,1,0.05,0.0333333,0.9,0.5,0.3,0.2
1,6,1,0.7,0.466667,0.1,1.33333,0.8,1
0,6,1,0.1,0.0666667,0.8,0.833333,0.5,0.2
1,6,1,0.5,0.333333,0.1,1.16667,0.7,1
0,6,1,0.35,0.233333,0.4,1.33333,0.8,0.5
0,6,1,0.2,0.133333,0.6,1,0.6,0.5
0,6,1,0.05,0.0333333,0.9,0.333333,0.2,0.2
0,6,1,0,0,1,0.5,0.3,0.1
0,6,1,0.65,0.433333,0.2,1,0.6,0.9
0,6,1,0.1,0.0666667,0.8,0.333333,0.2,0.2
1,6,1,1.25,0.833333,0.1,1.33333,0.8,1
1,6,1,2.25,1.5,0.1,1.66667,1,1
1,6,1,0.65,0.433333,0.2,1.16667,0.7,0.9
1,6,1,0.2,0.133333,0.6,0.833333,0.5,0.5
1,6,1,0.55,0.366667,0.1,0.333333,0.2,1
1,6,1,0.75,0.5,0.2,1,0.6,0.9
0,6,1,0,0,1,0.333333,0.2,0.1
0,6,1,0,0,1,0.166667,0.1,0.1
1,6,1,1.2,0.8,0.1,1.33333,0.8,1
0,6,1,0.1,0.0666667,0.8,0.666667,0.4,0.2
0,6,1,0.05,0.0333333,0.9,0.5,0.3,0.2
0,6,1,0.05,0.0333333,0.9,0.666667,0.4,0.2
0,6,1,0.1,0.0666667,0.8,0.666667,0.4,0.2
0,6,1,0.25,0.166667,0.5,0.5,0.3,0.5
0,6,1,0.25,0.166667,0.5,0.666667,0.4,0.4
0,6,1,0.25,0.166667,0.5,0.833333,0.5,0.4
1,6,1,2.25,1.5,0.1,1.66667,1,1
0,6,1,0.15,0.1,0.7,0.833333,0.5,0.3
1,6,1,0.5,0.333333,0.1,1,0.6,1
1,6,1,1.4,0.933333,0.1,1.33333,0.8,1
1,6,1,0.55,0.366667,0.3,1,0.6,0.8
0,6,1,0.1,0.0666667,0.8,0.5,0.3,0.2
0,6,1,0.15,0.1,0.7,0.5,0.3,0.4
0,6,1,0.65,0.433333,0.2,1.16667,0.7,0.9
0,6,1,0.3,0.2,0.4,0.333333,0.2,0.6
0,6,1,0.15,0.1,0.7,0.5,0.3,0.4
0,6,1,0.1,0.0666667,0.8,0.5,0.3,0.2
0,6,1,0,0,1,0.333333,0.2,0.1
0,6,1,0.05,0.0333333,0.9,0.666667,0.4,0.2
0,6,1,0.1,0.0666667,0.8,0.333333,0.2,0.3
0,6,1,0.45,0.3,0.2,1,0.6,0.8
1,6,1,0.4,0.266667,0.3,1.16667,0.7,0.8
1,6,1,1.1,0.733333,0.1,1.66667,1,1
1,6,1,1.45,0.966667,0.1,1.5,0.9,1
0,6,1,0.1,0.0666667,0.8,0.333333,0.2,0.3
1,6,1,0.2,0.133333,0.6,0.833333,0.5,0.5
0,6,1,0,0,1,0.333333,0.2,0.1
0,6,1,0,0,1,0.166667,0.1,0.1
0,6,1,0.05,0.0333333,0.9,0.333333,0.2,0.2
0,6,1,0.1,0.0666667,0.8,0.5,0.3,0.2
0,6,1,0.1,0.0666667,0.8,0.666667,0.4,0.3
0,6,1,0.1,0.0666667,0.8,0.5,0.3,0.2
0,6,1,0.3,0.2,0.5,0.833333,0.5,0.6
1,6,1,0.5,0.333333,0.1,1.16667,0.7,1
1,6,1,0.4,0.266667,0.2,1,0.6,0.9
1,6,1,1.2,0.8,0.1,1.5,0.9,1
0,6,1,0.25,0.166667,0.5,0.666667,0.4,0.5
1,6,1,0.8,0.533333,0.1,1.5,0.9,1
0,6,1,0.25,0.166667,0.5,1,0.6,0.4
1,6,1,0.55,0.366667,0.2,1.33333,0.8,0.9
0,6,1,0.15,0.1,0.7,0.666667,0.4,0.3
1,6,1,0.85,0.566667,0.1,1.16667,0.7,1
0,6,1,0.15,0.1,0.7,0.666667,0.4,0.3
0,6,1,0,0,1,0.166667,0.1,0.1
1,6,1,1.4,0.933333,0.1,1.66667,1,1
0,6,1,0.1,0.0666667,0.8,0.333333,0.2,0.3
0,6,1,0.05,0.0333333,0.9,0.5,0.3,0.2
1,6,1,1.35,0.9,0.1,1.5,0.9,1
1,6,1,0.3,0.2,0.4,0.833333,0.5,0.4
0,6,1,0.1,0.0666667,0.8,0.333333,0.2,0.3
0,6,1,0.05,0.0333333,0.9,0.333333,0.2,0.2
0,6,1,0.35,0.233333,0.3,1.16667,0.7,0.6
0,6,1,0.05,0.0333333,0.9,0.5,0.3,0.2
0,6,1,0.15,0.1,0.7,0.5,0.3,0.2
0,6,1,0,0,1,0.166667,0.1,0.1
0,6,1,0,0,1,0.5,0.3,0.1
1,6,1,0.8,0.533333,0.1,1.33333,0.8,1
0,6,1,0.5,0.333333,0.3,0.333333,0.2,0.8
1,6,1,0.8,0.533333,0.1,1.5,0.9,1
1,6,1,0.8,0.533333,0.1,1.16667,0.7,1
0,6,1,0.1,0.0666667,0.8,0.5,0.3,0.2
1,7,1,1.4,0.933333,0.1,1.33333,0.8,1
1,7,1,0.85,0.566667,0.1,1.33333,0.8,1
1,7,1,1.1,0.733333,0.1,1.5,0.9,1
1,7,1,1.8,1.2,0.1,1.5,0.9,1
0,7,1,0.1,0.0666667,0.8,0.666667,0.4,0.3
1,7,1,0.55,0.366667,0.2,1.16667,0.7,0.9
0,7,1,0.1,0.0666667,0.8,0.666667,0.4,0.3
0,7,1,0,0,1,0.5,0.3,0.1
0,7,1,0.15,0.1,0.7,0.833333,0.5,0.4
0,7,1,0.1,0.0666667,0.8,0.833333,0.5,0.3
1,7,1,1.3,0.866667,0.1,1.5,0.9,1
1,7,1,0.75,0.5,0.1,1.16667,0.7,1
1,7,1,0.75,0.5,0.1,1,0.6,1
1,7,1,0.9,0.6,0.1,1,0.6,1
0,7,1,0.25,0.166667,0.5,0.333333,0.2,0.4
1,7,1,1.4,0.933333,0.1,1.33333,0.8,1
1,7,1,1.9,1.26667,0.1,1.66667,1,1
0,7,1,0,0,1,0.166667,0.1,0.1
0,7,1,0.05,0.0333333,0.9,0.5,0.3,0.2
1,7,1,1.05,0.7,0.1,1.66667,1,1
0,7,1,0.25,0.166667,0.5,0.833333,0.5,0.5
0,7,1,0,0,1,0.166667,0.1,0.1
0,7,1,0.25,0.166667,0.5,0.666667,0.4,0.5
1,7,1,1.05,0.7,0.1,1.16667,0.7,1
0,7,1,0.1,0.0666667,0.8,0.333333,0.2,0.3
0,7,1,0.3,0.2,0.4,0.666667,0.4,0.6
1,7,1,0.65,0.433333,0.1,1.16667,0.7,1
0,7,1,1.05,0.7,0.2,1.16667,0.7,0.9
1,7,1,0.5,0.333333,0.1,0.833333,0.5,1
1,7,1,1.9,1.26667,0.1,1.66667,1,1
0,7,1,0.05,0.0333333,0.9,0.166667,0.1,0.2
0,7,1,0.2,0.133333,0.6,1,0.6,0.3
0,7,1,0.25,0.166667,0.5,1.33333,0.8,0.5
0,7,1,0.1,0.0666667,0.8,0.5,0.3,0.2
1,7,1,0.75,0.5,0.1,1.16667,0.7,1
0,7,1,0.15,0.1,0.7,0.333333,0.2,0.3
0,7,1,0.15,0.1,0.7,0.333333,0.2,0.3
0,7,1,0,0,1,0.333333,0.2,0.1
1,7,1,0.95,0.633333,0.1,1,0.6,1
0,7,1,0.05,0.0333333,0.9,0.5,0.3,0.2
1,7,1,0.2,0.133333,0.6,0.833333,0.5,0.5
1,7,1,0.5,0.333333,0.2,0.333333,0.2,0.9
0,7,1,0.55,0.366667,0.2,1.16667,0.7,0.9
0,7,1,0.05,0.0333333,0.9,0.333333,0.2,0.2
1,7,1,0.5,0.333333,0.2,1,0.6,0.9
1,7,1,0.4,0.266667,0.2,0.833333,0.5,0.9
1,7,1,0.2,0.133333,0.6,0.833333,0.5,0.3
0,7,1,0,0,1,0.166667,0.1,0.1
0,7,1,0.2,0.133333,0.6,0.833333,0.5,0.5
1,7,1,1.8,1.2,0.1,1.66667,1,1
0,7,1,0,0,1,0.333333,0.2,0.1
1,7,1,0.75,0.5,0.1,1.16667,0.7,1
1,7,1,1.1,0.733333,0.1,1.33333,0.8,1
0,7,1,0.2,0.133333,0.6,0.666667,0.4,0.3
1,7,1,1.2,0.8,0.1,0.5,0.3,1
1,7,1,0.5,0.333333,0.1,1.16667,0.7,1
0,7,1,0.2,0.133333,0.6,1,0.6,0.5
0,7,1,0.15,0.1,0.7,0.666667,0.4,0.3
0,7,1,0,0,1,0.166667,0.1,0.1
1,7,1,0.35,0.233333,0.3,1,0.6,0.5
1,7,1,0.6,0.4,0.1,1.16667,0.7,1
0,7,1,0.05,0.0333333,0.9,0.5,0.3,0.2
0,7,1,0.1,0.0666667,0.8,0.5,0.3,0.2
1,7,1,1.05,0.7,0.1,1.33333,0.8,1
0,7,1,0.1,0.0666667,0.8,0.5,0.3,0.2
0,7,1,0,0,1,0.333333,0.2,0.1
0,7,1,0.45,0.3,0.3,1,0.6,0.7
0,7,1,0,0,1,0.333333,0.2,0.1
0,7,1,0.1,0.0666667,0.8,0.833333,0.5,0.2
0,7,1,0.25,0.166667,0.5,0.5,0.3,0.4
0,7,1,0.35,0.233333,0.3,0.833333,0.5,0.7
0,7,1,0,0,1,0.333333,0.2,0.1
0,7,1,0,0,1,0.333333,0.2,0.1
1,7,1,0.35,0.233333,0.4,0.666667,0.4,0.7
1,7,1,0.3,0.2,0.5,0.666667,0.4,0.4
0,7,1,0.05,0.0333333,0.9,0.666667,0.4,0.2
0,7,1,0.35,0.233333,0.3,1,0.6,0.5
0,7,1,0.05,0.0333333,0.9,0.333333,0.2,0.2
0,7,1,0,0,1,0.333333,0.2,0.1
0,7,1,0.15,0.1,0.7,0,0,0.4
0,8,1,0.25,0.166667,0.5,0.666667,0.4,0.5
1,8,1,0.1,0.0666667,0.8,0.5,0.3,0.3
0,8,1,0.2,0.133333,0.6,0.833333,0.5,0.3
0,8,1,0.3,0.2,0.4,0.833333,0.5,0.5
1,8,1,1.1,0.733333,0.1,1.5,0.9,1
0,8,1,0.05,0.0333333,0.9,0.333333,0.2,0.2
0,8,1,0,0,1,0.333333,0.2,0.1
0,8,1,0.15,0.1,0.7,1.16667,0.7,0.3
1,8,1,0.8,0.533333,0.1,1.33333,0.8,1
0,8,1,0.05,0.0333333,0.9,0.5,0.3,0.2
0,8,1,0.05,0.0333333,0.9,0.166667,0.1,0.2
0,8,1,0.15,0.1,0.7,0.5,0.3,0.3
1,8,1,1.05,0.7,0.1,1.5,0.9,1
0,8,1,0.15,0.1,0.7,0.666667,0.4,0.4
1,8,1,1.05,0.7,0.1,1.16667,0.7,1
0,8,1,0.05,0.0333333,0.9,0.333333,0.2,0.2
0,8,1,0.05,0.0333333,0.9,0.5,0.3,0.2
1,8,1,0.3,0.2,0.4,1,0.6,0.6
1,8,1,1.1,0.733333,0.1,1.33333,0.8,1
0,8,1,0,0,1,0.166667,0.1,0.1
1,8,1,0.8,0.533333,0.1,1.33333,0.8,1
1,8,1,1,0.666667,0.1,1.33333,0.8,1
0,8,1,0.05,0.0333333,0.9,0.5,0.3,0.2
0,8,1,0.15,0.1,0.7,0.5,0.3,0.4
0,8,1,0,0,1,0.166667,0.1,0.1
0,8,1,0.05,0.0333333,0.9,0,0,0.2
0,8,1,0.3,0.2,0.5,0.833333,0.5,0.5
0,8,1,0.4,0.266667,0.3,1.16667,0.7,0.8
1,8,1,0.15,0.1,0.7,1,0.6,0.4
1,8,1,0.55,0.366667,0.1,0.5,0.3,1
0,8,1,0.15,0.1,0.7,0.666667,0.4,0.3
0,8,1,0.4,0.266667,0.3,0.833333,0.5,0.7
0,8,1,0.15,0.1,0.7,1,0.6,0.2
0,8,1,0.2,0.133333,0.6,0.666667,0.4,0.4
1,8,1,0.95,0.633333,0.1,1.16667,0.7,1
1,8,1,0.7,0.466667,0.1,1.16667,0.7,1
0,8,1,0.05,0.0333333,0.9,0.833333,0.5,0.2
1,8,1,1.15,0.766667,0.1,1.33333,0.8,1
1,8,1,0.6,0.4,0.1,1.33333,0.8,1
0,8,1,0.15,0.1,0.7,0.666667,0.4,0.3
0,8,1,0.05,0.0333333,0.9,0.333333,0.2,0.2
1,8,1,1.4,0.933333,0.1,1.33333,0.8,1
1,8,1,1.8,1.2,0.1,1.66667,1,1
1,8,1,0.55,0.366667,0.1,0.833333,0.5,1
1,8,1,0.5,0.333333,0.1,1.33333,0.8,1
0,8,1,0.45,0.3,0.3,0.833333,0.5,0.8
0,8,1,0.1,0.0666667,0.8,0.833333,0.5,0.2
1,8,1,1.8,1.2,0.1,1.66667,1,1
0,8,1,0.1,0.0666667,0.8,0.666667,0.4,0.2
0,8,1,0,0,1,0.333333,0.2,0.1
0,8,1,0.05,0.0333333,0.9,0.833333,0.5,0.2
0,8,1,0.15,0.1,0.7,0.5,0.3,0.3
1,8,1,1.8,1.2,0.1,1.5,0.9,1
1,8,1,0.5,0.333333,0.2,1,0.6,0.8
0,8,1,0,0,1,0.166667,0.1,0.1
0,8,1,0.3,0.2,0.4,1.33333,0.8,0.7
1,8,1,0.5,0.333333,0.3,1.16667,0.7,0.8
1,8,1,0.85,0.566667,0.1,1.66667,1,1
1,8,1,1.05,0.7,0.1,1.33333,0.8,1
0,8,1,0.15,0.1,0.7,0.666667,0.4,0.3
0,8,1,0.15,0.1,0.7,0.833333,0.5,0.3
0,8,1,0.4,0.266667,0.3,1.16667,0.7,0.7
0,8,1,0.05,0.0333333,0.9,0.5,0.3,0.2
1,8,1,0.65,0.433333,0.1,1,0.6,1
0,8,1,0,0,1,0.166667,0.1,0.1
1,8,1,1.15,0.766667,0.1,1.33333,0.8,1
0,8,1,0.1,0.0666667,0.8,0.333333,0.2,0.3
0,8,1,0.15,0.1,0.7,0.833333,0.5,0.3
0,8,1,0.25,0.166667,0.5,0.833333,0.5,0.4
0,8,1,0.05,0.0333333,0.9,0.833333,0.5,0.2
1,8,1,0.5,0.333333,0.3,1,0.6,0.8
1,8,1,0.5,0.333333,0.2,1,0.6,0.9
0,8,1,0.05,0.0333333,0.9,0.666667,0.4,0.2
0,8,1,0.2,0.133333,0.6,1.16667,0.7,0.5
0,8,1,0.05,0.0333333,0.9,0.5,0.3,0.2
1,8,1,0.35,0.233333,0.3,0.833333,0.5,0.7
0,8,1,0.15,0.1,0.7,0.833333,0.5,0.3
0,8,1,0.4,0.266667,0.2,0.833333,0.5,0.7
0,8,1,0.35,0.233333,0.4,1,0.6,0.7
1,8,1,0.8,0.533333,0.1,1.33333,0.8,1
0,9,1,0.55,0.366667,0.2,0.833333,0.5,0.8
0,9,1,0.05,0.0333333,0.9,0.5,0.3,0.2
0,9,1,0.2,0.133333,0.6,0.666667,0.4,0.5
0,9,1,0,0,1,0.333333,0.2,0.1
0,9,1,0,0,1,0.333333,0.2,0.1
0,9,1,0,0,1,0.5,0.3,0.1
1,9,1,0.4,0.266667,0.3,1,0.6,0.8
0,9,1,0.3,0.2,0.6,1.16667,0.7,0.5
0,9,1,0.3,0.2,0.5,0.833333,0.5,0.5
0,9,1,0.05,0.0333333,0.9,0.5,0.3,0.2
0,9,1,0.3,0.2,0.5,1,0.6,0.5
0,9,1,0.25,0.166667,0.5,0.833333,0.5,0.4
0,9,1,0.1,0.0666667,0.8,0.666667,0.4,0.3
1,9,1,0.75,0.5,0.1,1.33333,0.8,1
1,9,1,0.55,0.366667,0.2,0.666667,0.4,0.9
1,9,1,0.5,0.333333,0.1,1.16667,0.7,1
1,9,1,0.65,0.433333,0.1,0.833333,0.5,1
0,9,1,0.05,0.0333333,0.9,0.5,0.3,0.2
0,9,1,0.2,0.133333,0.6,0.5,0.3,0.4
0,9,1,0.2,0.133333,0.6,1,0.6,0.4
0,9,1,0.05,0.0333333,0.9,0.5,0.3,0.2
0,9,1,0.4,0.266667,0.3,1,0.6,0.8
0,9,1,0.2,0.133333,0.6,0.5,0.3,0.4
0,9,1,0.1,0.0666667,0.8,0.666667,0.4,0.3
1,9,1,0.8,0.533333,0.1,1,0.6,1
0,9,1,0.35,0.233333,0.3,0.666667,0.4,0.8
1,9,1,0.95,0.633333,0.1,1.33333,0.8,1
0,9,1,0.1,0.0666667,0.8,0.666667,0.4,0.2
1,9,1,1.8,1.2,0.1,1.5,0.9,1
1,9,1,0.55,0.366667,0.2,1,0.6,0.9
1,9,1,0.85,0.566667,0.1,0.5,0.3,1
1,9,1,0.15,0.1,0.7,0.833333,0.5,0.4
0,9,1,0.05,0.0333333,0.9,0.333333,0.2,0.2
0,9,1,0.75,0.5,0.2,1.16667,0.7,0.9
1,9,1,0.2,0.133333,0.6,0.5,0.3,0.3
0,9,1,0.25,0.166667,0.5,0.5,0.3,0.3
0,9,1,0.1,0.0666667,0.8,0.333333,0.2,0.2
0,9,1,0.05,0.0333333,0.9,0.666667,0.4,0.2
1,9,1,0.15,0.1,0.7,0.833333,0.5,0.3
1,9,1,0.5,0.333333,0.2,1.16667,0.7,0.9
0,9,1,0,0,1,0.333333,0.2,0.1
0,9,1,0.05,0.0333333,0.9,0.666667,0.4,0.2
0,9,1,0.2,0.133333,0.6,0.833333,0.5,0.3
0,9,1,0.15,0.1,0.7,0.5,0.3,0.3
1,9,1,0.65,0.433333,0.1,1.5,0.9,1
0,9,1,0.35,0.233333,0.4,1.16667,0.7,0.5
0,9,1,0.4,0.266667,0.3,0.666667,0.4,0.6
1,9,1,0.95,0.633333,0.1,1.5,0.9,1
0,9,1,0.25,0.166667,0.5,0.666667,0.4,0.3
1,9,1,0.05,0.0333333,0.9,0.5,0.3,0.2
0,9,1,0.05,0.0333333,0.9,0.5,0.3,0.2
0,9,1,0.1,0.0666667,0.8,0.666667,0.4,0.2
0,9,1,0,0,1,0.166667,0.1,0.1
0,9,1,0,0,1,0.5,0.3,0.1
1,9,1,0.8,0.533333,0.1,1.16667,0.7,1
0,9,1,0.1,0.0666667,0.8,0.666667,0.4,0.2
0,9,1,0.15,0.1,0.7,0.666667,0.4,0.3
0,9,1,0.25,0.166667,0.6,1,0.6,0.5
0,9,1,0.15,0.1,0.7,0.666667,0.4,0.4
1,9,1,1.05,0.7,0.1,1.66667,1,1
0,9,1,0.05,0.0333333,0.9,0.333333,0.2,0.2
1,9,1,0.4,0.266667,0.3,1.16667,0.7,0.7
1,9,1,1.4,0.933333,0.1,1.33333,0.8,1
0,9,1,0.35,0.233333,0.4,1,0.6,0.5
1,9,1,0.6,0.4,0.2,1.16667,0.7,0.9
0,9,1,0.2,0.133333,0.6,1,0.6,0.3
0,9,1,0.1,0.0666667,0.8,0.5,0.3,0.2
0,9,1,0.15,0.1,0.7,0.5,0.3,0.3
0,9,1,0.2,0.133333,0.6,1,0.6,0.3
0,9,1,0.05,0.0333333,0.9,0.666667,0.4,0.2
0,9,1,0.5,0.333333,0.3,1.33333,0.8,0.8
0,9,1,0.05,0.0333333,0.9,0.5,0.3,0.2
0,9,1,0.05,0.0333333,0.9,0.333333,0.2,0.2
1,9,1,0.5,0.333333,0.2,1,0.6,0.9
1,9,1,0.7,0.466667,0.1,1.16667,0.7,1
0,9,1,0.1,0.0666667,0.8,0.833333,0.5,0.2
0,9,1,0,0,1,0.166667,0.1,0.1
0,9,1,0.3,0.2,0.5,0.666667,0.4,0.4
0,9,1,0.25,0.166667,0.5,0.666667,0.4,0.5
1,9,1,0.5,0.333333,0.2,1,0.6,0.8
1,10,1,1.1,0.733333,0.1,1.66667,1,1
1,10,1,0.05,0.0333333,0.9,0.166667,0.1,0.2
1,10,1,1.05,0.7,0.1,1.5,0.9,1
0,10,1,0,0,1,0.5,0.3,0.1
1,10,1,0.15,0.1,0.7,0.666667,0.4,0.3
0,10,1,0.25,0.166667,0.5,0.666667,0.4,0.3
1,10,1,0.55,0.366667,0.2,1,0.6,0.9
1,10,1,0.75,0.5,0.1,1.16667,0.7,1
1,10,1,0.8,0.533333,0.1,1.16667,0.7,1
0,10,1,0.15,0.1,0.7,0.666667,0.4,0.2
0,10,1,0.5,0.333333,0.2,1.16667,0.7,0.9
1,10,1,0.8,0.533333,0.1,1,0.6,1
1,10,1,0.55,0.366667,0.3,1,0.6,0.8
1,10,1,0.4,0.266667,0.2,1,0.6,0.9
1,10,1,0.5,0.333333,0.1,0,0,1
0,10,1,0.15,0.1,0.7,0.5,0.3,0.3
0,10,1,0,0,1,0.333333,0.2,0.1
0,10,1,0.5,0.333333,0.2,1,0.6,0.9
0,10,1,0.05,0.0333333,0.9,0.5,0.3,0.2
0,10,1,0.1,0.0666667,0.8,0,0,0.3
0,10,1,0,0,1,0.166667,0.1,0.1
1,10,1,1.4,0.933333,0.1,1.33333,0.8,1
1,10,1,0.35,0.233333,0.4,0.833333,0.5,0.7
1,10,1,0.05,0.0333333,0.9,0.166667,0.1,0.2
0,10,1,0,0,1,0.166667,0.1,0.1
0,10,1,0.4,0.266667,0.3,1,0.6,0.7
0,10,1,0.15,0.1,0.7,0.833333,0.5,0.3
1,10,1,0.15,0.1,0.7,0.5,0.3,0.3
0,10,1,0,0,1,0.333333,0.2,0.1
1,10,1,0.75,0.5,0.1,1.16667,0.7,1
1,10,1,0.8,0.533333,0.1,1.5,0.9,1
1,10,1,0.45,0.3,0.1,1.33333,0.8,1
1,10,1,0.45,0.3,0.2,1,0.6,0.9
1,10,1,1.8,1.2,0.1,1.66667,1,1
0,10,1,0.4,0.266667,0.4,1.16667,0.7,0.7
0,10,1,0.2,0.133333,0.6,0.5,0.3,0.5
0,10,1,0.25,0.166667,0.6,0.666667,0.4,0.3
0,10,1,0,0,1,0.5,0.3,0.1
1,10,1,0.95,0.633333,0.1,1.66667,1,1
0,10,1,0.55,0.366667,0.2,1,0.6,0.8
1,10,1,0.6,0.4,0.1,1,0.6,1
0,10,1,0.05,0.0333333,0.9,0.5,0.3,0.2
1,10,1,1.45,0.966667,0.1,1.5,0.9,1
0,10,1,0.05,0.0333333,0.9,0.666667,0.4,0.2
0,10,1,0.15,0.1,0.7,0.833333,0.5,0.3
0,10,1,0.3,0.2,0.4,0.666667,0.4,0.4
0,10,1,0.2,0.133333,0.6,0.833333,0.5,0.3
1,10,1,0.75,0.5,0.1,1.16667,0.7,1
0,10,1,0.2,0.133333,0.6,0.833333,0.5,0.5
1,10,1,0.6,0.4,0.2,1,0.6,0.9
1,10,1,1.8,1.2,0.1,1.5,0.9,1
1,10,1,0.55,0.366667,0.1,1,0.6,1
1,10,1,0.45,0.3,0.2,1.5,0.9,0.9
1,10,1,0.55,0.366667,0.1,1,0.6,1
0,10,1,0.1,0.0666667,0.8,0.833333,0.5,0.2
0,10,1,0,0,1,0.5,0.3,0.1
0,10,1,0.3,0.2,0.4,0.666667,0.4,0.7
0,10,1,0,0,1,0.5,0.3,0.1
0,10,1,0.1,0.0666667,0.8,0.666667,0.4,0.3
1,10,1,1.8,1.2,0.1,1.5,0.9,1
0,10,1,0.4,0.266667,0.2,1.16667,0.7,0.9
0,10,1,0,0,1,0.166667,0.1,0.1
1,10,1,0.6,0.4,0.1,1,0.6,1
0,10,1,0.45,0.3,0.3,0.666667,0.4,0.7
0,10,1,0.15,0.1,0.7,0.5,0.3,0.3
0,10,1,0.35,0.233333,0.4,1,0.6,0.5
0,10,1,0.15,0.1,0.7,0.833333,0.5,0.3
1,10,1,0.65,0.433333,0.1,1.33333,0.8,1
0,10,1,0.15,0.1,0.7,0.5,0.3,0.2
1,10,1,0.25,0.166667,0.5,0.666667,0.4,0.5
1,10,1,1.4,0.933333,0.1,1.33333,0.8,1
1,10,1,0.45,0.3,0.2,1.16667,0.7,0.9
1,10,1,0.75,0.5,0.2,1,0.6,0.9
0,10,1,0.35,0.233333,0.3,0.666667,0.4,0.8
0,10,1,0.2,0.133333,0.6,0.833333,0.5,0.4
0,10,1,0,0,1,0.333333,0.2,0.1
0,10,1,0.1,0.0666667,0.8,0.333333,0.2,0.3
1,10,1,1.05,0.7,0.1,1.16667,0.7,1
0,10,1,0.05,0.0333333,0.9,0.333333,0.2,0.2
0,10,1,0.05,0.0333333,0.9,0.666667,0.4,0.2
1,11,1,0.65,0.433333,0.1,1.16667,0.7,1
1,11,1,0.85,0.566667,0.1,1.5,0.9,1
1,11,1,0.5,0.333333,0.1,1.16667,0.7,1
0,11,1,0,0,1,0.166667,0.1,0.1
1,11,1,1.65,1.1,0.1,1.66667,1,1
0,11,1,0,0,1,0.333333,0.2,0.1
0,11,1,0.1,0.0666667,0.8,0.5,0.3,0.3
1,11,1,1.8,1.2,0.1,1.66667,1,1
1,11,1,0.45,0.3,0.1,1.5,0.9,1
0,11,1,0.2,0.133333,0.6,1.16667,0.7,0.4
0,11,1,0,0,1,0.5,0.3,0.1
0,11,1,0.1,0.0666667,0.8,0.5,0.3,0.2
1,11,1,0.8,0.533333,0.1,1.16667,0.7,1
0,11,1,0,0,1,0.166667,0.1,0.1
1,11,1,0.35,0.233333,0.4,1.5,0.9,0.7
1,11,1,1.4,0.933333,0.1,1.66667,1,1
1,11,1,0.55,0.366667,0.1,1,0.6,1
0,11,1,0.25,0.166667,0.5,0.5,0.3,0.5
1,11,1,0.75,0.5,0.2,1.16667,0.7,0.9
0,11,1,0.2,0.133333,0.6,0.666667,0.4,0.3
0,11,1,0.15,0.1,0.7,0.333333,0.2,0.3
1,11,1,0.85,0.566667,0.1,1,0.6,1
1,11,1,0.6,0.4,0.2,1.33333,0.8,0.9
0,11,1,0,0,1,0.166667,0.1,0.1
0,11,1,0.15,0.1,0.7,0.5,0.3,0.2
0,11,1,0.2,0.133333,0.6,1,0.6,0.4
0,11,1,0.2,0.133333,0.6,0.666667,0.4,0.2
0,11,1,0,0,1,0.333333,0.2,0.1
0,11,1,0.05,0.0333333,0.9,0.333333,0.2,0.2
0,11,1,0.05,0.0333333,0.9,0.666667,0.4,0.2
0,11,1,0.2,0.133333,0.7,0.5,0.3,0.4
0,11,1,0.3,0.2,0.4,0.833333,0.5,0.6
1,11,1,0.85,0.566667,0.1,1.33333,0.8,1
0,11,1,0.15,0.1,0.7,0.833333,0.5,0.3
1,11,1,0.6,0.4,0.1,1,0.6,1
0,11,1,0.2,0.133333,0.6,0.833333,0.5,0.3
0,11,1,0.25,0.166667,0.6,0.333333,0.2,0.5
0,11,1,0,0,1,0.333333,0.2,0.1
1,11,1,0.65,0.433333,0.1,0.833333,0.5,1
0,11,1,0.5,0.333333,0.3,1,0.6,0.7
1,11,1,0.3,0.2,0.5,0.166667,0.1,0.6
0,11,1,0.2,0.133333,0.6,0.833333,0.5,0.4
1,11,1,1.8,1.2,0.1,1.66667,1,1
0,11,1,0.05,0.0333333,0.9,0.5,0.3,0.2
1,11,1,2.25,1.5,0.1,1.66667,1,1
0,11,1,0,0,1,0.333333,0.2,0.1
0,11,1,0.15,0.1,0.7,0.666667,0.4,0.3
0,11,1,0.4,0.266667,0.3,0.5,0.3,0.5
1,11,1,1.4,0.933333,0.1,1.33333,0.8,1
0,11,1,0.4,0.266667,0.3,0.833333,0.5,0.7
0,11,1,0.3,0.2,0.4,0.833333,0.5,0.7
1,11,1,1.8,1.2,0.1,1.66667,1,1
1,11,1,1.8,1.2,0.1,1.5,0.9,1
0,11,1,0.15,0.1,0.7,0.333333,0.2,0.3
1,11,1,0.9,0.6,0.1,1.33333,0.8,1
0,11,1,0.2,0.133333,0.6,0.833333,0.5,0.3
0,11,1,0.05,0.0333333,0.9,0.5,0.3,0.2
0,11,1,0.05,0.0333333,0.9,0.5,0.3,0.2
1,11,1,0.15,0.1,0.7,0.5,0.3,0.3
1,11,1,0.55,0.366667,0.2,1.33333,0.8,0.9
1,11,1,0.8,0.533333,0.1,1.33333,0.8,1
1,11,1,0.6,0.4,0.1,1,0.6,1
1,11,1,1.1,0.733333,0.1,1.16667,0.7,1
1,11,1,0.6,0.4,0.1,0.666667,0.4,1
0,11,1,0.1,0.0666667,0.8,0.5,0.3,0.2
1,11,1,1.9,1.26667,0.1,1.66667,1,1
0,11,1,0.05,0.0333333,0.9,0.5,0.3,0.2
0,11,1,0,0,1,0.333333,0.2,0.1
0,11,1,0.15,0.1,0.7,0.5,0.3,0.2
1,11,1,1.05,0.7,0.1,1.16667,0.7,1
0,11,1,0.35,0.233333,0.4,1,0.6,0.4
1,11,1,1.8,1.2,0.1,1.5,0.9,1
1,11,1,0.6,0.4,0.1,1.33333,0.8,1
1,11,1,0.5,0.333333,0.2,0.833333,0.5,0.9
0,11,1,0,0,1,0.333333,0.2,0.1
0,11,1,0.05,0.0333333,0.9,0.5,0.3,0.2
0,11,1,0.3,0.2,0.4,1,0.6,0.7
0,11,1,0.1,0.0666667,0.8,0.333333,0.2,0.3
1,11,1,1.2,0.8,0.1,1.33333,0.8,1
0,11,1,0.35,0.233333,0.4,0.833333,0.5,0.7
1,12,1,0.8,0.533333,0.1,1.16667,0.7,1
1,12,1,0.85,0.566667,0.1,1.16667,0.7,1
1,12,1,0.95,0.633333,0.1,1.33333,0.8,1
1,12,1,0.2,0.133333,0.6,0.666667,0.4,0.3
0,12,1,0.35,0.233333,0.3,0.333333,0.2,0.4
1,12,1,1.65,1.1,0.1,1.66667,1,1
0,12,1,0,0,1,0.333333,0.2,0.1
1,12,1,0.95,0.633333,0.1,1.33333,0.8,1
0,12,1,0,0,1,0.5,0.3,0.1
0,12,1,0.3,0.2,0.4,0.833333,0.5,0.7
0,12,1,0.05,0.0333333,0.9,0.5,0.3,0.2
0,12,1,0.3,0.2,0.5,1,0.6,0.5
1,12,1,0.5,0.333333,0.2,1.33333,0.8,0.9
0,12,1,0.05,0.0333333,0.9,0.333333,0.2,0.2
1,12,1,0.3,0.2,0.4,1,0.6,0.7
1,12,1,1.4,0.933333,0.1,1.33333,0.8,1
0,12,1,0.15,0.1,0.7,0.5,0.3,0.2
1,12,1,0.15,0.1,0.7,0.5,0.3,0.4
0,12,1,0.2,0.133333,0.6,0.833333,0.5,0.5
1,12,1,0.35,0.233333,0.3,0.333333,0.2,0.8
0,12,1,0.15,0.1,0.7,0.5,0.3,0.3
0,12,1,0.2,0.133333,0.6,0.5,0.3,0.3
1,12,1,0.55,0.366667,0.2,1.33333,0.8,0.5
0,12,1,0,0,1,0.166667,0.1,0.1
1,12,1,0.35,0.233333,0.3,1,0.6,0.8
1,12,1,0.8,0.533333,0.1,1.5,0.9,1
0,12,1,0.05,0.0333333,0.9,0.666667,0.4,0.2
0,12,1,0.05,0.0333333,0.9,0.5,0.3,0.2
1,12,1,0.55,0.366667,0.1,1.33333,0.8,1
1,12,1,0.45,0.3,0.3,1,0.6,0.6
0,12,1,0.05,0.0333333,0.9,0.666667,0.4,0.2
1,12,1,0.4,0.266667,0.3,1.33333,0.8,0.8
1,12,1,0.45,0.3,0.2,1.16667,0.7,0.9
1,12,1,0.75,0.5,0.1,1,0.6,1
0,12,1,0,0,1,0.166667,0.1,0.1
0,12,1,0.25,0.166667,0.6,0.833333,0.5,0.4
1,12,1,1.05,0.7,0.1,1.33333,0.8,1
1,12,1,1.4,0.933333,0.1,1.5,0.9,1
0,12,1,0.1,0.0666667,0.8,0.666667,0.4,0.2
0,12,1,0.1,0.0666667,0.8,0.666667,0.4,0.2
0,12,1,0.15,0.1,0.7,0.5,0.3,0.4
0,12,1,0.55,0.366667,0.2,1,0.6,0.9
1,12,1,0.75,0.5,0.1,1.16667,0.7,1
0,12,1,0.25,0.166667,0.5,1,0.6,0.5
1,12,1,0.35,0.233333,0.4,1,0.6,0.6
0,12,1,0.5,0.333333,0.2,0.833333,0.5,0.9
0,12,1,0,0,1,0.166667,0.1,0.1
0,12,1,0.3,0.2,0.4,0.5,0.3,0.5
0,12,1,0.45,0.3,0.2,1,0.6,0.8
0,12,1,0.25,0.166667,0.7,0.5,0.3,0.4
0,12,1,0.1,0.0666667,0.8,0.666667,0.4,0.2
1,12,1,1.8,1.2,0.1,1.66667,1,1
1,12,1,1.8,1.2,0.1,1.5,0.9,1
1,12,1,0.8,0.533333,0.1,1.16667,0.7,1
1,12,1,0.75,0.5,0.1,1.16667,0.7,1
1,12,1,0.95,0.633333,0.1,1.5,0.9,1
1,12,1,0.25,0.166667,0.5,0.333333,0.2,0.4
1,12,1,0.5,0.333333,0.1,0.833333,0.5,1
0,12,1,0,0,1,0.333333,0.2,0.1
0,12,1,0.3,0.2,0.4,0.833333,0.5,0.7
0,12,1,0.15,0.1,0.7,0.5,0.3,0.4
0,12,1,0.05,0.0333333,0.9,0.333333,0.2,0.2
0,12,1,0.1,0.0666667,0.8,0.666667,0.4,0.2
0,12,1,0.05,0.0333333,0.9,0.333333,0.2,0.2
1,12,1,1.8,1.2,0.1,0.166667,0.1,1
1,12,1,0.5,0.333333,0.2,1,0.6,0.9
1,12,1,0.75,0.5,0.1,1.16667,0.7,1
1,12,1,0.5,0.333333,0.2,1,0.6,0.9
1,12,1,1.05,0.7,0.1,1.16667,0.7,1
1,12,1,0.35,0.233333,0.4,1.16667,0.7,0.5
0,12,1,0.35,0.233333,0.3,1,0.6,0.4
1,12,1,1.1,0.733333,0.1,1.33333,0.8,1
0,12,1,0.6,0.4,0.2,1.16667,0.7,0.9
0,12,1,0.05,0.0333333,0.9,0.5,0.3,0.2
1,12,1,0.8,0.533333,0.1,1,0.6,1
0,12,1,0.1,0.0666667,0.8,0.5,0.3,0.2
1,12,1,1.05,0.7,0.1,0.333333,0.2,1
0,12,1,0.2,0.133333,0.6,1.16667,0.7,0.4
0,12,1,0,0,1,0.166667,0.1,0.1
0,12,1,0.05,0.0333333,0.9,0.5,0.3,0.2
1,13,1,0.25,0.166667,0.5,0.5,0.3,0.4
1,13,1,0.85,0.566667,0.1,0.833333,0.5,1
0,13,1,0,0,1,0.333333,0.2,0.1
1,13,1,1.85,1.23333,0.1,1.66667,1,1
1,13,1,0.3,0.2,0.4,0.833333,0.5,0.7
1,13,1,0.55,0.366667,0.1,1,0.6,1
0,13,1,0.05,0.0333333,0.9,0.5,0.3,0.2
0,13,1,0.1,0.0666667,0.8,0.333333,0.2,0.2
0,13,1,0.15,0.1,0.7,0.666667,0.4,0.3
0,13,1,0.35,0.233333,0.3,0.666667,0.4,0.8
0,13,1,0.2,0.133333,0.6,0.333333,0.2,0.5
0,13,1,0.05,0.0333333,0.9,0.333333,0.2,0.2
0,13,1,0.3,0.2,0.4,0.666667,0.4,0.4
1,13,1,1.1,0.733333,0.1,1.33333,0.8,1
0,13,1,0,0,1,0.333333,0.2,0.1
0,13,1,0.1,0.0666667,0.8,0.5,0.3,0.2
0,13,1,0.2,0.133333,0.6,1,0.6,0.4
0,13,1,0.15,0.1,0.7,0.666667,0.4,0.2
0,13,1,0.15,0.1,0.7,0.833333,0.5,0.4
1,13,1,0.55,0.366667,0.1,1,0.6,1
0,13,1,0.15,0.1,0.7,0.333333,0.2,0.3
0,13,1,0.15,0.1,0.7,0.5,0.3,0.3
0,13,1,0.05,0.0333333,0.9,0.666667,0.4,0.2
1,13,1,0.45,0.3,0.2,1.33333,0.8,0.9
0,13,1,0.1,0.0666667,0.8,0.333333,0.2,0.3
0,13,1,0,0,1,0.666667,0.4,0.1
1,13,1,0.85,0.566667,0.1,1,0.6,1
0,13,1,0,0,1,0.333333,0.2,0.1
0,13,1,0.35,0.233333,0.4,1,0.6,0.6
0,13,1,0.15,0.1,0.7,0.833333,0.5,0.4
1,13,1,1.4,0.933333,0.1,1.33333,0.8,1
0,13,1,0.15,0.1,0.7,0.666667,0.4,0.4
0,13,1,0,0,1,0.166667,0.1,0.1
0,13,1,0.25,0.166667,0.5,1,0.6,0.4
0,13,1,0.6,0.4,0.2,1,0.6,0.9
0,13,1,0.2,0.133333,0.6,0.833333,0.5,0.5
0,13,1,0.2,0.133333,0.7,0.5,0.3,0.3
0,13,1,0.2,0.133333,0.6,0.666667,0.4,0.3
0,13,1,0.05,0.0333333,0.9,0.5,0.3,0.2
0,13,1,0.1,0.0666667,0.8,0.333333,0.2,0.3
1,13,1,0.65,0.433333,0.1,1,0.6,1
1,13,1,1.3,0.866667,0.1,1.5,0.9,1
0,13,1,0.15,0.1,0.7,0.666667,0.4,0.2
0,13,1,0,0,1,0.333333,0.2,0.1
1,13,1,0.8,0.533333,0.1,0.333333,0.2,1
1,13,1,0.45,0.3,0.2,1.16667,0.7,0.9
1,13,1,0.55,0.366667,0.3,0.5,0.3,0.8
0,13,1,0.4,0.266667,0.3,1,0.6,0.8
0,13,1,0.05,0.0333333,0.9,0.5,0.3,0.2
0,13,1,0,0,1,0.166667,0.1,0.1
0,13,1,0,0,1,0.333333,0.2,0.1
0,13,1,0.15,0.1,0.7,1.16667,0.7,0.3
0,13,1,0,0,1,0.5,0.3,0.1
0,13,1,0.1,0.0666667,0.8,0.333333,0.2,0.3
0,13,1,0,0,1,0.166667,0.1,0.1
1,13,1,1.05,0.7,0.1,1.33333,0.8,1
1,13,1,1.8,1.2,0.1,1.5,0.9,1
1,13,1,0.65,0.433333,0.1,1.5,0.9,1
0,13,1,0,0,1,0.166667,0.1,0.1
0,13,1,0.2,0.133333,0.6,0.166667,0.1,0.4
0,13,1,0.05,0.0333333,0.9,0.333333,0.2,0.2
0,13,1,0.15,0.1,0.7,0.666667,0.4,0.3
1,13,1,0.2,0.133333,0.6,1,0.6,0.4
0,13,1,0,0,1,0.333333,0.2,0.1
0,13,1,0,0,1,0.5,0.3,0.1
0,13,1,0.45,0.3,0.3,1,0.6,0.8
0,13,1,0.1,0.0666667,0.8,0.5,0.3,0.3
1,13,1,1.1,0.733333,0.1,1.5,0.9,1
0,13,1,0.55,0.366667,0.3,1.16667,0.7,0.8
1,13,1,0.75,0.5,0.1,1,0.6,1
0,13,1,0.05,0.0333333,0.9,0.166667,0.1,0.2
1,13,1,0.75,0.5,0.1,1.33333,0.8,1
0,13,1,0.1,0.0666667,0.8,0.5,0.3,0.2
0,13,1,0.05,0.0333333,0.9,0.666667,0.4,0.2
1,13,1,0.2,0.133333,0.6,0.333333,0.2,0.4
1,13,1,1.4,0.933333,0.1,1.33333,0.8,1
0,13,1,0.35,0.233333,0.4,1,0.6,0.7
1,13,1,0.7,0.466667,0.1,1.33333,0.8,1
0,13,1,0.05,0.0333333,0.9,0.5,0.3,0.2
0,13,1,0.55,0.366667,0.2,1.33333,0.8,0.9
1,14,1,0.3,0.2,0.4,0.833333,0.5,0.7
0,14,1,0.2,0.133333,0.6,0.5,0.3,0.5
1,14,1,1.05,0.7,0.1,1.33333,0.8,1
1,14,1,0.5,0.333333,0.1,0,0,1
0,14,1,0.05,0.0333333,0.9,0.666667,0.4,0.2
1,14,1,0.9,0.6,0.1,1.16667,0.7,1
1,14,1,1.1,0.733333,0.1,1.33333,0.8,1
1,14,1,0.55,0.366667,0.2,1.16667,0.7,0.9
0,14,1,0,0,1,0.666667,0.4,0.1
0,14,1,0.35,0.233333,0.3,0.833333,0.5,0.5
0,14,1,0.05,0.0333333,0.9,0.333333,0.2,0.2
0,14,1,0.2,0.133333,0.6,1,0.6,0.3
0,14,1,0.3,0.2,0.4,0.5,0.3,0.5
0,14,1,0.15,0.1,0.7,0.833333,0.5,0.3
1,14,1,0.6,0.4,0.2,1.16667,0.7,0.9
0,14,1,0.1,0.0666667,0.8,0.833333,0.5,0.3
1,14,1,0.15,0.1,0.7,0.5,0.3,0.4
1,14,1,0.35,0.233333,0.3,0.166667,0.1,0.5
0,14,1,0.05,0.0333333,0.9,0.666667,0.4,0.2
0,14,1,0.05,0.0333333,0.9,0.5,0.3,0.2
1,14,1,1,0.666667,0.1,1.33333,0.8,1
0,14,1,0.1,0.0666667,0.8,1,0.6,0.3
0,14,1,0.1,0.0666667,0.8,0.666667,0.4,0.2
0,14,1,0,0,1,0.166667,0.1,0.1
1,14,1,0.9,0.6,0.1,1.33333,0.8,1
1,14,1,0.5,0.333333,0.2,1.33333,0.8,0.9
0,14,1,0.4,0.266667,0.4,1,0.6,0.4
0,14,1,0,0,1,0.5,0.3,0.1
0,14,1,0.25,0.166667,0.6,0.666667,0.4,0.3
1,14,1,0.4,0.266667,0.2,1,0.6,0.8
1,14,1,0.7,0.466667,0.2,1.16667,0.7,0.9
0,14,1,0.1,0.0666667,0.8,0.333333,0.2,0.2
0,14,1,0.25,0.166667,0.6,0.833333,0.5,0.4
1,14,1,1.15,0.766667,0.1,1.5,0.9,1
0,14,1,0.05,0.0333333,0.9,0.666667,0.4,0.2
0,14,1,0,0,1,0.333333,0.2,0.1
1,14,1,0.6,0.4,0.1,0.833333,0.5,1
0,14,1,0.1,0.0666667,0.8,0.5,0.3,0.3
1,14,1,0.9,0.6,0.1,1.33333,0.8,1
0,14,1,0.05,0.0333333,0.9,0.333333,0.2,0.2
0,14,1,0,0,1,0.5,0.3,0.1
0,14,1,0,0,1,0.166667,0.1,0.1
1,14,1,0.7,0.466667,0.1,1.16667,0.7,1
0,14,1,0.1,0.0666667,0.8,0.666667,0.4,0.2
0,14,1,0.35,0.233333,0.3,0.333333,0.2,0.6
0,14,1,0.25,0.166667,0.5,0.333333,0.2,0.4
0,14,1,0.2,0.133333,0.6,0.5,0.3,0.3
1,14,1,0.5,0.333333,0.2,1.16667,0.7,0.9
0,14,1,0.05,0.0333333,0.9,0.5,0.3,0.2
1,14,1,0.5,0.333333,0.2,0.333333,0.2,0.9
1,14,1,0.75,0.5,0.1,1,0.6,1
0,14,1,0.15,0.1,0.7,0.166667,0.1,0.3
0,14,1,0.3,0.2,0.4,1.16667,0.7,0.7
1,14,1,0.6,0.4,0.2,0.333333,0.2,0.8
0,14,1,0.2,0.133333,0.6,0.333333,0.2,0.5
0,14,1,0.2,0.133333,0.6,0.5,0.3,0.3
0,14,1,0,0,1,0.5,0.3,0.1
0,14,1,0.1,0.0666667,0.8,0.5,0.3,0.3
1,14,1,0.35,0.233333,0.3,1,0.6,0.8
0,14,1,0.35,0.233333,0.4,0.333333,0.2,0.6
0,14,1,0.5,0.333333,0.2,1,0.6,0.9
0,14,1,0.6,0.4,0.2,1.16667,0.7,0.9
1,14,1,0.5,0.333333,0.1,1,0.6,1
0,14,1,0.2,0.133333,0.6,0.5,0.3,0.3
1,14,1,0.5,0.333333,0.2,0.333333,0.2,0.9
0,14,1,0.2,0.133333,0.6,1,0.6,0.3
0,14,1,0.25,0.166667,0.5,0.666667,0.4,0.4
0,14,1,0.15,0.1,0.7,0.666667,0.4,0.3
0,14,1,0.1,0.0666667,0.8,0.333333,0.2,0.2
0,14,1,0,0,1,0.166667,0.1,0.1
0,14,1,0.05,0.0333333,0.9,0.333333,0.2,0.2
1,14,1,1.4,0.933333,0.1,1.33333,0.8,1
1,14,1,1.5,1,0.1,1.33333,0.8,1
0,14,1,0,0,1,0.166667,0.1,0.1
0,14,1,0.25,0.166667,0.5,0.833333,0.5,0.5
0,14,1,0.25,0.166667,0.5,1.16667,0.7,0.4
0,14,1,0,0,1,0.166667,0.1,0.1
1,14,1,0.5,0.333333,0.3,1.16667,0.7,0.8
1,14,1,0.5,0.333333,0.2,1,0.6,0.7
0,14,1,0,0,1,0.166667,0.1,0.1
