item_id,n_W1,n_W2,cmean_l2,mmd2,po_tau2_mean,r_cmean_l2,r_mmd2,r_po_tau2_mean,rank_score,rank,selected
226288,65,170,40.60593399597368,1.7226872777440103,4.3778644238249063e-08,11.0,1.0,95.0,35.666666666666664,1,1
3885368,23,49,16.316666468337445,1.5826408984674076,3.073463533260681e-07,79.0,7.0,24.0,36.666666666666664,2,1
749302,8,60,21.843690210557618,1.4054732009817221,4.3299169988819984e-07,48.0,76.0,17.0,47.0,3,1
53521,9,68,21.735653352122117,1.4753935277099015,1.448640399691269e-07,49.0,46.0,55.0,50.0,4,1
560077,4,120,41.236321656339854,1.342426112829381,1.505393357054605e-07,10.0,96.0,52.0,52.666666666666664,5,1
2189611,5,31,12.805982231474058,1.5224504693474483,2.677087420409969e-07,105.0,29.0,26.0,53.333333333333336,6,1
3757633,18,37,16.020583040976337,1.681222582312157,6.091320742160957e-08,82.0,2.0,83.0,55.666666666666664,7,1
3576787,12,68,20.60016620535621,1.5550712322513023,4.626287288031484e-08,56.0,21.0,93.0,56.666666666666664,8,1
345842,22,11,12.25205700927779,1.535023315494647,1.9584950024669333e-07,113.0,27.0,31.0,57.0,9,1
1510013,6,167,66.43269088428464,1.3910356658992102,4.731183000638118e-08,4.0,80.0,92.0,58.666666666666664,10,1
1971100,9,65,21.450500876051894,1.292675413851841,3.8926012659382866e-05,54.0,121.0,1.0,58.666666666666664,11,1
2535188,14,88,29.231316727524757,1.3582895556321533,9.223114997692406e-08,24.0,93.0,69.0,62.0,12,1
1238603,8,70,27.737382710709067,1.4443314306710757,3.614164199722645e-08,28.0,57.0,102.0,62.333333333333336,13,1
3161041,3,116,39.4947932616064,1.148289595094798,1.902996194430958e-06,12.0,171.0,6.0,63.0,14,1
3975971,4,24,11.815528766852674,1.4476132442056395,3.361937637639278e-07,128.0,55.0,22.0,68.33333333333333,15,1
226325,4,68,26.131754647267368,1.3368607446977432,7.904436820473659e-08,32.0,101.0,73.0,68.66666666666667,16,1
403683,6,61,21.649651838774492,1.1517967438460672,5.754247107332223e-07,50.0,169.0,11.0,76.66666666666667,17,1
139953,8,49,16.65354984078665,1.2624207639618819,3.6941441746613775e-07,77.0,133.0,21.0,77.0,18,1
3037755,3,48,23.29286364995331,1.5035105995305074,7.087134944356792e-10,45.0,35.0,153.0,77.66666666666667,19,1
4420529,10,46,16.269543344020985,1.541221022147377,1.8407260508095977e-09,80.0,25.0,134.0,79.66666666666667,20,1
708155,3,61,20.42728553708582,1.2728716381505167,1.4733404707275187e-07,57.0,129.0,54.0,80.0,21,1
543572,13,4,11.297002010540533,1.6040530589105237,4.319552217142463e-08,139.0,5.0,97.0,80.33333333333333,22,1
2160858,6,11,9.126570200356966,1.5729511801191303,3.0595389221504546e-07,214.0,9.0,25.0,82.66666666666667,23,1
2963495,8,72,23.68351558994344,1.2550339262141708,7.407483932300556e-08,43.0,135.0,76.0,84.66666666666667,24,1
2506320,12,93,29.72435831827535,1.2765915671369858,2.4529931878162854e-08,22.0,127.0,109.0,86.0,25,1
4680184,7,27,10.539948870999998,1.5562998395424112,6.463004324179735e-08,161.0,20.0,79.0,86.66666666666667,26,1
3877201,4,55,19.13624297579906,1.279892687786988,7.918764306896436e-08,62.0,126.0,72.0,86.66666666666667,27,1
1613010,8,50,16.96553249058969,1.3337918345616624,4.900107401108378e-08,73.0,103.0,91.0,89.0,28,1
2370398,12,35,14.778747342427726,1.499007878443435,1.0252122573137475e-09,89.0,37.0,144.0,90.0,29,1
119308,7,150,49.99429297271607,0.9760122252846601,4.366239748225096e-07,6.0,250.0,16.0,90.66666666666667,30,1
2053500,6,76,28.46658151541621,1.0609090919776025,1.7446607940005746e-07,26.0,214.0,32.0,90.66666666666667,31,1
724639,5,27,14.012751971378192,1.2142394430386385,2.125528270940687e-07,95.0,149.0,30.0,91.33333333333333,32,1
3383159,10,28,15.530619898807293,1.485843714927686,9.91356535738133e-10,86.0,41.0,148.0,91.66666666666667,33,1
1843266,13,34,11.149284599141813,1.5419479535203864,1.607988475588714e-08,142.0,24.0,112.0,92.66666666666667,34,1
4704858,14,103,32.347294218693584,1.2455672766455548,5.425204073481765e-09,17.0,138.0,124.0,93.0,35,1
4260006,3,23,12.024876178473702,1.4043586492001294,5.949691467615383e-08,116.0,78.0,86.0,93.33333333333333,36,1
1415412,13,72,21.555017803721572,1.3107658578985688,1.1547092060368196e-08,51.0,114.0,118.0,94.33333333333333,37,1
2996490,10,70,25.213751287047813,1.3380230928896908,8.814516611346435e-10,34.0,100.0,150.0,94.66666666666667,38,1
3498634,8,94,30.18007449720826,1.2274685609215568,6.293384825103636e-09,20.0,142.0,122.0,94.66666666666667,39,1
679382,4,45,16.119484387747608,1.431287646625057,1.3072814575021234e-09,81.0,64.0,140.0,95.0,40,1
102919,3,29,12.353258576544855,1.414390257802131,3.306720692265804e-08,112.0,73.0,105.0,96.66666666666667,41,1
4227048,4,16,8.868841993290351,1.5566711829473667,1.5210406477047262e-07,226.0,18.0,50.0,98.0,42,1
4210600,9,22,11.755341081376942,1.4466777428525555,2.0755017689890513e-08,130.0,56.0,110.0,98.66666666666667,43,1
4041880,3,23,9.174645576752093,1.4769488321510296,1.570893952352131e-07,213.0,45.0,39.5,99.16666666666667,44,1
1575754,6,33,12.59475100139907,1.1312947375896965,5.184081100497263e-07,106.0,180.0,12.0,99.33333333333333,45,1
2403364,11,41,13.996434386379466,1.3898685659926446,5.800289768875578e-09,96.0,81.0,123.0,100.0,46,1
3848343,10,31,11.806446084759406,1.55000479301243,5.554801523696769e-10,129.0,22.0,157.0,102.66666666666667,47,1
4696790,4,11,9.248373305804657,1.4596265548106775,1.4848929263657184e-07,206.0,49.0,53.0,102.66666666666667,48,1
2810899,15,197,66.7926798602006,1.209203848923851,6.938985279354032e-10,3.0,151.0,154.0,102.66666666666667,49,1
1,5,111,39.05684312352284,1.22780908399874,6.361786937791223e-10,13.0,141.0,155.0,103.0,50,1
926241,4,26,10.272826030542772,1.3658299909844465,1.5210406477047262e-07,169.0,90.0,50.0,103.0,51,1
1094771,10,49,15.646755822558994,1.3391815668760942,3.7878364413909545e-09,84.0,99.0,127.0,103.33333333333333,52,1
399581,3,38,14.301692593515456,1.1303861978968177,1.570893952352131e-07,92.0,181.0,39.5,104.16666666666667,53,1
1020837,11,143,46.28859780823377,1.1041616083672106,1.5134115400874276e-08,7.0,192.0,116.0,105.0,54,1
205766,4,223,73.40256335621318,1.1346756848649189,1.5841419054254277e-09,2.0,177.0,138.0,105.66666666666667,55,1
345829,9,46,14.870463844789477,1.3232867639492711,4.36623527411994e-09,88.0,109.0,126.0,107.66666666666667,56,1
527186,3,7,9.080550932702987,1.4225310182679942,1.570893952352131e-07,216.0,69.0,39.5,108.16666666666667,57,1
1876197,5,30,11.552342827448532,1.464913888027647,1.1373135435189414e-09,134.0,48.0,143.0,108.33333333333333,58,1
4194222,13,4,10.508597749435863,1.5648893167919753,7.417493997872024e-10,162.0,14.0,152.0,109.33333333333333,59,1
2284130,3,84,31.81395812359961,1.5059520567666382,0.0,18.0,34.0,281.5,111.16666666666667,60,1
4305270,8,3,10.916531425998745,1.15685779616394,3.295154502069202e-07,146.0,167.0,23.0,112.0,61,1
1370159,4,33,12.205735809037373,1.1017539030479846,1.570893952352131e-07,114.0,194.0,39.5,115.83333333333333,62,1
2633945,4,92,31.3956029528705,1.1179122698249557,9.993411742600666e-10,19.0,187.0,146.0,117.33333333333333,63,1
2304650,11,124,37.42164104934841,1.0931598428927272,1.2170398619534594e-09,15.0,198.0,141.0,118.0,64,1
4548301,3,75,29.651882919372692,0.9230165725190662,1.3472189967990653e-07,23.0,272.0,59.5,118.16666666666667,65,1
283912,8,19,8.883737059087437,1.5114809775502378,3.87831573658283e-08,223.0,32.0,100.0,118.33333333333333,66,1
868563,3,132,43.38947844846615,1.4303197866494153,0.0,9.0,65.0,281.5,118.5,67,1
4680235,5,23,9.839805023815252,1.3665521477266898,5.94641966727678e-08,181.0,89.0,87.0,119.0,68,1
3013074,4,66,24.180527802796774,1.500800951429948,0.0,40.0,36.0,281.5,119.16666666666667,69,1
1218132,5,37,14.053852244699463,1.029133178673813,1.617288763585996e-07,94.0,231.0,33.0,119.33333333333333,70,1
498321,10,50,17.431046444153925,1.5967249110703428,0.0,71.0,6.0,281.5,119.5,71,1
2885065,6,24,9.74191032268908,1.3670642797761738,5.989318318003874e-08,186.0,88.0,85.0,119.66666666666667,72,1
2625741,10,33,9.734221862909576,1.4108520764491457,3.808885510818444e-08,187.0,74.0,101.0,120.66666666666667,73,1
1538694,8,51,18.921593047169992,1.1706365330595583,1.69639094543421e-09,63.0,165.0,136.0,121.33333333333333,74,1
2041119,3,13,7.898610298480143,1.4797951576770136,1.570893952352131e-07,284.0,42.0,39.5,121.83333333333333,75,1
1349590,3,55,19.52056201076233,1.1378119199314065,9.993411742600666e-10,60.0,175.0,146.0,127.0,76,1
2210112,21,9,10.117857565542959,1.3628494246814704,9.065351872941504e-09,171.0,91.0,120.0,127.33333333333333,77,1
815094,15,20,20.93604976230835,0.8426162805214992,6.414833357250296e-07,55.0,318.0,10.0,127.66666666666667,78,1
490022,16,86,27.32325510004756,1.4147282375107488,0.0,30.0,72.0,281.5,127.83333333333333,79,1
1867951,3,50,17.742409583175014,1.4883807269213531,0.0,69.0,39.0,281.5,129.83333333333334,80,1
2708068,10,29,12.460006972742649,1.6154661389832499,0.0,110.0,4.0,281.5,131.83333333333334,81,1
2432156,4,56,20.0370366105831,1.037533252386023,1.560861894202027e-08,58.0,226.0,114.0,132.66666666666666,82,1
1608867,8,30,12.586614447282251,1.5702483583433668,0.0,108.0,11.0,281.5,133.5,83,1
4663704,3,46,17.83034019261568,1.448861676597152,0.0,67.0,53.0,281.5,133.83333333333334,84,1
3161059,4,19,8.661444689097621,1.2952509126807126,1.570893952352131e-07,246.0,120.0,39.5,135.16666666666666,85,1
2996531,5,86,32.773461909483295,1.0131830332037688,4.6384469237887293e-10,16.0,234.0,159.0,136.33333333333334,86,1
259284,6,29,12.00821564015365,1.5707890807479838,0.0,118.0,10.0,281.5,136.5,87,1
2131901,3,31,14.667206445380671,1.486725372830263,0.0,90.0,40.0,281.5,137.16666666666666,88,1
4156,4,36,13.200516998516642,1.5219546701082707,0.0,101.0,30.0,281.5,137.5,89,1
1242724,5,39,15.11236655863088,1.477772471766343,0.0,87.0,44.0,281.5,137.5,90,1
2926410,5,9,12.95465789834884,1.5189378941321152,0.0,103.0,31.0,281.5,138.5,91,1
3087177,5,48,21.517215184723515,1.0647096329141648,8.744764663222273e-10,53.0,212.0,151.0,138.66666666666666,92,1
782167,4,405,134.67283157489854,0.9225356655301284,1.155746363665173e-09,1.0,273.0,142.0,138.66666666666666,93,1
1863797,5,33,11.960209627058614,1.5633289393630907,0.0,120.0,15.0,281.5,138.83333333333334,94,1
1415638,4,3,11.829307040367699,0.9093029760854798,7.214401133490502e-07,126.0,283.0,9.0,139.33333333333334,95,1
4404024,4,24,10.790825782944374,1.3074327321903556,9.088546331539778e-10,154.0,117.0,149.0,140.0,96,1
2942932,7,3,9.849161101295817,1.1335841637124906,1.0430512580798986e-07,180.0,178.0,65.0,141.0,97,1
469386,8,13,8.515347190333422,1.2209558984814488,2.5466853755263953e-07,251.0,146.0,27.0,141.33333333333334,98,1
3383174,3,29,14.064826267268828,1.459618401981739,0.0,93.0,50.0,281.5,141.5,99,1
872698,5,50,17.808705437743964,1.407658105042621,0.0,68.0,75.0,281.5,141.5,100,1
4486643,3,29,11.517419907479281,1.5758611791866197,0.0,135.0,8.0,281.5,141.5,101,1
588851,3,47,18.173202671491225,1.3974159876040249,0.0,65.0,79.0,281.5,141.83333333333334,102,1
3630202,3,16,9.607277880384745,1.3409107214976619,1.8321315654739902e-09,194.0,98.0,135.0,142.33333333333334,103,1
2843782,3,23,10.37571818769079,1.2670157454096453,2.420866883103418e-09,167.0,130.0,131.0,142.66666666666666,104,1
4630713,5,52,17.256365093196774,0.9375480382982029,4.352430534014027e-08,72.0,264.0,96.0,144.0,105,1
107021,5,26,11.29014093618836,1.5676488179828647,0.0,140.0,12.0,281.5,144.5,106,1
4527711,3,6,10.214921792155211,0.9755914213057251,4.690100756273812e-07,170.0,251.0,14.0,145.0,107,1
4231166,6,56,22.592874531055056,1.3286059086798025,0.0,47.0,107.0,281.5,145.16666666666666,108,1
967444,7,30,9.617436810119425,1.340999633323955,9.993411742600666e-10,193.0,97.0,146.0,145.33333333333334,109,1
1320845,6,25,8.823395868957013,1.1919791470334047,1.438499778689852e-07,227.0,156.0,56.0,146.33333333333334,110,1
1024910,4,6,9.314962223531177,1.041729303854344,4.5230713790010363e-07,204.0,222.0,15.0,147.0,111,1
518981,3,28,10.894837260736058,1.5669721299605495,0.0,147.0,13.0,281.5,147.16666666666666,112,1
506603,3,14,23.535004601886246,0.9129250185201352,1.4506938373131254e-08,44.0,281.0,117.0,147.33333333333334,113,1
1353684,3,32,13.043272422841856,1.4249219818072307,0.0,102.0,68.0,281.5,150.5,114,1
74083,6,28,12.02435286004759,1.4480495267122349,0.0,117.0,54.0,281.5,150.83333333333334,115,1
3926596,3,10,10.791407208104234,1.5564093782790822,0.0,153.0,19.0,281.5,151.16666666666666,116,1
4235248,5,127,45.486179627708815,1.1713086337360734,0.0,8.0,164.0,281.5,151.16666666666666,117,1
2020557,3,76,30.06302690401476,0.8619709671416564,3.3321298985810086e-09,21.0,308.0,128.0,152.33333333333334,118,1
3914247,4,23,10.893404467066677,1.52420337518063,0.0,148.0,28.0,281.5,152.5,119,1
1440054,13,37,10.876382922256212,1.5354254285901838,0.0,150.0,26.0,281.5,152.5,120,1
2876755,3,60,23.79739519677614,1.2524466217343324,0.0,42.0,136.0,281.5,153.16666666666666,121,1
1477215,3,31,27.337240457457774,0.3561822869134268,1.570893952352131e-07,29.0,398.0,39.5,155.5,122,1
4136531,6,21,9.088700237688046,1.1120969372444502,9.660624707594297e-08,215.0,188.0,68.0,157.0,123,1
2967683,3,17,10.094861055414635,1.0103516902712826,1.2345584745047922e-07,174.0,235.0,63.0,157.33333333333334,124,1
465266,8,159,51.44083286225074,0.8578499663227717,5.639585269859104e-10,5.0,312.0,156.0,157.66666666666666,125,1
321071,4,67,24.8029991120502,1.1825531332883428,0.0,36.0,161.0,281.5,159.5,126,1
1641944,8,3,8.73766365864649,1.300721134856643,9.400963663727423e-09,242.0,118.0,119.0,159.66666666666666,127,1
934499,5,29,10.732980161683003,1.4787803475213386,0.0,155.0,43.0,281.5,159.83333333333334,128,1
3663009,3,24,10.076138163857584,1.542451289055764,0.0,175.0,23.0,281.5,159.83333333333334,129,1
2448733,3,26,12.43054640369843,1.3705493109172717,0.0,111.0,87.0,281.5,159.83333333333334,130,1
181144,3,29,11.65775382387865,1.4288829179205387,0.0,132.0,66.0,281.5,159.83333333333334,131,1
2288222,4,32,12.907772848244333,1.343264250842135,0.0,104.0,95.0,281.5,160.16666666666666,132,1
3774164,4,19,9.819224000969085,1.5589555736298202,0.0,183.0,17.0,281.5,160.5,133,1
2724575,8,36,11.707007635507194,1.4183053790878828,0.0,131.0,70.0,281.5,160.83333333333334,134,1
4647166,4,17,10.827080321096851,1.4537562553975787,0.0,151.0,52.0,281.5,161.5,135,1
2572159,4,25,10.971832096177472,1.4404689401749335,0.0,145.0,59.0,281.5,161.83333333333334,136,1
428349,7,26,11.04051030009835,1.4400823602463215,0.0,144.0,60.0,281.5,161.83333333333334,137,1
69988,9,4,9.20171579159684,0.9432746035995675,4.319174907500213e-07,209.0,261.0,18.0,162.66666666666666,138,1
4185970,3,35,16.775339734650277,1.2660031451223772,0.0,76.0,132.0,281.5,163.16666666666666,139,1
3161051,10,89,29.05336189224224,1.1247807183250251,0.0,25.0,184.0,281.5,163.5,140,1
4255891,8,15,9.195645374829002,1.216155789819939,1.9866474736582923e-09,210.0,148.0,133.0,163.66666666666666,141,1
3226857,3,31,13.60242656979471,1.3119769081887307,0.0,99.0,113.0,281.5,164.5,142,1
2345726,3,20,11.931166233095905,0.9398057886490283,1.7105789334097445e-08,121.0,262.0,111.0,164.66666666666666,143,1
1131780,3,51,20.0291979402458,1.2017140258044923,0.0,59.0,154.0,281.5,164.83333333333334,144,1
1666679,3,17,11.88582618246901,1.3602177170966416,0.0,122.0,92.0,281.5,165.16666666666666,145,1
1234519,3,28,11.146093769653186,1.4158359647930172,0.0,143.0,71.0,281.5,165.16666666666666,146,1
3416079,3,8,9.939888272303802,1.4905125412910047,0.0,178.0,38.0,281.5,165.83333333333334,147,1
2070087,9,24,12.027955232505068,1.3321436457589404,0.0,115.0,104.0,281.5,166.83333333333334,148,1
967572,6,14,8.365942603008415,1.1313501175772704,1.0351210440807281e-07,256.0,179.0,66.0,167.0,149,1
4190043,3,18,8.912569438193295,1.1074961824051541,5.30747674901599e-08,221.0,191.0,90.0,167.33333333333334,150,1
2955369,3,10,8.335605894061098,1.3713704965647469,5.354895814050264e-10,258.0,86.0,158.0,167.33333333333334,151,1
2259399,7,49,16.64672023717903,1.2110988955708697,0.0,78.0,150.0,281.5,169.83333333333334,152,1
901522,6,11,6.865776421176427,1.387148352026871,6.025659235243937e-08,344.0,82.0,84.0,170.0,153,1
1596457,5,26,11.882928367129868,1.3209055041851223,0.0,123.0,110.0,281.5,171.5,154,1
2255276,4,32,12.462523773910682,1.2826623295470843,0.0,109.0,124.0,281.5,171.5,155,1
523150,6,17,10.566408327429345,1.404559241886997,0.0,159.0,77.0,281.5,172.5,156,1
2156664,7,8,8.876504746903434,1.0567771116289935,7.432384323640478e-08,225.0,218.0,75.0,172.66666666666666,157,1
695799,5,63,24.50624812654662,1.0798125550861737,0.0,38.0,202.0,281.5,173.83333333333334,158,1
395439,6,121,38.232414582553766,1.0323506872365946,0.0,14.0,227.0,281.5,174.16666666666666,159,1
642402,7,27,10.884331824616462,1.3565170175523524,0.0,149.0,94.0,281.5,174.83333333333334,160,1
2592746,6,72,24.25154611080782,1.0760543933763889,0.0,39.0,206.0,281.5,175.5,161,1
2543388,4,21,10.562866190402552,1.3761799863885367,0.0,160.0,85.0,281.5,175.5,162,1
2016427,4,66,24.728039559862914,1.0687046846789694,0.0,37.0,210.0,281.5,176.16666666666666,163,1
1707892,5,6,8.434383816444715,0.9577983789026511,4.0353479150045224e-07,254.0,256.0,20.0,176.66666666666666,164,1
992150,4,12,9.016099432678333,1.5095008965364012,0.0,218.0,33.0,281.5,177.5,165,1
4120050,4,28,11.588074634398485,1.2981158035585707,0.0,133.0,119.0,281.5,177.83333333333334,166,1
41297,3,54,19.274400363895687,1.0961678944516244,0.0,61.0,195.0,281.5,179.16666666666666,167,1
2012376,3,26,10.811913671708655,1.3299200966096478,0.0,152.0,106.0,281.5,179.83333333333334,168,1
4140599,4,21,9.423631049427067,1.4434558688955483,0.0,200.0,58.0,281.5,179.83333333333334,169,1
4465932,5,13,10.56772721890858,1.3348275427891916,0.0,158.0,102.0,281.5,180.5,170,1
3840155,3,19,11.821001267947457,1.2593878697772354,0.0,127.0,134.0,281.5,180.83333333333334,171,1
86522,4,13,8.328835955464164,1.634223161496526,0.0,259.0,3.0,281.5,181.16666666666666,172,1
41284,15,27,8.738848861730602,0.9992665537321578,1.0794251975411807e-07,241.0,240.0,64.0,181.66666666666666,173,1
1287879,3,23,11.847610933051557,1.2447820889238828,0.0,125.0,139.0,281.5,181.83333333333334,174,1
4519531,9,4,9.834713734404081,1.3763931408517067,0.0,182.0,84.0,281.5,182.5,175,1
819199,5,46,15.894843827201758,1.1248587763242177,0.0,83.0,183.0,281.5,182.5,176,1
4140710,5,5,9.577066060093136,0.8549766232868299,1.570893952352131e-07,195.0,313.0,39.5,182.5,177,1
3177541,19,12,9.552170364038343,0.8630759857383262,1.5684226348611093e-07,196.0,307.0,45.0,182.66666666666666,178,1
61717,3,62,21.552495257140997,1.0601485382942526,0.0,52.0,215.0,281.5,182.83333333333334,179,1
597183,7,31,18.3581138066465,0.6540637357634739,1.5325356301120852e-08,64.0,373.0,115.0,184.0,180,1
383114,3,24,11.490404733454202,1.2502399628322287,0.0,137.0,137.0,281.5,185.16666666666666,181,1
4540025,6,39,13.896139284388738,1.1355464761619953,0.0,98.0,176.0,281.5,185.16666666666666,182,1
1748897,3,23,11.21351091773922,1.2213874703671586,0.0,141.0,145.0,281.5,189.16666666666666,183,1
1415450,3,11,8.794854297893915,1.439637779215548,0.0,229.0,61.0,281.5,190.5,184,1
1600606,4,13,10.348582834184345,1.2925952931586684,0.0,168.0,122.0,281.5,190.5,185,1
2942919,3,20,8.744844601688095,1.4554329061774482,0.0,240.0,51.0,281.5,190.83333333333334,186,1
4078937,3,8,8.791536273841267,1.4328812589202127,0.0,231.0,63.0,281.5,191.83333333333334,187,1
3782465,3,13,7.9811203270560505,1.5600037454278777,0.0,280.0,16.0,281.5,192.5,188,1
1053625,5,23,10.663137178556427,1.2446406211638825,0.0,156.0,140.0,281.5,192.5,189,1
1958756,3,18,8.75369594447473,1.4372512756346698,0.0,238.0,62.0,281.5,193.83333333333334,190,1
1592352,8,13,7.650025324502293,1.143194300764601,3.213659796503729e-08,303.0,174.0,106.0,194.33333333333334,191,1
1670704,3,13,8.76826594247283,1.426447014340685,0.0,235.0,67.0,281.5,194.5,192,1
765698,3,46,18.15196967465632,1.0070355558802078,0.0,66.0,237.0,281.5,194.83333333333334,193,1
2024883,3,14,8.09368275158518,1.0520972089217906,3.603210152837259e-08,270.0,219.0,103.0,197.33333333333334,194,1
2296472,4,62,25.03105630719106,0.9195300429005451,0.0,35.0,276.0,281.5,197.5,195,1
366512,3,72,25.323527570138147,0.9139204066626454,0.0,33.0,280.0,281.5,198.16666666666666,196,1
3362630,3,13,8.618288192242611,1.1198539122693643,4.200037138799399e-10,249.0,186.0,160.0,198.33333333333334,197,1
4247564,3,21,9.194281198787442,1.3306667449983787,0.0,211.0,105.0,281.5,199.16666666666666,198,1
2691717,4,8,7.884608412090541,0.9988506709353457,7.991087348267082e-08,287.0,241.0,71.0,199.66666666666666,199,1
1464880,4,47,16.951652184319368,0.9782335234677405,0.0,74.0,246.0,281.5,200.5,200,1
2074153,3,35,14.321305114638255,1.0215135814652645,0.0,91.0,232.0,281.5,201.5,201,0
2588650,6,20,8.685352242148593,1.0867283735819078,3.1495628418016726e-12,244.0,199.0,162.0,201.66666666666666,202,0
1872179,3,7,8.996905347782528,1.3249104048653404,0.0,219.0,108.0,281.5,202.83333333333334,203,0
2621554,6,75,24.00893833216775,0.8928085941655457,0.0,41.0,287.0,281.5,203.16666666666666,204,0
2477534,4,5,8.625270108756068,0.7956185689299946,2.436437081111687e-07,247.0,335.0,28.0,203.33333333333334,205,0
193611,5,3,9.797855287665024,0.8169642650406482,4.036132346634876e-08,185.0,327.0,99.0,203.66666666666666,206,0
4606010,3,19,10.504979916349251,1.1556963760268797,0.0,163.0,168.0,281.5,204.16666666666666,207,0
3622169,4,7,8.284660294517842,0.8818094647058312,1.419509351148721e-07,261.0,295.0,57.0,204.33333333333334,208,0
3407930,6,3,9.681243296090035,0.7968582438840792,5.4346433422253506e-08,191.0,334.0,89.0,204.66666666666666,209,0
1617159,3,17,9.729449060774403,1.2215974881769005,0.0,189.0,144.0,281.5,204.83333333333334,210,0
1995911,8,4,7.8862061686845655,0.8173987997968337,4.0544468161066746e-06,286.0,326.0,3.0,205.0,211,0
3646652,3,25,9.798683977457728,1.2084444249583237,0.0,184.0,152.0,281.5,205.83333333333334,212,0
2485705,12,19,10.569695055512147,1.1215510407148002,0.0,157.0,185.0,281.5,207.83333333333334,213,0
3140612,3,21,11.499523202153776,1.0746284350272959,0.0,136.0,207.0,281.5,208.16666666666666,214,0
1802198,3,24,13.352786722795063,0.9862027585181959,0.0,100.0,243.0,281.5,208.16666666666666,215,0
1008536,26,32,7.947652709739813,0.8901713187195133,1.35502271964059e-07,282.0,289.0,58.0,209.66666666666666,216,0
90636,3,6,7.828182927059068,0.9233132557943795,8.047225945674933e-08,290.0,270.0,70.0,210.0,217,0
37357,9,5,7.680209773283977,1.030721596278331,3.3917126894861734e-08,300.0,230.0,104.0,211.33333333333334,218,0
4198310,12,13,7.171326402446083,1.146676289393015,2.2866709404171455e-09,331.0,172.0,132.0,211.66666666666666,219,0
2930632,3,11,8.077105061886702,1.3793572233782898,0.0,273.0,83.0,281.5,212.5,220,0
2823232,5,3,8.794302547144119,0.6475784706591514,1.6063696491727322e-07,230.0,376.0,34.0,213.33333333333334,221,0
3148715,3,16,8.731832799355178,1.3093700781544266,0.0,243.0,116.0,281.5,213.5,222,0
3144740,3,12,8.678832615024394,1.310284770864056,0.0,245.0,115.0,281.5,213.83333333333334,223,0
4358780,5,13,8.35966288742142,1.3144357110196436,0.0,257.0,112.0,281.5,216.83333333333334,224,0
3918343,3,15,9.368367853743193,1.1484796472576189,0.0,203.0,170.0,281.5,218.16666666666666,225,0
2329406,6,7,10.059974955569045,1.086705186914288,0.0,176.0,200.0,281.5,219.16666666666666,226,0
1226306,3,6,8.141503260112062,1.3199965518164642,0.0,269.0,111.0,281.5,220.5,227,0
3486210,3,44,16.873916012534995,0.8644693653199329,0.0,75.0,306.0,281.5,220.83333333333334,228,0
4087104,6,20,8.894818163929683,1.176219935447276,0.0,222.0,162.0,281.5,221.83333333333334,229,0
485908,7,14,6.592914432113209,1.002514779336745,9.840694843389656e-08,361.0,238.0,67.0,222.0,230,0
420056,5,3,8.055725873984867,0.786210938574955,1.5210406477047262e-07,276.0,340.0,50.0,222.0,231,0
465302,3,29,11.440438711051707,0.9767525937039581,0.0,138.0,248.0,281.5,222.5,232,0
3350267,7,3,8.7720342740875,1.202227047635227,0.0,234.0,153.0,281.5,222.83333333333334,233,0
2103096,3,11,6.924339843708986,1.4672421497533734,0.0,342.0,47.0,281.5,223.5,234,0
3782395,4,7,8.621630241014705,1.2253589634122926,0.0,248.0,143.0,281.5,224.16666666666666,235,0
469392,3,17,8.976918771601323,1.1440865053736422,0.0,220.0,173.0,281.5,224.83333333333334,236,0
2028785,8,5,12.587737728710524,0.8921861681160241,0.0,107.0,288.0,281.5,225.5,237,0
4243465,9,15,7.415188717923635,0.9726929328569786,2.7224006555667948e-08,317.0,252.0,108.0,225.66666666666666,238,0
2951202,10,13,8.317491163299808,0.7879573168664796,6.47576194121707e-08,260.0,339.0,78.0,225.66666666666666,239,0
1522344,6,10,5.713631042179615,0.9765805130564768,1.570893952352131e-07,390.0,249.0,39.5,226.16666666666666,240,0
1551189,3,12,8.065713240389648,1.2846979624478114,0.0,275.0,123.0,281.5,226.5,241,0
436841,4,3,11.85767776037666,0.9221195527004951,0.0,124.0,274.0,281.5,226.5,242,0
2757472,4,5,9.278098519300798,1.1025057382077534,0.0,205.0,193.0,281.5,226.5,243,0
790418,10,6,7.67320815546852,0.8814158029767745,6.1257694759102e-08,302.0,296.0,82.0,226.66666666666666,244,0
2712346,3,5,8.488072230048221,1.2207158603328756,0.0,253.0,147.0,281.5,227.16666666666666,245,0
135776,5,8,27.12122034322753,0.6611756280098743,0.0,31.0,369.0,281.5,227.16666666666666,246,0
4441205,4,8,8.75388556052146,1.1744195454572042,0.0,237.0,163.0,281.5,227.16666666666666,247,0
1979626,3,5,6.829357346807176,0.8843069536650574,1.546772638199959e-07,346.0,293.0,46.0,228.33333333333334,248,0
3852472,3,65,22.643860607288392,0.6940688249397209,0.0,46.0,362.0,281.5,229.83333333333334,249,0
1863791,4,22,9.030244675363392,1.0959833653472628,0.0,217.0,196.0,281.5,231.5,250,0
650696,3,4,10.378536651315242,0.9772695125358933,0.0,166.0,247.0,281.5,231.5,251,0
1584031,4,5,8.883612657219091,1.1113077920842562,0.0,224.0,189.0,281.5,231.5,252,0
3626129,4,5,9.463007369293692,1.0589543300132285,0.0,199.0,216.0,281.5,232.16666666666666,253,0
4046094,3,6,7.872897294749808,0.7513072876156428,1.3472189967990653e-07,288.0,350.0,59.5,232.5,254,0
4210634,3,20,9.192380908565363,1.0763310492597062,0.0,212.0,205.0,281.5,232.83333333333334,255,0
1958733,3,15,27.94326399625505,0.4823327368309317,0.0,27.0,391.0,281.5,233.16666666666666,256,0
2300603,4,16,6.8065363002215475,0.756129953211445,3.9545641038909534e-06,349.0,348.0,4.0,233.66666666666666,257,0
3548003,5,3,10.023835616272082,0.9820345646407018,0.0,177.0,245.0,281.5,234.5,258,0
2370401,3,19,8.217205852725348,1.183776876172053,0.0,265.0,160.0,281.5,235.5,259,0
1066041,8,7,8.207987115476184,0.8581806477147433,3.1690375043651517e-09,266.0,311.0,130.0,235.66666666666666,260,0
2037042,4,12,7.716463763804161,1.2735956076753383,0.0,298.0,128.0,281.5,235.83333333333334,261,0
152490,3,7,6.383515544844173,0.7911062774413,3.690696584114208e-06,368.0,337.0,5.0,236.66666666666666,262,0
131642,11,10,7.367409872122139,0.9576254822621423,1.6690678631850293e-09,319.0,257.0,137.0,237.66666666666666,263,0
1744829,3,5,7.823004713074662,0.8181661929628196,4.191262312131732e-08,291.0,325.0,98.0,238.0,264,0
1061905,3,11,6.681657455623843,0.7998501223664789,2.3620276326551725e-07,353.0,332.0,29.0,238.0,265,0
4107734,3,8,7.601389468451704,1.281838465760592,0.0,308.0,125.0,281.5,238.16666666666666,266,0
177112,3,11,6.488616410751304,0.7900884385060489,4.6938578427746777e-07,366.0,338.0,13.0,239.0,267,0
3152940,5,4,9.476102363504918,1.0012070927742298,0.0,197.0,239.0,281.5,239.16666666666666,268,0
1341428,5,3,9.917410162397319,0.9519658832263087,0.0,179.0,259.0,281.5,239.83333333333334,269,0
41269,4,15,7.946439018726099,1.1929182431361627,0.0,283.0,155.0,281.5,239.83333333333334,270,0
2448727,3,19,8.573733089324572,1.1093581147690659,0.0,250.0,190.0,281.5,240.5,271,0
4647164,4,6,8.767910177071956,1.0773325721755938,0.0,236.0,204.0,281.5,240.5,272,0
3120047,5,9,7.813667158519293,0.9235351641532186,3.372961010155606e-10,292.0,269.0,161.0,240.66666666666666,273,0
1267425,4,6,9.733690881359795,0.9644078720689815,0.0,188.0,253.0,281.5,240.83333333333334,274,0
65881,4,3,10.393701319041023,0.9162906285396784,0.0,165.0,278.0,281.5,241.5,275,0
2576289,3,38,15.643374191146124,0.7094464481903501,0.0,85.0,360.0,281.5,242.16666666666666,276,0
2732902,5,15,8.786416004631683,1.0582045988033768,0.0,232.0,217.0,281.5,243.5,277,0
1579958,4,5,7.037326541912205,0.4843459680849942,1.4138100700299869e-06,336.0,390.0,7.0,244.33333333333334,278,0
2086582,4,3,10.101785426124918,0.9111053387677512,0.0,173.0,282.0,281.5,245.5,279,0
2959457,4,5,8.775222004956353,1.0408493818364302,0.0,233.0,223.0,281.5,245.83333333333334,280,0
111282,3,5,6.198585057969479,0.8518681078866948,1.522412195898859e-07,375.0,315.0,47.5,245.83333333333334,281,0
1546968,3,17,9.378286660528138,0.964017034169843,0.0,202.0,254.0,281.5,245.83333333333334,282,0
930386,3,4,9.713648069513894,0.9293800255140469,0.0,190.0,267.0,281.5,246.16666666666666,283,0
444774,4,18,17.48277693014376,0.5206438384714218,0.0,70.0,387.0,281.5,246.16666666666666,284,0
650672,4,10,7.679385512993567,1.1904153677698366,0.0,301.0,157.0,281.5,246.5,285,0
345849,4,7,7.227086191103228,1.2662489429347303,0.0,329.0,131.0,281.5,247.16666666666666,286,0
745190,5,11,6.779165198558981,0.8137675938426774,1.2755061486410207e-07,350.0,330.0,62.0,247.33333333333334,287,0
1386562,7,12,8.501210448054799,1.0710694161880454,0.0,252.0,209.0,281.5,247.5,288,0
597124,9,15,11.975740602079576,0.767068772456797,0.0,119.0,345.0,281.5,248.5,289,0
3490322,3,16,7.617967634547215,1.1879949922798125,0.0,307.0,159.0,281.5,249.16666666666666,290,0
967428,3,24,10.43787878049754,0.8661178140876507,0.0,164.0,305.0,281.5,250.16666666666666,291,0
4062540,6,3,7.308778062712583,0.6754784783229966,1.3222391833755354e-07,324.0,366.0,61.0,250.33333333333334,292,0
3868932,5,14,6.174222055777553,0.6870187997029347,1.0447187765533608e-06,378.0,365.0,8.0,250.33333333333334,293,0
2613283,6,14,8.273558468968666,1.0735628173671876,0.0,262.0,208.0,281.5,250.5,294,0
4577157,5,20,8.795157956728525,0.9841300643969862,0.0,228.0,244.0,281.5,251.16666666666666,295,0
3560331,8,9,6.6392242668941694,0.8587073903014423,5.9412951263373544e-08,357.0,310.0,88.0,251.66666666666666,296,0
2045224,3,4,7.056843895132141,0.577982383539065,1.570893952352131e-07,335.0,381.0,39.5,251.83333333333334,297,0
2288226,13,15,7.521413060472287,0.836488683544712,3.2092845931365786e-09,311.0,320.0,129.0,253.33333333333334,298,0
1020834,4,8,8.750839738982194,0.9983091773065158,0.0,239.0,242.0,281.5,254.16666666666666,299,0
3358453,3,10,13.905939987957156,0.5316312929252964,0.0,97.0,385.0,281.5,254.5,300,0
1691331,3,5,8.081023667393152,1.065007162853778,0.0,272.0,211.0,281.5,254.83333333333334,301,0
1238707,10,12,8.22407012149975,1.0476543313396836,0.0,264.0,221.0,281.5,255.5,302,0
469400,6,8,5.600803939237446,0.6487387682235278,8.409346884577193e-06,392.0,375.0,2.0,256.3333333333333,303,0
1160604,3,13,7.624593636726183,1.126643032948802,0.0,306.0,182.0,281.5,256.5,304,0
304521,6,16,6.679920705930815,0.7834142768152637,7.640315988785205e-08,355.0,341.0,74.0,256.6666666666667,305,0
4321726,6,6,7.506494211852937,0.7802601504275062,1.573025766697413e-08,314.0,343.0,113.0,256.6666666666667,306,0
275680,8,16,7.765297882941735,1.0797688257863616,0.0,296.0,203.0,281.5,260.1666666666667,307,0
2839776,4,11,6.900137474550596,1.1900835957281866,0.0,343.0,158.0,281.5,260.8333333333333,308,0
251193,3,11,7.979939898445206,1.050421483820129,0.0,281.0,220.0,281.5,260.8333333333333,309,0
3926643,6,19,6.814262732962588,0.814505570395818,3.0243845219282936e-08,348.0,329.0,107.0,261.3333333333333,310,0
2893403,4,13,8.041594728025885,1.0316082131316338,0.0,277.0,229.0,281.5,262.5,311,0
4210635,16,14,9.24512983473631,0.8690921395437593,0.0,207.0,302.0,281.5,263.5,312,0
1863802,3,23,9.406281321418613,0.8602164961692197,0.0,201.0,309.0,281.5,263.8333333333333,313,0
2617386,4,8,8.039273065082263,1.0207161268488907,0.0,278.0,233.0,281.5,264.1666666666667,314,0
1859726,4,7,6.056715860083627,0.47358238162942756,4.131933234384098e-07,382.0,392.0,19.0,264.3333333333333,315,0
3848393,8,12,8.414457224787823,0.9385339220955345,0.0,255.0,263.0,281.5,266.5,316,0
354058,12,14,6.682646425621043,1.1592709133164476,0.0,352.0,166.0,281.5,266.5,317,0
82788,4,3,9.204195308657571,0.8536311552351407,0.0,208.0,314.0,281.5,267.8333333333333,318,0
872892,3,5,7.325805435586359,1.0857340391790864,0.0,323.0,201.0,281.5,268.5,319,0
3017282,3,6,7.145977305274686,0.5864903595198937,4.4583856441091995e-08,334.0,380.0,94.0,269.3333333333333,320,0
1522447,3,4,9.622302195005343,0.7917657849077709,0.0,192.0,336.0,281.5,269.8333333333333,321,0
370858,3,5,10.103470383006764,0.7214844694745519,0.0,172.0,357.0,281.5,270.1666666666667,322,0
572389,4,14,8.266637990369968,0.9272228589315501,0.0,263.0,268.0,281.5,270.8333333333333,323,0
757598,4,5,7.646147322546651,1.0321693571946384,0.0,304.0,228.0,281.5,271.1666666666667,324,0
4083005,9,15,6.101500568131854,0.7268108032523308,6.395324445502778e-08,381.0,356.0,80.0,272.3333333333333,325,0
4647230,3,11,8.199836318884765,0.9230457793499641,0.0,267.0,271.0,281.5,273.1666666666667,326,0
4663721,9,15,5.811891969731944,0.7308592936893872,7.064988159787464e-08,388.0,355.0,77.0,273.3333333333333,327,0
2955359,4,15,7.269493754557503,1.0612004017615424,0.0,326.0,213.0,281.5,273.5,328,0
3222808,4,12,6.833186218184754,1.095543984291489,0.0,345.0,197.0,281.5,274.5,329,0
3774157,3,6,8.160216546507618,0.9214477160698213,0.0,268.0,275.0,281.5,274.8333333333333,330,0
2510644,5,4,7.896754982671382,0.9326696751808063,0.0,285.0,265.0,281.5,277.1666666666667,331,0
568371,6,7,8.088246797680979,0.9014389576151142,0.0,271.0,284.0,281.5,278.8333333333333,332,0
3926677,3,7,4.072583072266477,0.45995742510760596,1.522412195898859e-07,400.0,394.0,47.5,280.5,333,0
4754395,4,4,9.466137114775428,0.6886983783618281,0.0,198.0,364.0,281.5,281.1666666666667,334,0
4494972,4,11,7.805677712626742,0.9188687023257012,0.0,293.0,277.0,281.5,283.8333333333333,335,0
4721332,4,4,7.5660963336632525,0.9316730915324829,0.0,309.0,266.0,281.5,285.5,336,0
383044,4,16,6.739120707511958,1.038980711801928,0.0,351.0,224.0,281.5,285.5,337,0
4379422,10,16,8.017758585133214,0.8788291629067075,0.0,279.0,297.0,281.5,285.8333333333333,338,0
2354018,3,6,5.840762937611551,0.7388344753566517,7.000936393300931e-09,387.0,352.0,121.0,286.6666666666667,339,0
2938817,13,12,7.8563575937743355,0.8888316465943472,0.0,289.0,290.0,281.5,286.8333333333333,340,0
2633996,10,8,6.312565566806356,0.6933214813656638,1.526636820651291e-09,370.0,363.0,139.0,290.6666666666667,341,0
2349939,3,17,6.981965757979097,0.9638692709716172,0.0,338.0,255.0,281.5,291.5,342,0
2551680,6,13,6.373103367313359,1.0380847097397905,0.0,369.0,225.0,281.5,291.8333333333333,343,0
909813,3,4,4.280607320713046,0.24157771142874196,6.15727252480971e-08,399.0,400.0,81.0,293.3333333333333,344,0
1061987,3,5,6.527715585083721,1.0100877883094843,0.0,364.0,236.0,281.5,293.8333333333333,345,0
4404096,6,5,7.70093146949945,0.8671527106155559,0.0,299.0,303.0,281.5,294.5,346,0
1538699,4,6,6.821912079314727,0.9520232920736502,0.0,347.0,258.0,281.5,295.5,347,0
3420181,3,14,7.263666538512957,0.9154367998196379,0.0,327.0,279.0,281.5,295.8333333333333,348,0
4647145,4,13,7.456122222536814,0.8828792257922892,0.0,316.0,294.0,281.5,297.1666666666667,349,0
1900888,3,10,7.2961948525588385,0.8956713374379855,0.0,325.0,285.0,281.5,297.1666666666667,350,0
3362588,3,11,7.339213931659495,0.8875677001737192,0.0,321.0,291.0,281.5,297.8333333333333,351,0
3856636,6,3,7.782507451564384,0.8389156157070085,0.0,294.0,319.0,281.5,298.1666666666667,352,0
3379107,3,5,5.714103297360602,0.426642942267073,4.6715943882741955e-09,389.0,397.0,125.0,303.6666666666667,353,0
3819515,3,6,7.166283166821369,0.876574927145662,0.0,332.0,298.0,281.5,303.8333333333333,354,0
4190039,3,9,6.221678642839403,0.9514317151743482,0.0,374.0,260.0,281.5,305.1666666666667,355,0
189369,7,6,7.507268614211322,0.8251212051264141,0.0,313.0,324.0,281.5,306.1666666666667,356,0
1452536,4,6,7.344186584643395,0.8317235977735438,0.0,320.0,322.0,281.5,307.8333333333333,357,0
2288278,5,15,6.962203045821939,0.8667386917199478,0.0,339.0,304.0,281.5,308.1666666666667,358,0
2300615,3,9,7.509514531865555,0.800157845226139,0.0,312.0,331.0,281.5,308.1666666666667,359,0
111116,4,5,7.5594537464770974,0.7969131267262431,0.0,310.0,333.0,281.5,308.1666666666667,360,0
4564806,3,14,6.602773839788445,0.8946484338587015,0.0,359.0,286.0,281.5,308.8333333333333,361,0
3515285,3,14,7.245402356562208,0.8323817692661395,0.0,328.0,321.0,281.5,310.1666666666667,362,0
1884461,3,13,7.333052504542834,0.8167922043202093,0.0,322.0,328.0,281.5,310.5,363,0
3161094,5,9,6.935764112627914,0.8515278914955984,0.0,341.0,316.0,281.5,312.8333333333333,364,0
3761757,6,5,7.781399732848459,0.6706920509478175,0.0,295.0,368.0,281.5,314.8333333333333,365,0
2514601,3,13,6.57882180804499,0.871247942124528,0.0,362.0,301.0,281.5,314.8333333333333,366,0
2041131,3,7,8.067639790414987,0.4663615218258581,0.0,274.0,393.0,281.5,316.1666666666667,367,0
1641912,7,8,7.172743377904278,0.7809437304025575,0.0,330.0,342.0,281.5,317.8333333333333,368,0
123590,3,6,5.946860690725772,0.885796843496447,0.0,385.0,292.0,281.5,319.5,369,0
4630710,7,7,6.176949674831127,0.8721792533150095,0.0,377.0,300.0,281.5,319.5,370,0
2691877,3,6,7.73496988340296,0.5609786059551563,0.0,297.0,384.0,281.5,320.8333333333333,371,0
2712428,6,6,5.969123881879625,0.8748650292582949,0.0,384.0,299.0,281.5,321.5,372,0
2090855,4,4,7.6282383272909,0.5964863727926581,0.0,305.0,379.0,281.5,321.8333333333333,373,0
1522426,3,4,7.148374828402501,0.7499014888641242,0.0,333.0,351.0,281.5,321.8333333333333,374,0
580596,5,6,7.389005320111426,0.6593073109702203,0.0,318.0,371.0,281.5,323.5,375,0
4548405,3,5,6.982392217156127,0.7335062857677241,0.0,337.0,353.0,281.5,323.8333333333333,376,0
3971960,5,8,7.502034969550122,0.6361016025210544,0.0,315.0,378.0,281.5,324.8333333333333,377,0
1814588,6,6,6.191013542707772,0.8501632031056114,0.0,376.0,317.0,281.5,324.8333333333333,378,0
3589130,5,7,6.142192394135904,0.8266058488285367,0.0,379.0,323.0,281.5,327.8333333333333,379,0
1107227,3,4,6.681544385945064,0.731923868127766,0.0,354.0,354.0,281.5,329.8333333333333,380,0
3790694,3,6,6.5066923239655585,0.7527131233287887,0.0,365.0,349.0,281.5,331.8333333333333,381,0
2539311,5,6,6.937280285752265,0.6361049698059286,0.0,340.0,377.0,281.5,332.8333333333333,382,0
4313482,4,13,6.2325961726692345,0.7731919218816163,0.0,373.0,344.0,281.5,332.8333333333333,383,0
1189278,5,7,6.238761932757373,0.7571624951772158,0.0,372.0,347.0,281.5,333.5,384,0
823385,3,7,6.636285892975364,0.7022606450830763,0.0,358.0,361.0,281.5,333.5,385,0
3556210,10,7,6.567957939127611,0.7104647874475649,0.0,363.0,359.0,281.5,334.5,386,0
2419870,3,9,6.597839145022413,0.6718890834092683,0.0,360.0,367.0,281.5,336.1666666666667,387,0
1575787,4,10,5.871512699784418,0.7658175684933453,0.0,386.0,346.0,281.5,337.8333333333333,388,0
790505,5,8,6.669953441655187,0.5777150278986447,0.0,356.0,382.0,281.5,339.8333333333333,389,0
2415768,5,11,6.292232121642014,0.6578084078923531,0.0,371.0,372.0,281.5,341.5,390,0
2127857,3,7,6.103510428618013,0.6607858012175285,0.0,380.0,370.0,281.5,343.8333333333333,391,0
4396010,3,10,5.235512981032361,0.7157181798390474,0.0,393.0,358.0,281.5,344.1666666666667,392,0
4375303,5,15,6.387780858438429,0.5210084598991681,0.0,367.0,386.0,281.5,344.8333333333333,393,0
757523,3,11,6.030295025525865,0.6498093351579942,0.0,383.0,374.0,281.5,346.1666666666667,394,0
1053679,3,7,4.8606877250824985,0.5610438092841781,0.0,397.0,383.0,281.5,353.8333333333333,395,0
539539,4,11,5.087669448183599,0.5113456995313359,0.0,395.0,389.0,281.5,355.1666666666667,396,0
1160630,7,10,4.553828503225565,0.5193406223434414,0.0,398.0,388.0,281.5,355.8333333333333,397,0
4655451,7,4,5.651484179912289,0.4569017385432238,0.0,391.0,395.0,281.5,355.8333333333333,398,0
2938845,5,10,5.073821723326853,0.4492716974428106,0.0,396.0,396.0,281.5,357.8333333333333,399,0
2399340,3,7,5.182631522535356,0.3194588810742034,0.0,394.0,399.0,281.5,358.1666666666667,400,0
