feature,f_score,rank,selected,vimp_cov,delta,abs_delta,sign,mean_early,mean_late,score_blend,blend_rank
hp_cfg,19.09259659618719,3,1,0.07014855334729476,0.2163200605322021,0.2163200605322021,1,-0.10816003026610015,0.10816003026610195,0.9961977186311787,1
the,7.190746131010066,39,0,0.017963941198798877,-0.015191929454087177,0.015191929454087177,-1,0.07174363845512247,0.05655170900103529,0.9404309252217997,2
greg,10.772952684468216,24,0,0.011421227203143314,0.009459308600937612,0.009459308600937612,1,0.015782897862438156,0.025242206463375768,0.9391634980988594,3
hp_step,7.1310252646295895,40,0,0.015865514021194828,-0.10453968929403382,0.10453968929403382,-1,0.05226984464701905,-0.05226984464701477,0.9378960709759189,4
volumetric,13.933004252318181,13,1,0.009064129527558685,0.005967809478952723,0.005967809478952723,1,0.006488269627566029,0.012456079106518752,0.923954372623574,5
greg rutkowski,7.242240141476154,38,0,0.016386848871174146,0.00832182163678717,0.00832182163678717,1,0.014378443108223721,0.02270026474501089,0.9226869455006338,6
rutkowski,8.314192943227662,34,0,0.014317687472223095,0.008098127705073645,0.008098127705073645,1,0.014569215305565226,0.02266734301063887,0.917617237008872,7
art,5.58985940503175,47,0,0.009906269171734983,0.010629587613777691,0.010629587613777691,1,0.04946486995089085,0.06009445756466854,0.908745247148289,8
portrait,3.3954889149143708,70,0,0.010290185017281865,0.008933632674729679,0.008933632674729679,1,0.03340833979148695,0.042341972466216626,0.8745247148288974,9
background,3.837343734784056,60,0,0.006615616238891904,0.007061713070529092,0.007061713070529092,1,0.011379881430028117,0.01844159450055721,0.8542458808618504,10
and greg,14.243211239817581,11,1,0.006356650141654208,0.004111044505557823,0.004111044505557823,1,0.006888204183493664,0.010999248689051487,0.8529784537389101,11
and,2.040041085416788,101,0,0.01627608634705861,0.009411699695519513,0.009411699695519513,1,0.06571859197335625,0.07513029166887576,0.8491761723700888,12
digital art,5.926955973825218,45,0,0.00435976691244775,-0.008397545874617772,0.008397545874617772,-1,0.01962703160940864,0.01122948573479087,0.8466413181242078,13
focus,10.272051573765655,28,0,0.005013200414746291,0.005310590728579617,0.005310590728579617,1,0.015895060460684163,0.02120565118926378,0.8466413181242078,14
masterpiece,3.07564380516745,78,0,0.008081865653463697,0.008085006396295454,0.008085006396295454,1,0.008043040548811112,0.016128046945106566,0.8466413181242078,15
by greg,3.9601175484180198,57,0,0.006701424461704986,0.0050210099985112154,0.0050210099985112154,1,0.005822690993894211,0.010843700992405426,0.8250950570342205,16
intricate,2.4210211549551413,84,0,0.010292994799315723,0.005401081057118617,0.005401081057118617,1,0.02124858853376661,0.026649669590885227,0.8250950570342205,17
alphonse,15.596877218129485,9,1,0.005475156316262132,0.0034181635025510373,0.0034181635025510373,1,0.008573556378383562,0.0119917198809346,0.8162230671736376,18
alphonse mucha,15.596877218129485,8,1,0.005411292731356285,0.0034181635025510373,0.0034181635025510373,1,0.008573556378383562,0.0119917198809346,0.8136882129277567,19
by,0.7508797371658693,146,0,0.025559591788202145,0.01313859378665913,0.01313859378665913,1,0.06610547301864922,0.07924406680530835,0.806083650190114,20
mucha,8.269833607359685,35,0,0.007155894356127168,0.0035070828584467736,0.0035070828584467736,1,0.010023936300408256,0.01353101915885503,0.8048162230671737,21
digital,15.446388580655562,10,1,0.005080387412812767,-0.0033469644386464534,0.0033469644386464534,-1,0.028330167291457254,0.0249832028528108,0.7997465145754119,22
cinematic,1.1866332201104572,129,0,0.014835184579004087,-0.007815532909717055,0.007815532909717055,-1,0.02745640885583107,0.019640875946114016,0.7972116603295311,23
art by,1.9497188141046422,104,0,0.006207263921530254,0.006159014613879223,0.006159014613879223,1,0.016682398238096766,0.022841412851975988,0.7870722433460076,24
face,3.261416475208,73,0,0.0038569511223748563,0.005778807706883717,0.005778807706883717,1,0.013442831405859055,0.019221639112742772,0.7845373891001267,25
in the,3.227253353294907,74,0,0.004056448667076943,-0.005463853942410456,0.005463853942410456,-1,0.03374539457223462,0.028281540629824162,0.779467680608365,26
in,2.9909847996454255,81,0,0.008511523864084294,-0.003935530236236939,0.003935530236236939,-1,0.07165629102485656,0.06772076078861962,0.7769328263624842,27
portrait of,1.1484576613331139,132,0,0.007191436539705868,0.007571566542534894,0.007571566542534894,1,0.020416249409715034,0.027987815952249927,0.7718631178707224,28
detailed,2.206672942701194,94,0,0.0080947371959395,0.004510537178040709,0.004510537178040709,1,0.04470662164965952,0.04921715882770023,0.7705956907477821,29
8k,0.3607273987578284,181,0,0.10497941744830867,-0.025496124994524524,0.025496124994524524,-1,0.025496124994524524,0.0,0.7693282636248416,30
volumetric lighting,2.3961966930253764,85,0,0.003681991563952244,0.005824196189392232,0.005824196189392232,1,0.003996905362225652,0.009821101551617884,0.7680608365019012,31
as,0.5538362657463719,161,0,0.009556438499034647,-0.012234864103333899,0.012234864103333899,-1,0.02632527460357646,0.01409041050024256,0.7667934093789608,32
painting of,3.695106714973236,63,0,0.003660934314846147,-0.004630462509841537,0.004630462509841537,-1,0.01771562900513347,0.013085166495291933,0.7553865652724968,33
of beautiful,3.4674485076384896,68,0,0.0036963209710559755,0.0046429214045512765,0.0046429214045512765,1,0.003943643752703855,0.008586565157255132,0.752851711026616,34
armor,5.148101681589944,50,0,0.002542774125971971,-0.004810449617355331,0.004810449617355331,-1,0.007578318508915677,0.0027678688915603457,0.7452471482889734,35
close,1.8355742510253004,108,0,0.00498079816321339,0.00536275345584247,0.00536275345584247,1,0.004898644123199157,0.010261397579041627,0.7452471482889734,36
sharp focus,11.151572591166609,22,0,0.003158285418982362,0.0032603177050189273,0.0032603177050189273,1,0.014815391482506001,0.01807570918752493,0.7376425855513308,37
trending on,3.955162505685088,58,0,0.004214332552399153,-0.0035136993220038285,0.0035136993220038285,-1,0.025285384826293375,0.021771685504289547,0.7325728770595692,38
beautiful,2.6962769636610533,83,0,0.003160974046704022,0.004889201995263295,0.004889201995263295,1,0.02573974088606347,0.030628942881326764,0.7287705956907478,39
of,0.2954531937577315,192,0,0.01584902992608782,-0.009289010955770408,0.009289010955770408,-1,0.09038498766767565,0.08109597671190524,0.7287705956907478,40
game,2.1298433337455256,97,0,0.004322272794993769,0.0047563772598275735,0.0047563772598275735,1,0.005066442006754358,0.009822819266581932,0.7262357414448669,41
artgerm,17.8566575467135,4,1,0.004897089655698014,0.0019119927534231584,0.0019119927534231584,1,0.01388890569256672,0.015800898445989878,0.7224334600760457,42
composition,0.45445671312082553,169,0,0.006979362207403706,0.006285102073545967,0.006285102073545967,1,0.00423519029880612,0.010520292372352087,0.7173637515842839,43
canvas,2.07848683455137,99,0,0.002724811139324402,0.005711754261944221,0.005711754261944221,1,0.0032050781632522313,0.008916832425196452,0.7173637515842839,44
cute,4.001675313947022,56,0,0.002000290407682267,0.004964385456905219,0.004964385456905219,1,0.0074056448428851335,0.012370030299790353,0.714828897338403,45
artstation,4.395384037709954,54,0,0.004919030049847343,0.0029182786423209567,0.0029182786423209567,1,0.03481662080482342,0.03773489944714438,0.7135614702154628,46
smooth sharp,3.3084608406040257,72,0,0.004639659890767011,-0.0033534374892535404,0.0033534374892535404,-1,0.00923645146658585,0.005883013977332309,0.7135614702154626,47
render,0.1886243745804628,209,0,0.01623818340912898,0.010064305430619671,0.010064305430619671,1,0.017757340051454486,0.027821645482074157,0.7135614702154626,48
digital painting,10.326689605535949,27,0,0.00280159237520385,0.0031943778074787817,0.0031943778074787817,1,0.01183903271059188,0.015033410518070662,0.7110266159695818,49
makoto,0.592357432945177,157,0,0.006408639405214073,0.00545896292319679,0.00545896292319679,1,0.004287342422700472,0.009746305345897262,0.7097591888466414,50
photo,0.5186396311121867,166,0,0.005816559534737494,0.006262969511769672,0.006262969511769672,1,0.02038535052392971,0.02664832003569938,0.7084917617237009,51
lighting,3.0916143029491,77,0,0.004447078090313511,0.00340325630924225,0.00340325630924225,1,0.0246586010267285,0.02806185733597075,0.70595690747782,52
on artstation,5.272913935910957,48,0,0.0030520126933306175,-0.003311905011959545,0.003311905011959545,-1,0.023754594516396513,0.020442689504436968,0.7034220532319392,53
makoto shinkai,0.592357432945177,156,0,0.005442158526169109,0.00545896292319679,0.00545896292319679,1,0.004287342422700472,0.009746305345897262,0.7008871989860582,54
japanese,9.566026622161338,31,0,0.002252027133359242,0.003262616964659799,0.003262616964659799,1,0.00371463812600342,0.006977255090663219,0.6869455006337134,55
illustration art,7.409813239730318,37,0,0.0034866403306509607,-0.0024877236817742554,0.0024877236817742554,-1,0.0063235473525930395,0.003835823670818784,0.6856780735107731,56
highly detailed,12.300249019668785,16,1,0.006550640906547946,-0.0011352152390393944,0.0011352152390393944,-1,0.0276127569002924,0.026477541661253004,0.6831432192648923,57
illustration,7.817056853669533,36,0,0.003063232708742172,0.002629170823217706,0.002629170823217706,1,0.019264645043625597,0.021893815866843302,0.6831432192648923,58
environment,0.3394836892858528,184,0,0.008521591590365935,0.005086884684445504,0.005086884684445504,1,0.0023175952146707503,0.007404479899116254,0.6806083650190113,59
shinkai,0.592357432945177,158,0,0.004266553081887401,0.00545896292319679,0.00545896292319679,1,0.004287342422700472,0.009746305345897262,0.6755386565272498,60
4k,0.0021131843683153463,256,0,0.06578630380011044,-0.021796466817508547,0.021796466817508547,-1,0.021796466817508547,0.0,0.670468948035488,61
landscape,1.4918355306376596,119,0,0.0034369120848016924,0.004142659078832499,0.004142659078832499,1,0.004714349121490946,0.008857008200323445,0.670468948035488,62
style of,2.2850602054656335,90,0,0.005012711748431613,-0.0028415088181125807,0.0028415088181125807,-1,0.018174882706504473,0.015333373888391892,0.6692015209125475,63
golden,0.4513327238816084,171,0,0.005805777244977136,-0.0049871848421617375,0.0049871848421617375,-1,0.009865738782101193,0.004878553939939456,0.6679340937896071,64
at,2.230004616496878,92,0,0.0016369687314357318,-0.005192550325596037,0.005192550325596037,-1,0.017190838638864794,0.011998288313268757,0.6679340937896071,65
highly,11.756608523034368,20,1,0.007908593439383283,-0.0009301460661765883,0.0009301460661765883,-1,0.028329683613729284,0.027399537547552696,0.667934093789607,66
dress,9.764564727557907,30,0,0.001800218019971675,0.003137144697816297,0.003137144697816297,1,0.0032724658845519395,0.006409610582368237,0.6641318124207859,67
octane,0.0021733026289538406,255,0,0.020682088080365126,0.010698286555142784,0.010698286555142784,1,0.013108457660092533,0.023806744215235317,0.6628643852978454,68
woman,19.497339942763755,1,1,0.0012698352200812245,-0.0027545806986747634,0.0027545806986747634,-1,0.015088988078017555,0.012334407379342792,0.6603295310519646,69
mm,0.2859243640922633,194,0,0.005268981592982019,0.005814908727508997,0.005814908727508997,1,0.006309893765494511,0.012124802493003508,0.6577946768060836,70
john,1.557748682934189,116,0,0.00249099640451259,0.004596275965493543,0.004596275965493543,1,0.004845111316883836,0.00944138728237738,0.6489226869455006,71
hyper,0.003323863055344536,252,0,0.014654621691285044,0.008462215832242064,0.008462215832242064,1,0.008655538152115021,0.017117753984357085,0.6463878326996197,72
octane render,0.07809713079569089,225,0,0.005344296211058619,0.008682246606667334,0.008682246606667334,1,0.011968435330176394,0.020650681936843728,0.6400506970849177,73
of the,1.8501142065073715,107,0,0.0019156160422405314,-0.0046255579955489096,0.0046255579955489096,-1,0.01516520065204417,0.010539642656495261,0.6375158428390367,74
artwork,0.2429384674295213,203,0,0.005371533864529969,-0.005375223998351878,0.005375223998351878,-1,0.010464224950661538,0.005089000952309661,0.6362484157160964,75
sampler=8,1.1487769784172646,131,0,0.0011050170986267212,-0.01100000000000001,0.01100000000000001,-1,0.994,0.983,0.6349809885931559,76
shinkai and,0.7787594614339347,143,0,0.0032221285314932785,0.003954967380989232,0.003954967380989232,1,0.002490930761686986,0.006445898142676218,0.6299112801013942,77
sharp,14.104983659844567,12,1,0.0010853435257202003,0.0026726622448299993,0.0026726622448299993,1,0.018342866323984547,0.021015528568814546,0.6286438529784538,78
unreal,0.25368320221581636,202,0,0.0069381224607057545,0.004541629349835347,0.004541629349835347,1,0.012097149721426483,0.01663877907126183,0.6248415716096325,79
ilya,3.3654043183428937,71,0,0.001147079739583307,0.0038855893188057553,0.0038855893188057553,1,0.0037890431286521503,0.007674632447457906,0.6248415716096324,80
ray,1.9241386183310016,105,0,0.0022947951826974124,0.0036881176838099066,0.0036881176838099066,1,0.0024421183711214947,0.006130236054931401,0.6223067173637515,81
smooth,10.197011524147813,29,0,0.0024895620525429087,-0.0017186147252574637,0.0017186147252574637,-1,0.011536264366414821,0.009817649641157358,0.6197718631178707,82
kuvshinov,2.1884588688242634,95,0,0.001551378521853494,0.0038525954961431573,0.0038525954961431573,1,0.0035669332639723036,0.007419528760115461,0.6185044359949302,83
light,0.022621758085426887,236,0,0.005100785574536864,0.006561153014227871,0.006561153014227871,1,0.012371850902647507,0.018933003916875378,0.6121673003802282,84
very,2.207459185544592,93,0,0.0012800027853221688,-0.003960585579432014,0.003960585579432014,-1,0.017040634342209274,0.01308004876277726,0.6108998732572877,85
ghibli,0.6481399022190563,154,0,0.0024470809589224726,0.004969284164587755,0.004969284164587755,1,0.0032065018356430804,0.008175786000230835,0.6096324461343473,86
symmetrical,11.222527244307464,21,0,0.0023752924335655604,-0.0014305223217607847,0.0014305223217607847,-1,0.009431567033962515,0.00800104471220173,0.6045627376425856,87
detail,0.10872425156467302,219,0,0.006184759612873686,0.004862420224098919,0.004862420224098919,1,0.011346225158292672,0.01620864538239159,0.6045627376425855,88
on,0.08448073563717569,224,0,0.007440869438880286,-0.004163944339562874,0.004163944339562874,-1,0.04828954342804682,0.044125599088483944,0.5994930291508238,89
concept,3.7709895221175804,61,0,0.0037168125178595837,-0.0013407817756437047,0.0013407817756437047,-1,0.024177409487546875,0.02283662771190317,0.596958174904943,90
colors,0.35532289327744465,182,0,0.0031500875479885436,0.004779361035919739,0.004779361035919739,1,0.010673953897983408,0.015453314933903147,0.5956907477820025,91
up,0.000881630731023564,258,0,0.007096460449167001,0.0055461324302787385,0.0055461324302787385,1,0.010113990761497223,0.01566012319177596,0.594423320659062,92
on the,3.675992991665257,64,0,0.0010717153772300798,0.0033483020175267882,0.0033483020175267882,1,0.010379178883028879,0.013727480900555667,0.5931558935361217,93
oil,0.0756733029691021,226,0,0.00492591278698184,0.005217921582712882,0.005217921582712882,1,0.010333336708144908,0.01555125829085779,0.5906210392902408,94
image,0.38043388184926363,179,0,0.002501329128362234,-0.005151637933316671,0.005151637933316671,-1,0.010233143852914637,0.0050815059195979655,0.5893536121673004,95
painting by,3.732449678874706,62,0,0.0013441266484849872,-0.0027393603158897446,0.0027393603158897446,-1,0.010940900817838226,0.008201540501948481,0.5893536121673004,96
trending,4.031802846220435,55,0,0.003027460198581412,-0.0013441792824418729,0.0013441792824418729,-1,0.026025003068248686,0.024680823785806813,0.5842839036755387,97
details,2.259134938564854,91,0,0.0012007691592296104,0.0034965449819755346,0.0034965449819755346,1,0.009063287964663764,0.012559832946639298,0.5830164765525981,98
robot,0.005398534696023426,248,0,0.004490653205938455,0.006234735651222309,0.006234735651222309,1,0.0037570127597735038,0.009991748410995812,0.5804816223067174,99
the style,1.0548154750692682,133,0,0.002226509227900586,-0.0035377361986307955,0.0035377361986307955,-1,0.015118129611934084,0.011580393413303289,0.5792141951837769,100
painting,3.8839899336250134,59,0,0.005057892284178791,-0.0008052897597689915,0.0008052897597689915,-1,0.03885010460523804,0.038044814845469045,0.5766793409378961,101
ilya kuvshinov,1.2196287164132102,125,0,0.0012939796803568262,0.004124372204176907,0.004124372204176907,1,0.003329324018468313,0.007453696222645221,0.5766793409378961,102
head,0.35248344679120147,183,0,0.003499205531466833,0.0038070292814751105,0.0038070292814751105,1,0.005075346018684122,0.008882375300159232,0.5741444866920152,103
studio,1.0034693868684579,137,0,0.0010823455265175394,0.005190293940078555,0.005190293940078555,1,0.007340242749229465,0.01253053668930802,0.5716096324461343,104
detailed digital,10.46093497676352,26,0,0.0014832095671297423,-0.0015822792732617663,0.0015822792732617663,-1,0.010040231688510827,0.00845795241524906,0.5678073510773131,105
with,0.7514346920414277,145,0,0.008329186116035617,-0.0016724099805849948,0.0016724099805849948,-1,0.044854782130786044,0.04318237215020105,0.5652724968314322,106
full,13.1731975065737,15,1,0.0005992170259186934,-0.002378323825886588,0.002378323825886588,-1,0.015574763034597528,0.01319643920871094,0.5640050697084917,107
intricate elegant,16.155720092609545,6,1,0.0010456197300404788,-0.0015819121829705957,0.0015819121829705957,-1,0.006433803576121398,0.004851891393150802,0.5576679340937897,108
concept art,8.59089119263264,33,0,0.0026248088613152532,0.0008815466616895022,0.0008815466616895022,1,0.020179562887953004,0.021061109549642507,0.5576679340937896,109
focus illustration,19.27716764680925,2,1,0.0007642897324582705,-0.0016052131019636652,0.0016052131019636652,-1,0.008864370852545654,0.0072591577505819885,0.5475285171102661,110
movie,0.23249000920394483,205,0,0.002860359334487996,-0.004427220912973285,0.004427220912973285,-1,0.014487566912042768,0.010060345999069483,0.5475285171102661,111
artstation concept,4.707938864720941,52,0,0.0015247343203308107,-0.0016221879410025005,0.0016221879410025005,-1,0.009731677934635799,0.008109489993633298,0.541191381495564,112
out,1.360672424417887,121,0,0.0016185906234603635,-0.0030240726413432485,0.0030240726413432485,-1,0.008255659713405552,0.005231587072062303,0.541191381495564,113
rutkowski and,10.599709487367377,25,0,0.0031212039094728806,-5.271133334732586e-05,5.271133334732586e-05,-1,0.00837946759043949,0.008326756257092165,0.5361216730038023,114
hyper detailed,5.998949233528702e-05,263,0,0.003555822597357392,0.0055375270229029595,0.0055375270229029595,1,0.0032180091918849727,0.008755536214787932,0.5335868187579215,115
rendered,0.9540268360549491,140,0,0.0013760834243634699,0.0034691180762995663,0.0034691180762995663,1,0.003190422777634027,0.006659540853933593,0.532319391634981,116
color,1.9900598393797848,103,0,0.002504010210147594,-0.0017731411645173969,0.0017731411645173969,-1,0.013504963543215348,0.01173182237869795,0.5310519645120405,117
body,6.495088877722998,41,0,0.0006381194876668608,-0.0023302713540295783,0.0023302713540295783,-1,0.011958379601011131,0.009628108246981553,0.5310519645120405,118
fantasy,0.1339993370767332,215,0,0.0023674157811009434,0.005017717132236577,0.005017717132236577,1,0.01634130938174121,0.021359026513977787,0.5297845373891001,119
painting artstation,3.2105921372931956,75,0,0.0014867208805513534,-0.0018343924113791632,0.0018343924113791632,-1,0.008229225922597505,0.006394833511218342,0.5297845373891,120
and alphonse,12.260490218624865,17,1,0.0017519182896938705,0.0005905439426812627,0.0005905439426812627,1,0.006178860550189013,0.0067694044928702755,0.5272496831432193,121
art smooth,6.097575096834156,44,0,0.00039728179285099843,-0.002712416481248068,0.002712416481248068,-1,0.007107041077788911,0.004394624596540843,0.5259822560202788,122
hair,15.612563176146255,7,1,0.0018894357553530413,0.00023779657034582458,0.00023779657034582458,1,0.013724863592117591,0.013962660162463416,0.5259822560202788,123
white,2.7430693423150587,82,0,0.0007449788137848119,0.002781318822701804,0.002781318822701804,1,0.016235267994782764,0.019016586817484568,0.5221799746514576,124
girl,3.011543974071604,79,0,0.0021297863712625925,-0.0014911525076607528,0.0014911525076607528,-1,0.013190470275384883,0.01169931776772413,0.5209125475285171,125
style,5.617421634425533,46,0,0.0019832490633043946,0.000935616914199907,0.000935616914199907,1,0.02701627989832576,0.02795189681252567,0.5196451204055766,126
photography,1.239182213600802,124,0,0.0006267492045381445,-0.0040350080048244235,0.0040350080048244235,-1,0.013420451469245807,0.009385443464421384,0.5183776932826363,127
high,1.2442363787588053,123,0,0.0044430143126865645,-0.0011705162787057875,0.0011705162787057875,-1,0.023046745091174832,0.021876228812469044,0.5183776932826363,128
old,0.00910829316421368,247,0,0.0025936175281360396,0.005319239970202159,0.005319239970202159,1,0.0037171619436838924,0.009036401913886051,0.514575411913815,129
resolution,0.6339973019479127,155,0,0.0020366675871957276,-0.003106714724120642,0.003106714724120642,-1,0.00949494811294152,0.006388233388820878,0.5133079847908745,130
matte,0.13835502160488608,213,0,0.0023476922892074446,-0.00408293885529039,0.00408293885529039,-1,0.011817656772333636,0.0077347179170432455,0.5057034220532319,131
elegant,10.869598529797955,23,0,0.0011615994098529525,0.0008924628869947677,0.0008924628869947677,1,0.01034751203948431,0.011239974926479077,0.5031685678073511,132
like,3.636475706490936,65,0,0.0005669455713845735,0.002275113206394735,0.002275113206394735,1,0.0046628011856545476,0.006937914392049283,0.4904942965779468,133
sky,0.2593654970657445,201,0,0.0018729482135441387,0.0037934264841600895,0.0037934264841600895,1,0.003427527280814316,0.0072209537649744054,0.4892268694550063,134
close up,1.008800831959494,135,0,0.0008224489690183036,0.003346890227930513,0.003346890227930513,1,0.0047848787796488535,0.008131769007579366,0.4879594423320659,135
hyper realistic,2.178494745591608,96,0,0.000483253215228525,0.003185302180390341,0.003185302180390341,1,0.004917907251748786,0.008103209432139127,0.4866920152091255,136
eyes,2.0130364655251665,102,0,0.00247772652268382,0.0011188304359903718,0.0011188304359903718,1,0.010272469053933388,0.01139129948992376,0.4866920152091255,137
glowing,0.24072748691183576,204,0,0.0029380347371036437,0.003022188973786287,0.003022188973786287,1,0.004050142596397739,0.007072331570184026,0.4866920152091255,138
cyberpunk,0.6923316380972605,150,0,0.0011477891887388693,-0.0032194454979934187,0.0032194454979934187,-1,0.012156257723717074,0.008936812225723656,0.4841571609632446,139
craig,4.486687203001255,53,0,0.00022471561746985363,0.0025733780157588763,0.0025733780157588763,1,0.003944670165121299,0.006518048180880176,0.47782002534854245,140
elegant highly,11.858772540739686,19,1,0.0008557198497090206,-0.0006665789826756172,0.0006665789826756172,-1,0.005045515407029083,0.0043789364243534655,0.47655259822560203,141
holding,3.5734089988956117,67,0,0.0008382519292496566,-0.0016224406131662749,0.0016224406131662749,-1,0.008210041326808396,0.006587600713642121,0.476552598225602,142
ultra detailed,0.41250714983987735,174,0,0.0021769827825821606,0.002710147972179346,0.002710147972179346,1,0.003721087406842658,0.006431235379022004,0.4752851711026616,143
from,0.5642035402662446,160,0,0.004179259019775859,-0.0013305502765095095,0.0013305502765095095,-1,0.023533150183177615,0.022202599906668105,0.47401774397972113,144
skin,13.287452817591962,14,1,0.0003505372935274958,-0.0013237662807631641,0.0013237662807631641,-1,0.0060277017611682455,0.004703935480405081,0.4727503168567808,145
night,0.9905689343625873,138,0,0.00040046283927098477,-0.0038992438838571127,0.0038992438838571127,-1,0.01044720243494903,0.006547958551091918,0.47275031685678076,146
dragon,0.7694187796779389,144,0,0.0004835845799844688,-0.003849074507311031,0.003849074507311031,-1,0.006597603822603855,0.0027485293152928244,0.47021546261089986,147
painting trending,2.0407557250168327,100,0,0.0010731828241545434,0.0018722863485315985,0.0018722863485315985,1,0.002799250103940108,0.004671536452471706,0.46894803548795944,148
realism,2.3903171150920492,86,0,0.00041098504209642774,0.0026223762902948984,0.0026223762902948984,1,0.00435426469563491,0.006976640985929808,0.46768060836501907,149
by artgerm,6.327332552060331,43,0,0.001467476797114378,0.0003104947902675924,0.0003104947902675924,1,0.009009061820910215,0.009319556611177808,0.4664131812420786,150
big,0.40374819644618926,175,0,0.0015859884410317452,0.0028851268475687305,0.0028851268475687305,1,0.005843305669113038,0.008728432516681768,0.4664131812420786,151
her,4.890545396552823,51,0,0.00028607223802682,-0.002061019214238395,0.002061019214238395,-1,0.006714789950988579,0.004653770736750184,0.46514575411913817,152
unreal engine,0.004850125778156646,249,0,0.0027740782946879794,0.003594056438045147,0.003594056438045147,1,0.01122345498378403,0.014817511421829178,0.458808618504436,153
gold,0.019790009823785103,237,0,0.0022037468965996404,0.0038133510503830957,0.0038133510503830957,1,0.004842976495611959,0.008656327545995055,0.4562737642585552,154
beeple,0.10549572146459249,220,0,0.0031553100332984024,0.002648141950859062,0.002648141950859062,1,0.005081701005623585,0.007729842956482647,0.4550063371356147,155
engine,0.0025081430576812825,254,0,0.003266130528186527,0.0032944969341538923,0.0032944969341538923,1,0.011806376812645736,0.015100873746799628,0.4499366286438529,156
of field,0.5075598373490805,167,0,0.0022850228093417753,0.0019362474624616257,0.0019362474624616257,1,0.003798747444508653,0.005734994906970279,0.4486692015209126,157
photo of,1.5304751960401866,118,0,0.0005923995299059522,0.00261281271082958,0.00261281271082958,1,0.01124680868360499,0.01385962139443457,0.44106463878326996,158
soft,1.0071928721411858,136,0,0.0010926806293088606,-0.0020324989667274288,0.0020324989667274288,-1,0.008604591924177877,0.006572092957450448,0.43852978453738906,159
jean,3.0100919860207993,80,0,0.000797933974685074,0.0012229168405743663,0.0012229168405743663,1,0.008447052050280707,0.009669968890855073,0.4321926489226869,160
design,0.18857202946340842,210,0,0.0014151224061417199,-0.003298868651837296,0.003298868651837296,-1,0.011388298055502542,0.008089429403665246,0.4309252217997465,161
james jean,9.42381828839262,32,0,0.0006780482892703152,0.0004329364142677877,0.0004329364142677877,1,0.005662510136783164,0.006095446551050951,0.4309252217997465,162
artgerm and,12.100369192275751,18,1,0.0006478117430448681,-0.0001813556894282118,0.0001813556894282118,-1,0.007622287862611562,0.00744093217318335,0.4296577946768061,163
black,0.7229856734187916,147,0,0.0004015940212215432,0.003326106719699365,0.003326106719699365,1,0.01577399869973807,0.019100105419437435,0.42839036755386567,164
wlop,3.4346263526994125,69,0,0.0015787119670681734,-0.00013442802634472222,0.00013442802634472222,-1,0.00905268025327945,0.008918252226934728,0.4258555133079847,165
an,1.641894667430376,113,0,0.0028369549858471084,-0.00016526627758451165,0.00016526627758451165,-1,0.021350808983769308,0.021185542706184796,0.4245880861850444,166
wearing,2.290026848246236,89,0,0.0007989687950891921,0.0012302004438819562,0.0012302004438819562,1,0.016352905956912363,0.01758310640079432,0.4245880861850444,167
made of,0.11819812118318752,218,0,0.0010005705535451291,0.0038162820977639413,0.0038162820977639413,1,0.003844160224350537,0.007660442322114478,0.42078580481622313,168
angle,0.31920167193447346,186,0,0.0006094477155961391,-0.003617870307342322,0.003617870307342322,-1,0.0061488132721222045,0.0025309429647798823,0.41951837769328265,169
studio ghibli,0.28786276342400574,193,0,0.0005868464872464079,0.003759002105673008,0.003759002105673008,1,0.0027019878889777524,0.0064609899946507605,0.40937896070975915,170
anime,0.39482180475632683,176,0,0.0006693855595497918,0.003203535146925243,0.003203535146925243,1,0.010892477384008958,0.014096012530934201,0.4093789607097591,171
space,6.486100834342422,42,0,2.938733673851497e-08,-0.0013296720254597268,0.0013296720254597268,-1,0.009996046813170935,0.008666374787711208,0.4055766793409379,172
ultra,0.9490012467427844,141,0,0.0018087149192796334,0.0010346375273101727,0.0010346375273101727,1,0.012857340815752459,0.013891978343062631,0.4043092522179974,173
beksinski,1.7191264226943197,112,0,0.0013125010991445955,0.0009040156191830228,0.0009040156191830228,1,0.006273433194146647,0.00717744881332967,0.4017743979721166,174
frank,0.04976242270428607,231,0,0.0010799780286899305,0.003524771547237573,0.003524771547237573,1,0.002933613776177305,0.006458385323414878,0.3967046894803549,175
hd,0.050553786836204324,230,0,0.0028434468972000295,0.0019638155374240296,0.0019638155374240296,1,0.010746088817274903,0.012709904354698933,0.3967046894803549,176
perfect,3.607164270641962,66,0,0.0,0.0018985263932854643,0.0018985263932854643,1,0.004149723594917725,0.006048249988203189,0.3967046894803549,177
view,0.21438857122165875,208,0,0.002430302922701439,-0.0018313153801283108,0.0018313153801283108,-1,0.009687599214671381,0.00785628383454307,0.39543726235741444,178
young,0.27860380155673037,196,0,0.0014749458001492508,0.002116777354769306,0.002116777354769306,1,0.009998762107307825,0.012115539462077132,0.3916349809885931,179
long,0.5191848794044983,165,0,0.0009380209043118901,-0.002050526545066901,0.002050526545066901,-1,0.009707913953128451,0.007657387408061551,0.38910012674271227,180
james,5.236107623625641,49,0,0.0003045813718387553,0.0009259642943238253,0.0009259642943238253,1,0.009971049810779484,0.01089701410510331,0.38783269961977185,181
blue,1.555759394325174,117,0,0.0007146973724748805,-0.0012250540575792206,0.0012250540575792206,-1,0.010625452715524526,0.009400398657945305,0.38149556400506973,182
illumination,0.3028512014901315,189,0,0.0003605134902570794,0.0034194703614351223,0.0034194703614351223,1,0.0032016125637192696,0.006621082925154392,0.3789607097591889,183
full body,16.52154448397516,5,1,0.0,-0.0004656937192724017,0.0004656937192724017,-1,0.006607316615170626,0.006141622895898224,0.3789607097591888,184
van,1.217022866798309,126,0,6.56404501208267e-05,0.002530633189747546,0.002530633189747546,1,0.00517182695841957,0.007702460148167116,0.3726235741444867,185
depth of,0.9718963890814799,139,0,0.0004378417771949996,0.002025283838039563,0.002025283838039563,1,0.00349099115247997,0.005516274990519533,0.3726235741444867,186
his,0.0027802144904541283,253,0,0.0009381978740405032,-0.0037928619263856364,0.0037928619263856364,-1,0.00930480209668778,0.005511940170302144,0.3688212927756654,187
shot,1.3314410211558798,122,0,0.00018729657377305087,0.0019834186949277324,0.0019834186949277324,1,0.010048478557854257,0.01203189725278199,0.3624841571609632,188
behance,1.592189302450001,114,0,0.0005654794068468808,0.0011232500384774167,0.0011232500384774167,1,0.004748848376359495,0.005872098414836911,0.35868187579214195,189
dramatic lighting,1.2153507727120487,128,0,0.000669624329484443,0.0010918418573777101,0.0010918418573777101,1,0.004641625869938884,0.005733467727316594,0.3523447401774398,190
futuristic,1.0464817711259655,134,0,0.0012730584326934693,0.0005410589856834729,0.0005410589856834729,1,0.00758422512499158,0.008125284110675052,0.35107731305449935,191
forest,0.009942549732936106,243,0,0.0010843730540117304,-0.0030180394933936924,0.0030180394933936924,-1,0.009579961792322931,0.0065619222989292385,0.3485424588086185,192
still,0.22021634333452111,207,0,0.0006403225737476568,0.0026557827200455984,0.0026557827200455984,1,0.01041866171343419,0.013074444433479788,0.3409378960709759,193
to,1.8513283841746813,106,0,0.0,-0.0018142742288258795,0.0018142742288258795,-1,0.011425161610825066,0.009610887381999186,0.3384030418250951,194
epic,0.3374800126469293,185,0,0.002539418501137776,0.0003449594616207474,0.0003449594616207474,1,0.012362765554210961,0.012707725015831709,0.3358681875792142,195
giger,1.1561296951426379,130,0,0.0,0.0023170446608184415,0.0023170446608184415,1,0.004040320723461224,0.006357365384279666,0.3346007604562738,196
dramatic,0.2962274206141443,191,0,0.0023746503056771592,-0.0004609050863781262,0.0004609050863781262,-1,0.009824146443688418,0.009363241357310292,0.32446134347275035,197
man,1.7461649978359923,111,0,0.0004974313540058388,-0.0006966522592951937,0.0006966522592951937,-1,0.010977122384622139,0.010280470125326945,0.3231939163498099,198
global,0.30285120149013134,190,0,0.00037246616679037075,0.0024847047303292054,0.0024847047303292054,1,0.003220445437508911,0.005705150167838117,0.32192648922686945,199
photorealistic,0.01307293426289713,240,0,0.0028916975824939866,-0.0010171815860599773,0.0010171815860599773,-1,0.01385803888943938,0.012840857303379402,0.32192648922686945,200
cat,0.8012806024066835,142,0,0.0,-0.002333712460642151,0.002333712460642151,-1,0.010576780821206342,0.00824306836056419,0.32192648922686945,201
ornate,0.5332389659942838,163,0,0.0002305608826484049,0.002134483036777681,0.002134483036777681,1,0.004362767768099162,0.0064972508048768435,0.32192648922686945,202
made,0.13414255460977284,214,0,0.000251561856527073,0.003235933280589456,0.003235933280589456,1,0.008223738542332056,0.011459671822921512,0.31432192648922685,203
peter,0.5385428638060324,162,0,8.475220840365043e-05,0.0021965682447089158,0.0021965682447089158,1,0.008076082215241812,0.010272650459950728,0.31432192648922685,204
dark,0.6833721381000217,151,0,0.0013624830117458559,-0.00016074556794056644,0.00016074556794056644,-1,0.018654775203493654,0.018494029635553088,0.31432192648922685,205
city,1.5639259723783632,115,0,0.0,-0.0016504498015879367,0.0016504498015879367,-1,0.011079977576471431,0.009429527774883494,0.31432192648922685,206
high detail,0.2216863102322598,206,0,0.0016652301362148417,-0.0009704464096135616,0.0009704464096135616,-1,0.008155914332714665,0.0071854679231011034,0.3105196451204056,207
cgsociety,3.1935444043707046,76,0,0.000246380561887177,-0.00018232019748704118,0.00018232019748704118,-1,0.007310047938691848,0.007127727741204807,0.30798479087452474,208
sampler=2,2.3364548494983373,87,0,0.0,-0.001,0.001,-1,0.001,0.0,0.30544993662864384,209
award winning,0.39262801916644663,178,0,0.00017329050741480355,-0.0023447865129137763,0.0023447865129137763,-1,0.01003965374045436,0.007694867227540584,0.30544993662864384,210
character,0.00045498680018096895,261,0,0.0008871362970689405,0.002726172033859567,0.002726172033859567,1,0.011927167189036737,0.014653339222896303,0.302915082382763,211
art sharp,1.821614241509261,109,0,0.00023726585397029006,0.000900151551107379,0.000900151551107379,1,0.003342373759024041,0.00424252531013142,0.30164765525982257,212
gothic,2.1218761160155406,98,0,0.0,0.0010815210005626092,0.0010815210005626092,1,0.004639268463034357,0.005720789463596966,0.3003802281368821,213
film,0.14245742594049576,212,0,0.00032281501671030144,-0.002613405122489798,0.002613405122489798,-1,0.009390795923828486,0.0067773908013386884,0.29150823827629907,214
from the,1.8178416785283442,110,0,0.0004579111814025243,0.0001512985745014848,0.0001512985745014848,1,0.006081637351169861,0.006232935925671346,0.2864385297845374,215
stunning,1.2159767570665099,127,0,0.0006448475834125807,0.00011165221427081491,0.00011165221427081491,1,0.005905603740814143,0.006017255955084958,0.2826362484157161,216
matte painting,0.009183939103860355,245,0,0.000510097922006744,-0.002663263378104923,0.002663263378104923,-1,0.008568090890066084,0.005904827511961161,0.2813688212927757,217
hyperrealistic,0.26100087410956874,200,0,0.000382122829166731,-0.0018621842283956802,0.0018621842283956802,-1,0.009905729041325783,0.008043544812930103,0.2801013941698352,218
extremely detailed,0.7196343463911897,148,0,0.0,-0.0017177118376179028,0.0017177118376179028,-1,0.0050163938387865585,0.0032986820011686557,0.27883396704689484,219
peter mohrbacher,0.4541205160141944,170,0,0.0007166480012493254,0.0006980304399421041,0.0006980304399421041,1,0.005424154893153139,0.006122185333095243,0.2750316856780735,220
winning,0.3926280191664479,177,0,0.0003384075850804961,-0.0014261132313997584,0.0014261132313997584,-1,0.00996661308200698,0.008540499850607222,0.26869455006337134,221
realistic,7.714647114431509e-05,262,0,0.0012797756664660854,0.0017161400456683698,0.0017161400456683698,1,0.02206756212121093,0.0237837021668793,0.267427122940431,222
colorful,0.6951365773641077,149,0,0.0003506673969069994,-0.0008258236599571096,0.0008258236599571096,-1,0.008019705165019082,0.007193881505061972,0.26362484157160965,223
field,0.017878606402646706,238,0,0.0013338304095264406,0.0010731527178698495,0.0010731527178698495,1,0.006155092310796632,0.007228245028666482,0.2610899873257288,224
female,0.029193942222929325,232,0,0.0011325442065694487,0.0011026969694984713,0.0011026969694984713,1,0.006959412905284183,0.008062109874782654,0.25855513307984795,225
cinematic lighting,0.1516802583023555,211,0,7.985242599029646e-06,-0.002404129394386706,0.002404129394386706,-1,0.009213069753858898,0.006808940359472192,0.2585551330798479,226
global illumination,0.3028512014901332,188,0,0.0,0.0022038513677064718,0.0022038513677064718,1,0.003239857874427257,0.005443709242133729,0.2585551330798479,227
depth,0.11868026172057697,217,0,0.0008034627915439864,0.0011433574470512357,0.0011433574470512357,1,0.004310789675251763,0.005454147122302999,0.2572877059569075,228
award,0.13293565277056832,216,0,0.0,-0.0027418236593607388,0.0027418236593607388,-1,0.010590585808092324,0.007848762148731585,0.25475285171102663,229
photograph,0.2619408555405766,199,0,0.0,0.002389754598150313,0.002389754598150313,1,0.010171862096118907,0.01256161669426922,0.2534854245880862,230
large,0.6752536528466897,152,0,0.0,0.0011784112014342164,0.0011784112014342164,1,0.005049360710769843,0.00622777191220406,0.2420785804816223,231
sampler=5,2.3364548494983133,88,0,0.0,0.0,0.0,0,0.001,0.001,0.2420785804816223,232
ultra realistic,0.36562470567679467,180,0,0.0007045278358674872,-0.0002544250699126737,0.0002544250699126737,-1,0.0063042175071871724,0.006049792437274499,0.23447401774397972,233
thomas,0.660915475573805,153,0,0.0005205197498332485,-5.4927095535213175e-05,5.4927095535213175e-05,-1,0.005412656482490682,0.005357729386955469,0.2344740177439797,234
extremely,1.3631556223360495,120,0,0.0,0.0004259465274903413,0.0004259465274903413,1,0.006132530400557101,0.006558476928047442,0.2281368821292776,235
medieval,0.08706351451187523,223,0,0.0009434923391238014,0.0006429212838851874,0.0006429212838851874,1,0.00465278275023029,0.005295704034115477,0.22053231939163498,236
scene,0.0034433416262758666,251,0,0.0004754402244662717,-0.0017905566028553989,0.0017905566028553989,-1,0.005831467055630597,0.004040910452775198,0.21799746514575413,237
vibrant,0.5823866998393855,159,0,7.013003253165983e-05,-0.000665661387111399,0.000665661387111399,-1,0.006188997810921892,0.005523336423810493,0.21419518377693283,238
quality,0.058212615126743465,227,0,0.0002911316359568754,0.0016435717475647062,0.0016435717475647062,1,0.008392241041299722,0.010035812788864428,0.21166032953105196,239
lens,0.0044058337061153785,250,0,0.0008412457685388622,-0.001061410264548441,0.001061410264548441,-1,0.006617000954331229,0.005555590689782788,0.21039290240811157,240
red,0.2626480400931325,198,0,0.0005030541435040937,0.0006126075106431886,0.0006126075106431886,1,0.012476591042335854,0.013089198552979043,0.20912547528517111,241
poster,0.024920450075545275,234,0,0.0001482276307419677,-0.001859933651691955,0.001859933651691955,-1,0.007404173647363082,0.005544239995671127,0.20659062103929027,242
room,0.27871228574905615,195,0,0.0,-0.0014710281348673197,0.0014710281348673197,-1,0.006269231405147889,0.00479820327028057,0.2015209125475285,243
standing,0.457844487322896,168,0,0.0,0.000935752681158533,0.000935752681158533,1,0.004983414777748283,0.005919167458906816,0.19898605830164764,244
sampler=1,0.4283261802575081,173,0,0.0,-0.001,0.001,-1,0.001,0.0,0.1964512040557668,245
alien,0.010189641371337125,242,0,0.00031833883444796893,0.0016112336355838504,0.0016112336355838504,1,0.005793267278604602,0.007404500914188452,0.19264892268694553,246
giant,0.09032030404643338,222,0,0.0,0.0017823281357075109,0.0017823281357075109,1,0.0047373319990585035,0.006519660134766014,0.18884664131812423,247
sitting,0.009626242268967834,244,0,0.0,-0.0020623771056391144,0.0020623771056391144,-1,0.00692381439738609,0.004861437291746975,0.18250950570342206,248
oil painting,0.0005117761677506324,260,0,0.0008043460606660593,0.000821268951898298,0.000821268951898298,1,0.00873565485278052,0.009556923804678819,0.1711026615969582,249
of an,0.5328607300290628,164,0,0.0,-0.00037801708392160363,0.00037801708392160363,-1,0.007839652152709747,0.007461635068788143,0.17110266159695817,250
for,0.3033194349192034,187,0,0.0,0.0009090919008696401,0.0009090919008696401,1,0.006239157031872152,0.007148248932741792,0.16983523447401774,251
dynamic,0.027203030109409995,233,0,0.0,0.001696569296592708,0.001696569296592708,1,0.0046804902512998185,0.0063770595478925265,0.16856780735107732,252
hdr,0.44924245989167344,172,0,0.0,0.00035652220816807627,0.00035652220816807627,1,0.004706239020313212,0.005062761228481288,0.1596958174904943,253
mohrbacher,0.27524582464391767,197,0,0.0001790428629798044,0.0002555176827949788,0.0002555176827949788,1,0.006046574957806674,0.006302092640601653,0.15209125475285173,254
tom,0.023888698935804697,235,0,0.00018527072609367154,-0.0010139495986049374,0.0010139495986049374,-1,0.005397776971765284,0.004383827373160346,0.15082382762991128,255
green,0.0006321632357751607,259,0,0.0,-0.0016890038248092293,0.0016890038248092293,-1,0.006600571641214787,0.004911567816405558,0.13434727503168567,256
wide,0.00915558002232185,246,0,0.0003493463591075642,-0.00047793861558511827,0.00047793861558511827,-1,0.005920099093328239,0.005442160477743121,0.12420785804816221,257
is,0.05589668214435716,228,0,0.0003118341061583646,0.0002005377732805548,0.0002005377732805548,1,0.01316485700687053,0.013365394780151085,0.12294043092522179,258
sampler=3,0.015889189619485027,239,0,0.0,0.001,0.001,1,0.003,0.004,0.11280101394169835,259
neon,0.0014772070951794905,257,0,0.00034638206077944306,0.0004589844450308342,0.0004589844450308342,1,0.004313747777229413,0.0047727322222602475,0.10519645120405578,260
high quality,0.05464521283343105,229,0,0.00013880413623785845,0.00015064327790762205,0.00015064327790762205,1,0.0060928405077182715,0.0062434837856258935,0.09632446134347276,261
rossdraws,0.01069961904090908,241,0,6.386123818280703e-05,0.0002872489322829942,0.0002872489322829942,1,0.004235436377165836,0.0045226853094488305,0.08871989860583017,262
front,0.09431412879085459,221,0,0.0,-6.433482326777609e-05,6.433482326777609e-05,-1,0.006555459271112109,0.006491124447844333,0.07731305449936629,263
