y,batch,episode,step,x_n_toks,x_n_chars,x_avg_word,x_qmark,x_bang,x_hedge,x_formal,x_i_count,x_newlines,x_upper,x_refuse,x_please,x_thank,x_step
0,0,0,0,0.035,0.05125,0.485714,0.2,0,0,0,0,0,0.0243902,0,0,0,0
1,0,0,1,0.55,0.67125,0.367273,0,0,0.2,0,0,0.6,0.0111732,0,0,0,0.125
0,0,0,2,0.11,0.1375,0.381818,0,0.2,0,0,0,0,0.0181818,0,0,0,0.25
1,0,1,0,0.34,0.44875,0.413235,0,0,0,0,0.1,0,0.0111421,0,0,0,0
0,0,1,1,0.085,0.0925,0.329412,0,0.2,0,0,0,0,0.027027,0,0,0,0.125
1,0,1,2,0.25,0.3475,0.438,0,0,0,0,0,0,0.0107914,0,0,0,0.25
1,0,2,0,0.225,0.25375,0.342222,0.4,0,0,0,0,0,0.0147783,0,0,0,0
1,0,2,1,0.295,0.3975,0.433898,0,0,0.2,0,0,0,0.00628931,0,0,0,0.125
0,0,3,0,0.07,0.08,0.357143,0.2,0,0,0,0,0,0.015625,0,0,0,0
1,0,3,1,0.25,0.30625,0.382,0,0,0.2,0,0,0,0.00816327,0,0,0,0.125
1,0,3,2,0.285,0.36375,0.4,0.2,0,0,0,0,0,0.0103093,0,0,0,0.25
1,0,3,3,0.21,0.2525,0.359524,0,0,0,0,0,0,0.0148515,0,0,0,0.375
0,0,3,4,0.03,0.03,0.3,0,0,0,0,0,0,0.0416667,0,0,0,0.5
1,0,4,0,0.15,0.20125,0.41,0,0,0,0,0.1,0,0.0186335,0,0,0,0
1,0,4,1,0.195,0.26,0.412821,0,0,0,0,0.1,0,0.0144231,0,0,0,0.125
1,0,4,2,0.18,0.21,0.352778,0,0,0,0,0.2,0,0.0297619,0,0,0,0.25
0,0,5,0,0.095,0.12,0.394737,0.4,0,0,0,0,0,0.0208333,0,0,0,0
0,0,5,1,0.05,0.07,0.44,0.4,0,0,0,0,0,0.0357143,0,0,0,0.125
0,0,5,2,0.07,0.09375,0.385714,0,0.2,0,0,0,0.1,0.04,0,0,0,0.25
1,0,5,3,0.17,0.225,0.408824,0.2,0,0,0,0,0.1,0.0222222,0,0,0,0.375
0,0,6,0,0.02,0.02375,0.35,0,0,0,0,0,0,0.0526316,0,0,0,0
0,0,6,1,0.07,0.08,0.35,0,0,0,0,0,0,0.03125,0,0,0,0.125
1,0,6,2,0.17,0.20375,0.367647,0.2,0,0.2,0,0,0,0.0122699,0,0,0,0.25
0,0,7,0,0.005,0.01375,1,0,0.2,0,0,0,0,0.0909091,0,0,0,0
0,0,7,1,0.055,0.07375,0.436364,0,0,0,0,0,0,0.0338983,0,0,0,0.125
0,0,7,2,0.11,0.11375,0.3,0,0,0,0,0.1,0,0.032967,0,0,0,0.25
0,0,8,0,0.06,0.10125,0.558333,0,0,0,0,0,0,0.0740741,0,0,0,0
0,0,8,1,0.095,0.15875,0.557895,0,0,0,0,0.1,0,0.0944882,0,0,0,0.125
0,0,9,0,0.085,0.11875,0.435294,0,0,0,0,0,0.2,0.0526316,0,0,0,0
0,0,9,1,0.05,0.07125,0.46,0,0.2,0,0,0,0,0.0350877,0,0,0,0.125
0,0,10,0,0.085,0.09125,0.323529,0,0,0,0,0.1,0,0.0547945,0,0,0,0
0,0,10,1,0.045,0.05375,0.366667,0,0,0.2,0,0.1,0,0.0465116,0,0,0,0.125
0,0,11,0,0.09,0.16625,0.633333,0,0,0,0,0,0,0.0225564,0,0,0,0
0,0,11,1,0.085,0.10625,0.394118,0,0,0,0,0,0,0.0352941,0,0,0,0.125
1,0,12,0,0.52,0.6975,0.421154,0,0,0.2,0,0,0,0.0107527,0,0,0,0
0,0,12,1,0.065,0.07625,0.353846,0.2,0,0,0,0.1,0,0.0491803,0,0,0,0.125
1,0,13,0,0.17,0.23,0.417647,0,0,0,0,0,0.6,0.0217391,0,0,0,0
1,0,13,1,0.245,0.3275,0.418367,0,0,0,0,0,0.6,0.0152672,0,0,0,0.125
0,0,14,0,0.07,0.09875,0.428571,0.2,0,0,0,0.1,0,0.0379747,0,0,0,0
1,0,14,1,0.145,0.20875,0.468966,0.2,0,0,0,0,0,0.0299401,0,0,0,0.125
0,0,15,0,0.07,0.0725,0.307143,0,0,0,0,0,0,0.0344828,0,0,0,0
0,0,15,1,0.045,0.04625,0.311111,0,0,0,0,0,0,0.027027,0,0,0,0.125
0,0,15,2,0.085,0.11625,0.447059,0,0,0,0,0,0,0.0215054,0,0,0,0.25
0,0,15,3,0.07,0.0725,0.307143,0,0,0,0,0,0,0.0344828,0,0,0,0.375
1,0,16,0,0.26,0.3425,0.407692,0.2,0,0,0,0.2,0,0.0255474,0,0,0,0
0,0,16,1,0.065,0.08125,0.384615,0,0,0,0,0,0,0.0307692,0,0,0,0.125
0,0,17,0,0.06,0.07125,0.358333,0,0.2,0.2,0,0,0,0.0350877,0,0,0,0
0,0,17,1,0.03,0.03875,0.383333,0.4,0,0,0,0,0,0.0645161,0,0,0,0.125
0,0,18,0,0.03,0.02875,0.3,0,0,0,0,0,0,0.0434783,0,0,0,0
0,0,18,1,0.075,0.08875,0.38,0,0,0,0,0,0,0.0140845,0,0,0,0.125
0,0,18,2,0.005,0.0025,0.2,0,0,0,0,0,0,0.5,0,0,0,0.25
1,0,19,0,0.185,0.22,0.356757,0.6,0,0,0,0.1,0,0.0340909,0,0,0,0
1,0,19,1,0.23,0.27125,0.358696,0,0,0,0,0.1,0,0.0184332,0,0,0,0.125
0,0,19,2,0.04,0.04625,0.3625,0.2,0,0.2,0,0,0,0.027027,0,0,0,0.25
0,0,20,0,0.105,0.1275,0.380952,0,0,0,0,0.1,0,0.0490196,0,0,0,0
0,0,20,1,0.14,0.18,0.407143,0.2,0,0.2,0,0,0,0.0277778,0,0,0,0.125
0,0,21,0,0.06,0.07,0.358333,0,0,0,0,0,0,0.0178571,0,0,0,0
0,0,21,1,0.055,0.07625,0.454545,0,0,0,0,0,0,0.0163934,0,0,0,0.125
1,0,21,2,0.22,0.29875,0.434091,0,0,0.2,0,0,0,0.0083682,0,0.25,0,0.25
1,0,22,0,0.345,0.47375,0.431884,0,0,0,0,0,0,0.0184697,0,0,0,0
0,0,22,1,0.045,0.04375,0.277778,0,0,0,0,0.1,0,0.0571429,0,0,0,0.125
0,0,22,2,0.075,0.08625,0.346667,0.2,0,0,0,0,0,0.0289855,0,0,0,0.25
0,0,22,3,0.085,0.1025,0.364706,0,0,0,0,0,0,0.0365854,0,0,0,0.375
0,0,23,0,0.03,0.03625,0.35,0.2,0.2,0,0,0.1,0,0.137931,0,0,0,0
0,0,23,1,0.065,0.0825,0.407692,0,0,0,0,0,0,0.0151515,0,0,0,0.125
0,0,23,2,0.03,0.0375,0.4,0.2,0,0,0,0,0,0.0333333,0,0,0,0.25
0,0,23,3,0.055,0.07125,0.4,0.4,0,0,0,0,0,0.0350877,0,0,0,0.375
0,0,23,4,0.1,0.1425,0.465,0,0,0,0,0,0,0.0175439,0,0,0,0.5
0,0,24,0,0.085,0.10625,0.376471,0.2,0,0,0,0,0,0.0352941,0,0,0,0
0,0,24,1,0.055,0.06875,0.4,0.2,0,0,0,0,0,0.0181818,0,0,0,0.125
1,0,25,0,0.42,0.52875,0.390476,0,0,0,0,0,0,0.0118203,0,0,0,0
1,0,25,1,0.945,1.28125,0.424339,0,0,0.2,0,0,0,0.0204878,0,0,0,0.125
0,0,26,0,0.075,0.09125,0.38,0.4,0,0,0,0,0,0.0958904,0,0,0,0
1,0,26,1,0.18,0.29375,0.525,0,0,0,0,0,0.3,0.0595745,0,0,0,0.125
0,0,27,0,0.12,0.15125,0.3875,0,0,0.4,0,0,0,0.0165289,0,0,0,0
0,0,27,1,0.115,0.1475,0.4,0,0,0.4,0,0,0,0.0169492,0,0,0,0.125
1,0,27,2,0.215,0.27375,0.395349,0,0,0.2,0,0,0,0.0136986,0,0,0,0.25
0,0,27,3,0.045,0.0675,0.488889,0,0.2,0,0,0,0,0.037037,0,0,0,0.375
0,0,28,0,0.09,0.1075,0.366667,0.4,0,0,0,0,0,0.0232558,0,0,0,0
0,0,28,1,0.04,0.04375,0.3375,0.2,0,0,0,0,0,0.0285714,0,0,0,0.125
0,1,28,2,0.035,0.035,0.3,0.2,0,0,0,0,0,0.0357143,0,0,0,0.25
0,1,28,3,0.065,0.1025,0.523077,0.2,0,0,0,0,0,0.0731707,0,0,0,0.375
0,1,29,0,0.07,0.085,0.378571,0,0,0,0,0,0,0.0147059,0,0,0,0
1,1,29,1,0.205,0.25125,0.385366,0,0,0,0,0.2,0,0.0199005,0,0,0,0.125
0,1,30,0,0.095,0.1225,0.394737,0.6,0,0.2,0,0,0,0.0306122,0,0,0,0
0,1,30,1,0.095,0.1125,0.368421,0,0,0,0,0.1,0,0.0222222,0,0,0,0.125
0,1,30,2,0.09,0.095,0.327778,0,0,0,0,0,0,0.0131579,0,0,0,0.25
1,1,30,3,0.24,0.275,0.35,0,0,0,0,0.4,0,0.0318182,0,0,0,0.375
1,1,31,0,0.355,0.4775,0.422535,0,0.4,0.2,0,0,0,0.013089,0,0,0,0
1,1,31,1,0.395,0.48375,0.368354,0,0,0.2,0,0.4,0,0.0232558,0,0,0,0.125
1,1,31,2,0.22,0.2975,0.420455,0,0,0,0,0,0,0.012605,0,0,0,0.25
1,1,32,0,0.16,0.1975,0.384375,0,0,0,0,0,0,0.0126582,0,0,0,0
1,1,32,1,0.355,0.54875,0.504225,0,0,0,0,0,0,0.0182232,0,0,0,0.125
1,1,33,0,0.335,0.4525,0.420896,0.8,0,0,0,0,0,0.0220994,0,0,0,0
1,1,33,1,0.255,0.32625,0.401961,0.4,0,0,0,0,0,0.0114943,0,0,0,0.125
1,1,33,2,0.29,0.42625,0.47069,0,0,0,0,0,0,0.00879765,0,0,0,0.25
0,1,34,0,0.095,0.1225,0.394737,0.2,0,0,0,0.1,0,0.0204082,0,0,0,0
0,1,34,1,0.02,0.0225,0.35,0.2,0,0,0,0,0,0.0555556,0,0,0,0.125
0,1,34,2,0.135,0.17625,0.4,0.2,0,0,0,0,0,0.0141844,0,0,0,0.25
1,1,34,3,0.185,0.25375,0.435135,0,0,0,0,0,0,0.00985222,0,0,0,0.375
0,1,35,0,0.005,0.00875,0.5,0,0,0,0,0,0,0,0,0,0,0
1,1,35,1,0.655,0.8175,0.38626,0,0.2,0,0,0.1,0,0.0107034,0,0,0,0.125
0,1,35,2,0.005,0.00875,0.5,0,0,0,0,0,0,0,0,0,0,0.25
0,1,36,0,0.085,0.09625,0.352941,0,0,0,0,0,0,0.012987,0,0,0,0
0,1,36,1,0.09,0.12,0.411111,0,0,0,0,0,0,0.03125,0,0,0,0.125
1,1,36,2,0.245,0.32625,0.422449,0,0,0.2,0,0,0,0.00766284,0,0,0,0.25
1,1,37,0,0.185,0.23375,0.378378,0,0,0,0,0,0,0.026738,0,0,0,0
0,1,37,1,0.135,0.205,0.47037,0,0,0,0,0,0,0.0609756,0,0,0,0.125
0,1,37,2,0.15,0.185,0.383333,0.2,0,0,0,0,0,0.027027,0,0,0,0.25
1,1,38,0,0.255,0.29875,0.35098,0,0.2,0.2,0,0.1,0,0.0125523,0,0,0,0
0,1,38,1,0.02,0.02375,0.375,0.2,0,0,0,0,0,0.0526316,0,0,0,0.125
0,1,39,0,0.125,0.1625,0.412,0,0,0,0,0.2,0,0.0230769,0,0,0,0
1,1,39,1,0.19,0.2425,0.4,0,0,0,0,0,0,0.0103093,0,0,0,0.125
1,1,39,2,0.335,0.46,0.440299,0,0,0,0,0.1,0,0.013587,0,0,0,0.25
0,1,40,0,0.025,0.03625,0.48,0.2,0,0,0,0,0,0.0344828,0,0,0,0
0,1,40,1,0.155,0.16,0.306452,0.6,0,0,0,0,0,0.0234375,0,0,0,0.125
0,1,40,2,0.17,0.2225,0.411765,0,0,0,0,0,0,0.0674157,0,0,0,0.25
0,1,40,3,0.11,0.14125,0.404545,0.6,0,0,0,0,0,0.0265487,0,0,0,0.375
1,1,41,0,0.145,0.18125,0.393103,0.2,0,0.2,0,0,0,0.0137931,0,0,0,0
0,1,41,1,0.14,0.16625,0.360714,0.6,0,0,0,0,0,0.0225564,0,0,0,0.125
0,1,41,2,0.08,0.09875,0.38125,0.4,0,0,0,0,0,0.0253165,0,0,0,0.25
0,1,41,3,0.105,0.11375,0.319048,0.2,0,0,0,0,0,0.032967,0,0,0,0.375
1,1,41,4,0.17,0.195,0.347059,0,0,0,0,0,0,0.0192308,0,0,0,0.5
1,1,42,0,0.22,0.33625,0.488636,0,0,0,0,0.1,0,0.0483271,0,0,0,0
0,1,42,1,0.045,0.05125,0.355556,0,0,0,0,0,0,0.0243902,0,0,0,0.125
0,1,43,0,0.05,0.06625,0.43,0.2,0,0,0,0,0,0.0188679,0,0,0,0
1,1,43,1,0.22,0.31375,0.454545,0,0,0,0,0.1,0,0.0239044,0,0,0,0.125
1,1,44,0,0.44,0.5375,0.373864,0.2,0,0,0.2,0.2,0,0.0395349,0,0,0,0
1,1,44,1,0.205,0.2725,0.397561,0,0,0,0,0.1,0,0.0504587,0,0,0,0.125
0,1,45,0,0.055,0.06,0.327273,0.2,0,0,0,0,0,0.0208333,0,0,0,0
1,1,45,1,0.23,0.27625,0.373913,0,0,0.2,0,0,0,0.00904977,0,0,0,0.125
0,1,45,2,0.035,0.03375,0.285714,0.2,0,0,0,0,0,0.037037,0,0,0,0.25
0,1,46,0,0.12,0.1725,0.441667,0,0,0,0,0,0,0.0144928,0,0,0,0
1,1,46,1,0.195,0.26,0.407692,0,0,0.2,0,0.4,0,0.0384615,0,0,0,0.125
1,1,47,0,0.325,0.39125,0.372308,0,0.2,0.2,0,0.1,0,0.0191693,0,0,0,0
0,1,47,1,0.145,0.17,0.351724,0.2,0,0,0,0,0,0.0220588,0,0,0,0.125
1,1,47,2,0.34,0.41875,0.382353,0.2,0,0,0,0,0,0.0119403,0,0,0,0.25
1,1,47,3,0.315,0.35625,0.342857,0.2,0,0.2,0,0,0,0.0140351,0,0,0,0.375
0,1,48,0,0.14,0.1725,0.378571,0.2,0,0,0,0,0,0.0144928,0,0,0,0
0,1,48,1,0.04,0.04375,0.325,0.2,0,0,0,0,0,0.0571429,0,0,0,0.125
0,1,48,2,0.04,0.0425,0.325,0.2,0,0,0,0,0,0.0294118,0,0,0,0.25
0,1,49,0,0.105,0.11875,0.342857,0,0,0,0,0.1,0,0.0315789,0,0,0,0
0,1,49,1,0.1,0.12625,0.395,0,0,0,0,0.1,0,0.029703,0,0,0,0.125
0,1,49,2,0.115,0.1525,0.421739,0,0,0,0,0.1,0,0.0163934,0,0,0,0.25
0,1,49,3,0.105,0.12375,0.361905,0,0,0,0,0.1,0,0.020202,0,0,0,0.375
0,1,50,0,0.06,0.0775,0.4,0.2,0,0,0,0.1,0,0.0483871,0,0,0,0
0,1,50,1,0.04,0.05,0.375,0.2,0,0,0,0,0,0.025,0,0,0,0.125
0,1,50,2,0.03,0.0325,0.3,0.2,0,0,0,0,0,0.0384615,0,0,0,0.25
0,1,51,0,0.025,0.02625,0.32,0.2,0,0,0,0,0,0.047619,0,0,0,0
0,1,51,1,0.09,0.11125,0.372222,0.2,0,0,0,0,0,0.134831,0,0,0,0.125
0,1,51,2,0.1,0.125,0.39,0.2,0,0,0,0,0,0.04,0,0,0,0.25
0,1,51,3,0.02,0.045,0.65,0,0,0,0,0,0,0.111111,0,0,0,0.375
0,1,51,4,0.095,0.12125,0.4,0,0,0,0,0,0,0.0206186,0,0.25,0,0.5
0,1,52,0,0.105,0.13625,0.4,0.2,0,0,0,0,0,0.0275229,0,0,0,0
1,1,52,1,0.225,0.285,0.391111,0.2,0,0,0,0.2,0,0.0307018,0.333333,0,0,0.125
1,1,53,0,0.38,0.52,0.434211,0.2,0,0.6,0,0,0,0.0144231,0,0,0,0
1,1,53,1,0.22,0.335,0.5,0,0,0,0,0.1,0,0.011194,0,0,0,0.125
1,1,54,0,0.165,0.2025,0.375758,0.2,0,0.4,0,0.1,0,0.0185185,0,0,0,0
1,1,54,1,0.25,0.35125,0.438,0.2,0.2,0,0,0,0.8,0.024911,0,0,0,0.125
0,1,55,0,0.07,0.07875,0.335714,0.2,0,0.2,0,0,0,0.047619,0,0,0,0
1,2,55,1,0.14,0.18625,0.417857,0.4,0,0,0,0,0,0.0134228,0,0,0,0.125
1,2,55,2,0.58,0.81375,0.44569,0,0,0,0,0.2,0,0.0168971,0,0,0,0.25
1,2,55,3,0.27,0.365,0.433333,0,0,0,0,0,0,0.010274,0,0,0,0.375
0,2,56,0,0.09,0.13125,0.477778,0,0,0,0,0,0,0.0190476,0,0,0,0
1,2,56,1,0.145,0.2175,0.489655,0,0,0,0,0,0,0.0172414,0,0,0,0.125
0,2,56,2,0.02,0.0225,0.35,0,0,0,0,0,0,0.0555556,0,0,0,0.25
0,2,57,0,0.095,0.12,0.4,0.2,0,0,0,0,0,0.0520833,0,0.25,0,0
1,2,57,1,0.29,0.35,0.355172,0.2,0,0,0,0.2,0,0.0178571,0,0,0,0.125
0,2,57,2,0.12,0.145,0.366667,0.2,0,0,0,0,0,0.0258621,0,0,0,0.25
1,2,57,3,0.335,0.4125,0.377612,0.2,0.2,0,0,0.7,0,0.0393939,0,0,0,0.375
1,2,57,4,0.49,0.58625,0.371429,0,0,0.4,0,0.2,0,0.0170576,0,0,0,0.5
0,2,58,0,0.055,0.06875,0.4,0.2,0,0,0,0,0,0.0181818,0,0,0,0
0,2,58,1,0.04,0.0475,0.35,0.2,0,0,0,0,0,0.0263158,0,0,0,0.125
1,2,58,2,0.31,0.4025,0.406452,0,0,0.2,0,0,0,0.00931677,0,0,0,0.25
1,2,58,3,0.56,0.67625,0.370536,0.2,0,0.2,0,0,0,0.00739372,0,0,0,0.375
0,2,58,4,0.015,0.01875,0.4,0,0,0,0,0,0,0.0666667,0,0,0,0.5
1,2,59,0,0.305,0.42,0.396721,0,0,0,0,0,0.8,0.014881,0,0,0,0
0,2,59,1,0.05,0.07,0.46,0,0,0,0,0,0,0.0178571,0,0,0,0.125
1,2,60,0,0.18,0.26125,0.472222,0.4,0,0.2,0,0,0,0.00956938,0,0,0,0
0,2,60,1,0.06,0.075,0.391667,0.2,0,0,0,0,0,0.0166667,0,0,0,0.125
0,2,60,2,0.065,0.075,0.346154,0.2,0,0,0,0,0,0.0166667,0,0,0,0.25
0,2,60,3,0.035,0.035,0.3,0.2,0,0,0,0,0,0.0357143,0,0,0,0.375
1,2,61,0,0.205,0.23875,0.34878,0,0,0.2,0,0.1,0,0.0157068,0,0,0,0
1,2,61,1,0.495,0.63,0.388889,1,0.2,0.2,0,0.1,0,0.0238095,0,0,0,0.125
0,2,62,0,0.015,0.02125,0.433333,0.2,0,0,0,0,0,0.0588235,0,0,0,0
0,2,62,1,0.03,0.02875,0.3,0,0,0,0,0,0,0.0434783,0,0,0,0.125
0,2,62,2,0.07,0.0875,0.385714,0,0,0,0,0.1,0,0.0428571,0,0,0,0.25
0,2,62,3,0.075,0.095,0.393333,0,0,0,0,0.1,0,0.0263158,0,0,0,0.375
0,2,63,0,0.055,0.06875,0.390909,0.2,0,0,0,0,0,0.0181818,0,0,0,0
0,2,63,1,0.075,0.0925,0.393333,0,0,0,0,0,0,0.027027,0,0,0,0.125
0,2,63,2,0.055,0.07375,0.436364,0,0,0,0,0,0,0.0169492,0,0,0,0.25
1,2,64,0,0.16,0.21125,0.41875,0.2,0,0,0,0,0,0.0236686,0,0,0,0
1,2,64,1,0.165,0.24875,0.493939,0,0,0,0,0,0,0.0351759,0,0,0,0.125
0,2,65,0,0.1,0.1225,0.375,0.4,0,0,0,0,0,0.0306122,0,0,0,0
0,2,65,1,0.015,0.01625,0.333333,0.2,0,0,0,0,0,0.0769231,0,0,0,0.125
1,2,65,2,0.15,0.1925,0.406667,0.4,0,0.2,0,0.1,0,0.025974,0,0,0,0.25
0,2,66,0,0.125,0.14875,0.368,0.2,0,0,0,0,0,0.0168067,0,0,0,0
1,2,66,1,0.26,0.3175,0.378846,0,0,0,0,0.1,0,0.019685,0,0,0,0.125
0,2,67,0,0.055,0.06375,0.354545,0.4,0,0,0,0,0,0.0392157,0,0,0,0
0,2,67,1,0.045,0.05,0.344444,0.2,0,0,0,0,0,0.025,0,0,0,0.125
0,2,67,2,0.075,0.0925,0.386667,0,0,0,0,0,0,0.0135135,0,0,0,0.25
0,2,67,3,0.03,0.0325,0.333333,0.2,0,0,0,0,0,0.0384615,0,0,0,0.375
0,2,67,4,0.055,0.06375,0.354545,0.4,0,0,0,0,0,0.0392157,0,0,0,0.5
0,2,68,0,0.06,0.09,0.483333,0.2,0,0,0,0.1,0,0.0416667,0,0,0,0
0,2,68,1,0.075,0.08625,0.34,0.2,0.2,0,0,0.1,0,0.0434783,0,0,0,0.125
1,2,68,2,0.175,0.22875,0.408571,0.2,0,0,0,0.1,0,0.0218579,0,0,0,0.25
1,2,68,3,0.18,0.225,0.383333,0.4,0,0,0,0.3,0,0.0333333,0.333333,0,0,0.375
0,2,69,0,0.06,0.07,0.35,0.2,0,0,0,0,0,0.0178571,0,0,0,0
1,2,69,1,0.205,0.26625,0.407317,0,0,0.2,0,0.2,0,0.0234742,0,0,0,0.125
0,2,70,0,0.03,0.045,0.5,0.2,0,0,0,0,0,0.0277778,0,0,0,0
1,2,70,1,0.255,0.2925,0.345098,0.2,0.2,0,0,0.5,0,0.025641,0,0,0,0.125
0,2,70,2,0.08,0.10375,0.4125,0,0,0,0,0.1,0,0.0240964,0,0,0,0.25
1,2,70,3,0.175,0.21125,0.374286,0,0,0,0,0.1,0,0.0177515,0,0,0,0.375
0,2,70,4,0.115,0.14625,0.4,0.2,0,0,0,0,0,0.017094,0,0,0,0.5
1,2,71,0,0.225,0.33375,0.473333,0,0,0.4,0,0,0,0.011236,0,0,0,0
0,2,71,1,0.12,0.16625,0.445833,0,0,0.2,0,0,0,0.0150376,0,0,0,0.125
0,2,72,0,0.03,0.0375,0.4,0,0,0,0,0,0,0.0666667,0,0,0,0
1,2,72,1,0.19,0.2225,0.365789,0,0,0,0.2,0.1,0,0.0168539,0,0,0,0.125
1,2,72,2,0.18,0.2225,0.386111,0.2,0,0,0,0.2,0,0.0168539,0,0,0,0.25
0,2,73,0,0.06,0.085,0.416667,0.2,0,0,0,0,0,0.0441176,0,0,0,0
0,2,73,1,0.055,0.075,0.427273,0,0,0.4,0,0.1,0,0.0333333,0,0,0,0.125
0,2,73,2,0.06,0.07,0.366667,0,0,0.2,0,0,0,0.0178571,0,0,0,0.25
0,2,73,3,0.07,0.09,0.414286,0,0,0,0,0,0,0.0138889,0,0,0,0.375
0,2,74,0,0.08,0.095,0.375,0.2,0,0,0,0,0,0.0131579,0,0,0,0
0,2,74,1,0.08,0.0975,0.38125,0.2,0,0,0,0,0,0.0128205,0,0,0,0.125
0,2,74,2,0.03,0.0275,0.266667,0,0,0,0,0,0,0.0454545,0,0,0,0.25
1,2,75,0,0.115,0.195,0.573913,0,0,0,0,0,0,0.00641026,0,0,0,0
1,2,75,1,0.165,0.26375,0.533333,0,0,0,0,0,0,0.00473934,0,0,0,0.125
1,2,76,0,0.33,0.48125,0.471212,0,0,0,0,0,0,0.00779221,0,0,0,0
1,2,76,1,0.26,0.36125,0.446154,0,0,0,0,0,0,0.00692042,0,0,0,0.125
0,2,77,0,0.1,0.135,0.435,0.2,0,0,0,0,0,0.00925926,0,0,0,0
0,2,77,1,0.045,0.06125,0.433333,0.2,0,0,0,0,0,0.0204082,0,0,0,0.125
0,2,77,2,0.07,0.10375,0.492857,0,0,0,0,0,0,0.0240964,0,0,0,0.25
1,2,77,3,0.39,0.55875,0.464103,0,0,0,0,0,0,0.0111857,0,0,0,0.375
0,2,78,0,0.125,0.15875,0.384,0,0,0.4,0,0.1,0,0.0314961,0,0,0,0
0,2,78,1,0.085,0.10375,0.382353,0,0,0.2,0,0,0,0.0120482,0,0,0,0.125
1,2,78,2,0.335,0.4475,0.422388,0,0,0.4,0,0.1,0,0.0111732,0,0,0,0.25
1,2,79,0,0.305,0.3975,0.403279,0,0.4,0,0,0.3,0,0.0251572,0,0,0,0
1,2,79,1,0.515,0.73125,0.456311,0.2,0,0.4,0,0,0.1,0.00854701,0,0,0,0.125
0,2,80,0,0.06,0.06875,0.341667,0.2,0,0,0,0,0,0.0545455,0,0,0,0
0,3,80,1,0.08,0.11125,0.45,0.4,0,0,0,0,0,0.0224719,0,0,0,0.125
0,3,80,2,0.135,0.1625,0.377778,0,0,0,0,0,0,0.0307692,0,0,0,0.25
1,3,80,3,0.155,0.21125,0.441935,0,0,0.2,0,0.2,0,0.0177515,0,0,0,0.375
1,3,81,0,0.185,0.2075,0.335135,0.2,0,0.2,0,0,0,0.0240964,0,0,0,0
0,3,81,1,0.105,0.135,0.4,0.2,0,0,0,0.1,0,0.0277778,0,0,0,0.125
1,3,81,2,0.145,0.1775,0.375862,0.2,0,0,0,0,0,0.0140845,0,0,0,0.25
1,3,82,0,0.61,0.755,0.384426,0.2,0.2,0,0,0.1,0,0.0149007,0,0,0,0
1,3,82,1,0.195,0.22375,0.346154,0.2,0.2,0,0,0.1,0,0.0167598,0,0,0,0.125
1,3,82,2,0.295,0.3875,0.381356,0.6,0,0.4,0,0,0,0.016129,0,0,0,0.25
1,3,83,0,0.68,0.91125,0.427206,0,0,0,0,0,0,0.00685871,0,0,0,0
1,3,83,1,0.57,0.79,0.445614,0,0,0,0,0,0,0.00949367,0,0,0,0.125
0,3,83,2,0.085,0.10875,0.405882,0,0,0,0,0.1,0,0.0344828,0.333333,0,0,0.25
0,3,84,0,0,0.0075,0,0,0,0,0,0,0,0,0,0,0,0
0,3,84,1,0,0.0125,0,0,0,0,0,0,0,0,0,0,0,0.125
0,3,84,2,0.08,0.10625,0.41875,0,0,0,0,0.3,0,0.0470588,0,0,0,0.25
0,3,85,0,0.09,0.11125,0.377778,0,0,0,0,0.1,0,0.0561798,0,0,0,0
0,3,85,1,0.03,0.0375,0.4,0.2,0,0,0,0,0,0.0333333,0,0,0,0.125
0,3,86,0,0.055,0.0725,0.418182,0.2,0,0,0,0,0,0.0172414,0,0,0,0
0,3,86,1,0.07,0.09875,0.457143,0.2,0,0.2,0,0,0,0.0253165,0,0,0,0.125
0,3,86,2,0.045,0.0475,0.322222,0,0,0,0,0,0,0.0263158,0,0,0,0.25
0,3,87,0,0.065,0.0825,0.4,0.2,0,0,0,0,0,0.0151515,0,0,0,0
0,3,87,1,0.025,0.0225,0.26,0.2,0,0,0,0,0,0.166667,0,0,0,0.125
0,3,88,0,0.08,0.10375,0.4125,0.2,0,0,0,0,0,0.0120482,0,0,0,0
0,3,88,1,0.05,0.08,0.54,0.2,0,0,0,0,0,0.015625,0,0,0,0.125
1,3,89,0,0.15,0.18625,0.396667,0,0,0,0,0,0,0.00671141,0,0,0,0
1,3,89,1,0.16,0.22875,0.459375,0,0,0.2,0,0,0,0.0273224,0,0,0,0.125
1,3,89,2,0.21,0.26875,0.409524,0,0,0,0,0,0,0.0186047,0,0,0,0.25
0,3,90,0,0.085,0.17625,0.652941,0,0,0,0,0,0,0.113475,0,0,0,0
1,3,90,1,0.15,0.205,0.436667,0,0,0,0,0,0,0.0121951,0,0,0,0.125
0,3,90,2,0.05,0.0675,0.43,0,0,0,0,0,0,0.0185185,0,0,0,0.25
1,3,91,0,0.4,0.56625,0.44875,0,0,0.2,0,0,0,0.00662252,0,0,0,0
1,3,91,1,0.37,0.485,0.405405,0,0.2,0.2,0,0.1,0.2,0.0103093,0,0,0,0.125
1,3,92,0,0.2,0.26,0.3875,0,0,0,0,0,0,0.0144231,0,0,0,0
0,3,92,1,0.005,0.005,0.3,0,0,0,0,0,0,0.25,0,0,0,0.125
0,3,92,2,0.01,0.01125,0.3,0,0,0,0,0,0,0.111111,0,0,0,0.25
0,3,92,3,0.115,0.16625,0.413043,0,0,0,0,0,0.2,0.0451128,0,0,0,0.375
0,3,93,0,0.02,0.02,0.275,0,0.2,0,0,0,0,0.0625,0,0,0,0
0,3,93,1,0.005,0.005,0.3,0,0,0,0,0,0,0.25,0,0,0,0.125
1,3,94,0,0.295,0.38875,0.416949,0,0,0.2,0,0,0,0.0096463,0,0,0,0
1,3,94,1,0.305,0.38,0.383607,0,0,0.2,0,0,0,0.00986842,0,0,0,0.125
1,3,94,2,0.145,0.18875,0.406897,0,0,0.4,0,0.2,0,0.0198675,0,0,0,0.25
1,3,95,0,0.23,0.3275,0.456522,0,0,0.2,0,0,0,0.0152672,0,0,0,0
1,3,95,1,0.205,0.26875,0.419512,0,0,0.2,0,0,0,0.0186047,0,0,0,0.125
1,3,95,2,0.175,0.2375,0.431429,0,0,0,0,0,0,0.0105263,0,0,0,0.25
0,3,96,0,0.055,0.0575,0.309091,0.2,0,0,0,0,0,0.0434783,0,0,0,0
1,3,96,1,0.325,0.405,0.389231,0,0,0.4,0,0.2,0,0.0154321,0,0,0,0.125
0,3,97,0,0.045,0.06125,0.433333,0.2,0.2,0,0,0,0,0.0408163,0,0,0,0
0,3,97,1,0.06,0.08875,0.483333,0.2,0,0,0,0,0,0.028169,0,0,0,0.125
0,3,97,2,0.135,0.16875,0.388889,0.2,0,0,0,0.1,0,0.037037,0,0,0,0.25
0,3,97,3,0.085,0.10625,0.352941,0,0,0,0,0.1,0,0.0470588,0,0,0,0.375
0,3,98,0,0.07,0.08,0.342857,0,0,0,0,0,0,0.046875,0,0,0,0
0,3,98,1,0.125,0.15375,0.38,0.2,0,0,0,0,0,0.0162602,0,0,0,0.125
0,3,98,2,0.11,0.13375,0.368182,0,0,0,0,0.1,0,0.0373832,0,0,0,0.25
0,3,98,3,0.1,0.11875,0.355,0,0,0.2,0,0,0,0.0210526,0,0,0,0.375
0,3,99,0,0.03,0.035,0.366667,0.2,0,0,0,0,0,0.0357143,0,0,0,0
0,3,99,1,0.1,0.12625,0.37,0.2,0,0,0,0.1,0,0.029703,0,0,0,0.125
1,3,99,2,0.37,0.4725,0.394595,0,0,0.2,0,0.1,0,0.0132275,0,0,0,0.25
1,3,99,3,0.235,0.28125,0.368085,0,0,0.2,0,0.1,0,0.0133333,0,0,0,0.375
0,3,100,0,0.05,0.07125,0.45,0.4,0,0,0,0,0,0.0877193,0,0,0,0
0,3,100,1,0.025,0.03375,0.44,0.2,0,0,0,0,0,0.037037,0,0,0,0.125
0,3,101,0,0.085,0.0975,0.352941,0.4,0,0,0,0,0,0.025641,0,0,0,0
1,3,101,1,0.205,0.22625,0.336585,0.2,0,0,0,0,0,0.0110497,0,0,0,0.125
0,3,101,2,0.13,0.16,0.369231,0.4,0,0,0,0,0,0.03125,0,0,0,0.25
0,3,101,3,0.035,0.0375,0.328571,0.2,0,0,0,0,0,0.0333333,0,0,0,0.375
0,3,102,0,0.03,0.05,0.566667,0.2,0,0,0,0,0,0,0,0,0,0
0,3,102,1,0.09,0.0925,0.3,0.2,0,0,0,0.1,0,0,0,0,0,0.125
0,3,102,2,0.02,0.02875,0.45,0,0,0,0,0,0,0,0,0,0,0.25
0,3,102,3,0.1,0.11625,0.355,0.4,0,0,0,0,0,0,0,0,0,0.375
1,3,103,0,0.815,1.265,0.496319,0,0,0.4,0,0,0,0.0247036,0,0,0,0
1,3,103,1,0.56,0.81375,0.470536,0,0,0,0,0,0,0.0184332,0,0,0,0.125
1,3,103,2,0.47,0.675,0.457447,0.4,0.2,0,0,0,0,0.012963,0,0,0,0.25
0,3,103,3,0.11,0.14375,0.413636,0.2,0.2,0,0,0,0,0.026087,0,0,0,0.375
1,3,104,0,0.21,0.24,0.345238,0.2,0,0,0,0.1,0,0.015625,0,0,0,0
1,3,104,1,0.515,0.655,0.392233,0,0,0.4,0,0.4,0,0.0171756,0,0,0,0.125
1,3,104,2,0.21,0.25375,0.366667,0.6,0,0,0,0,0,0.0147783,0,0,0,0.25
0,3,105,0,0.04,0.0475,0.375,0,0,0,0,0,0,0.0263158,0,0,0,0
1,3,105,1,0.31,0.4325,0.43871,0,0,0.2,0,0.3,0.1,0.0202312,0,0,0,0.125
0,3,105,2,0.02,0.015,0.175,0,0,0,0,0,0,0.166667,0,0,0,0.25
1,3,106,0,0.28,0.3625,0.410714,0,0,0,0,0,0,0.00689655,0,0,0,0
1,3,106,1,0.19,0.2525,0.426316,0,0,0,0,0,0,0.0049505,0,0,0,0.125
1,4,106,2,0.045,0.06,0.411111,0.2,0,0,0,0,0,0.0416667,0,0,0,0.25
1,4,107,0,0.06,0.08125,0.433333,0.2,0,0,0,0,0,0.0307692,0,0,0,0
1,4,107,1,0.06,0.1025,0.583333,0.2,0,0.2,0,0,0,0.0243902,0,0,0,0.125
1,4,107,2,0.075,0.125,0.56,0,0,0.2,0,0,0,0.02,0,0,0,0.25
1,4,107,3,0.015,0.01875,0.4,0,0.2,0,0,0,0,0.0666667,0,0,0,0.375
1,4,108,0,0.05,0.05875,0.37,0.2,0,0,0,0,0,0.0212766,0,0,0,0
1,4,108,1,0.04,0.05375,0.425,0.2,0,0,0,0,0,0.0697674,0,0,0,0.125
1,4,108,2,0.085,0.12875,0.505882,0,0,0,0,0,0,0.0485437,0,0,0,0.25
1,4,108,3,0.085,0.1,0.358824,0.2,0,0,0,0,0,0.025,0,0,0,0.375
1,4,108,4,0.06,0.07,0.366667,0,0,0,0,0,0,0.0178571,0,0,0,0.5
1,4,108,5,0.04,0.04375,0.3375,0,0,0,0,0,0,0.0285714,0,0,0,0.625
1,4,109,0,0.035,0.0375,0.328571,0.2,0,0,0,0,0,0.0333333,0,0,0,0
0,4,109,1,0.365,0.4675,0.405479,0,0,0.4,0,0.2,0,0.0160428,0,0,0,0.125
0,4,109,2,0.3,0.3825,0.403333,0,0,0,0,0.1,0,0.00980392,0,0,0,0.25
0,4,110,0,0.495,0.66375,0.418182,0,0,0,0,0,0,0.0131827,0,0,0,0
0,4,110,1,0.57,0.8325,0.464035,0,0,0.6,0,0.1,0.1,0.012012,0,0,0,0.125
0,4,110,2,0.195,0.29125,0.482051,0.2,0,0,0,0.1,0,0.0300429,0,0,0,0.25
0,4,111,0,0.175,0.255,0.468571,0,0,0,0,0,0.2,0.0196078,0,0,0,0
1,4,111,1,0.6,0.8375,0.444167,0,0,0,0,0,0,0.00895522,0,0,0,0.125
1,4,111,2,0.255,0.39,0.5,0,0,0,0,0,0,0.00961538,0,0,0,0.25
1,4,112,0,0.035,0.04125,0.371429,0,0,0.2,0,0,0,0.030303,0,0,0,0
1,4,112,1,0.015,0.01875,0.4,0,0,0,0,0,0,0.0666667,0,0,0,0.125
1,4,112,2,0.015,0.01625,0.333333,0,0,0,0,0,0,0.0769231,0,0,0,0.25
1,4,112,3,0.015,0.01875,0.4,0,0,0,0,0,0,0.0666667,0,0,0,0.375
1,4,112,4,0.04,0.055,0.45,0.2,0,0,0,0,0,0.0227273,0,0,0,0.5
1,4,112,5,0.055,0.08375,0.5,0,0,0,0,0.1,0,0.0298507,0,0,0,0.625
1,4,112,6,0.02,0.02375,0.325,0,0,0,0,0,0,0.105263,0,0,0,0.75
1,4,112,7,0.12,0.1775,0.479167,0.2,0,0,0,0,0,0.0140845,0,0,0,0.875
1,4,112,8,0.03,0.04,0.416667,0,0,0,0,0,0,0.03125,0,0,0,1
1,4,113,0,0.135,0.15375,0.344444,0,0.2,0.2,0,0.2,0,0.0243902,0,0,0,0
1,4,113,1,0.14,0.145,0.303571,0.2,0,0,0,0,0,0.0258621,0,0,0,0.125
0,4,114,0,0.16,0.22875,0.46875,0,0,0.2,0,0,0,0.010929,0,0,0,0
0,4,114,1,0.385,0.53,0.438961,0.2,0,0.2,0,0.1,0,0.0117925,0,0,0,0.125
0,4,115,0,0.355,0.51125,0.46338,1,0,0.4,0,0,0,0.0122249,0,0,0,0
0,4,115,1,0.575,0.78,0.411304,2,0,0.2,0,0,0.6,0.0192308,0,0,0,0.125
1,4,116,0,0.095,0.12,0.4,0.2,0,0,0,0,0,0.0208333,0,0,0,0
1,4,116,1,0.12,0.14875,0.3875,0,0,0,0,0,0,0.00840336,0,0,0,0.125
1,4,117,0,0.055,0.06,0.336364,0.2,0,0,0,0,0,0.0208333,0,0,0,0
0,4,117,1,0.225,0.285,0.391111,0.4,0,0.2,0,0.1,0,0.0175439,0,0.25,0,0.125
0,4,117,2,0.285,0.36625,0.4,0.2,0,0,0,0,0,0.0170648,0,0,0,0.25
0,4,117,3,0.16,0.19875,0.378125,0.6,0,0,0,0,0,0.0251572,0,0,0,0.375
0,4,118,0,0.31,0.43,0.440323,0,0,0,0,0.1,0,0.0174419,0,0,0,0
0,4,118,1,0.25,0.43,0.554,0,0,0.2,0,0,0,0.00872093,0,0,0,0.125
0,4,118,2,0.345,0.5525,0.518841,0,0,0,0.2,0,0,0.00678733,0,0,0,0.25
1,4,118,3,0.24,0.38625,0.520833,0,0,0.2,0,0,0,0.00647249,0,0,0,0.375
1,4,119,0,0.065,0.0725,0.346154,0.2,0,0,0,0,0,0.0172414,0,0,0,0
0,4,119,1,0.28,0.41125,0.473214,0,0,0,0,0,0,0.00911854,0,0,0,0.125
1,4,119,2,0.045,0.0625,0.455556,0,0,0,0,0,0,0.02,0,0,0,0.25
0,4,120,0,0.06,0.0875,0.483333,0,0,0,0,0,0,0.0142857,0,0,0,0
1,4,120,1,0.085,0.0975,0.352941,0.2,0,0,0,0,0,0.0128205,0,0,0,0.125
1,4,121,0,0.115,0.14375,0.373913,0.6,0,0,0,0,0,0.026087,0,0,0,0
1,4,121,1,0.03,0.035,0.366667,0.2,0,0,0,0,0,0.0357143,0,0,0,0.125
1,4,121,2,0.055,0.06375,0.363636,0.2,0,0,0,0,0,0.0196078,0,0,0,0.25
1,4,121,3,0.04,0.0425,0.3125,0.2,0,0,0,0,0,0.0294118,0,0,0,0.375
1,4,122,0,0.915,1.22125,0.414208,0,0,0.2,0,0.3,0,0.0225179,0,0,0,0
0,4,122,1,0.18,0.21375,0.363889,0.4,0.2,0.4,0,0,0,0.0175439,0,0,0,0.125
0,4,122,2,0.6,0.7725,0.401667,0,0,0.2,0,0.6,0,0.0161812,0,0,0,0.25
1,4,123,0,0.045,0.05125,0.355556,0.2,0,0,0,0,0,0.146341,0,0,0,0
0,4,123,1,0.395,0.53875,0.431646,0,0,0,0,0,0,0.0232019,0,0,0,0.125
1,4,123,2,0.03,0.0425,0.466667,0,0,0,0,0,0,0.0294118,0,0,0,0.25
1,4,124,0,0.005,0.005,0.3,0,0.2,0,0,0,0,0.25,0,0,0,0
1,4,124,1,0.135,0.17625,0.407407,0,0,0.2,0,0.1,0,0.0212766,0,0,0,0.125
1,4,125,0,0.045,0.05625,0.4,0.2,0,0,0,0,0,0.0222222,0,0,0,0
1,4,125,1,0.08,0.10875,0.4375,0.2,0,0,0,0,0,0.0229885,0,0,0,0.125
0,4,126,0,0.18,0.23125,0.413889,0,0,0,0,0,0,0.00540541,0,0,0,0
0,4,126,1,0.24,0.31375,0.41875,0,0,0,0,0,0,0.00398406,0,0,0,0.125
0,4,126,2,0.17,0.23125,0.405882,0,0,0,0,0.1,0,0.0108108,0,0,0,0.25
1,4,126,3,0.15,0.1825,0.38,0,0,0,0,0.2,0,0.0205479,0,0,0,0.375
1,4,127,0,0.055,0.08,0.436364,0,0,0,0,0,0,0.03125,0,0,0,0
1,4,127,1,0.08,0.10875,0.425,0,0,0,0,0,0.3,0.0229885,0,0,0,0.125
1,4,127,2,0.065,0.07125,0.315385,0,0,0,0,0.1,0.3,0.0526316,0,0,0,0.25
1,4,127,3,0.015,0.02,0.466667,0,0,0,0,0,0,0.0625,0,0,0,0.375
0,4,128,0,0.145,0.22875,0.517241,0.2,0,0,0,0,0,0.0163934,0,0,0,0
1,4,128,1,0.115,0.14,0.386957,0,0,0,0,0,0,0.00892857,0,0,0,0.125
0,4,129,0,0.215,0.29,0.427907,0,0,0.2,0,0,0,0.00862069,0,0,0,0
0,4,129,1,0.335,0.45375,0.425373,0.2,0,0.4,0,0.3,0,0.0192837,0,0.25,0,0.125
1,4,129,2,0.07,0.08625,0.392857,0,0,0,0,0,0,0.0144928,0,0,0,0.25
1,4,130,0,0.03,0.0375,0.383333,0,0,0,0,0,0,0.0666667,0,0,0,0
1,4,130,1,0.055,0.05625,0.309091,0.2,0,0,0,0.1,0,0.0444444,0,0,0,0.125
0,4,131,0,0.165,0.22125,0.433333,0,0,0,0,0,0,0.0112994,0,0,0,0
0,5,131,1,0.385,0.55375,0.424675,0.6,0,0,0,0,0,0.0180587,0,0,0,0.125
1,5,132,0,0.13,0.18625,0.465385,0.4,0,0,0,0,0,0.0134228,0,0,0,0
1,5,132,1,0.125,0.14875,0.368,0,0,0.2,0,0.1,0,0.0168067,0,0,0,0.125
1,5,132,2,0.04,0.0425,0.3125,0,0,0,0,0.1,0,0.0588235,0,0,0,0.25
1,5,133,0,0.035,0.0375,0.328571,0.2,0,0,0,0,0,0.0333333,0,0,0,0
1,5,133,1,0.025,0.0275,0.34,0.2,0,0,0,0,0,0.0454545,0,0,0,0.125
0,5,134,0,0.32,0.40875,0.395313,0,0,0,0,0.2,0,0.0183486,0,0,0,0
0,5,134,1,0.235,0.24,0.297872,0,0,0.2,0,0.5,0,0.0520833,0,0,0,0.125
0,5,135,0,0.18,0.23625,0.397222,0,0,0,0,0,0,0.015873,0,0,0,0
0,5,135,1,0.2,0.29125,0.4675,0,0,0,0.2,0,0,0.00858369,0,0,0,0.125
0,5,136,0,0.21,0.285,0.438095,0.2,0,0.2,0,0.1,0,0.0131579,0,0,0,0
1,5,136,1,0.1,0.12875,0.4,0.2,0,0,0,0,0,0.0194175,0,0,0,0.125
1,5,137,0,0.13,0.15875,0.353846,0.2,0,0,0,0,0,0.00787402,0,0,0,0
1,5,137,1,0.09,0.125,0.411111,0.2,0,0,0,0,0,0.02,0,0,0,0.125
1,5,137,2,0.08,0.1,0.375,0.2,0,0,0,0,0,0.025,0,0,0,0.25
1,5,137,3,0.075,0.085,0.326667,0,0,0,0,0,0,0.0441176,0,0,0,0.375
0,5,138,0,0.185,0.24625,0.421622,0,0,0.2,0,0.1,0,0.0152284,0,0,0,0
0,5,138,1,0.715,0.9725,0.428671,0,0,0.4,0,0.6,0,0.0128535,0,0,0,0.125
0,5,138,2,0.27,0.31375,0.35,0,0,0.2,0,0.2,0,0.0318725,0,0,0,0.25
0,5,138,3,0.26,0.31375,0.369231,0,0,0.6,0,0.3,0,0.0199203,0,0,0,0.375
1,5,139,0,0.035,0.04125,0.371429,0,0,0.2,0,0,0,0.030303,0,0,0,0
1,5,139,1,0.015,0.01875,0.4,0,0,0,0,0,0,0.0666667,0,0,0,0.125
1,5,139,2,0.015,0.01625,0.333333,0,0,0,0,0,0,0.0769231,0,0,0,0.25
1,5,139,3,0.015,0.01875,0.4,0,0,0,0,0,0,0.0666667,0,0,0,0.375
1,5,139,4,0.115,0.15,0.421739,0,0,0,0,0,0,0.00833333,0,0,0,0.5
0,5,140,0,0.165,0.22375,0.415152,0,0,0.4,0,0,0,0.027933,0,0,0,0
1,5,140,1,0.13,0.17,0.415385,0,0,0.4,0,0,0,0.0147059,0,0,0,0.125
1,5,141,0,0.12,0.1625,0.416667,0.2,0,0,0,0,0,0.0384615,0,0.25,0,0
1,5,141,1,0.235,0.29875,0.393617,0.2,0.2,0,0,0.3,0,0.0292887,0,0,0,0.125
1,5,142,0,0.04,0.04625,0.35,0,0.2,0,0,0.1,0,0.0540541,0,0,0,0
1,5,142,1,0.13,0.16375,0.384615,0,0,0,0,0,0.8,0.0381679,0,0,0,0.125
1,5,143,0,0.02,0.01875,0.275,0.2,0,0,0,0,0,0.0666667,0,0,0,0
1,5,143,1,0.025,0.02375,0.24,0.2,0,0,0,0,0,0.105263,0,0,0,0.125
0,5,143,2,0.015,0.02375,0.4,0,0,0,0,0,0,0.157895,0,0,0.25,0.25
0,5,144,0,0.245,0.35,0.45102,0,0,0.4,0,0,0,0.0142857,0,0,0,0
0,5,144,1,0.505,0.65625,0.410891,0,0,0,0,0.2,0,0.00952381,0,0,0,0.125
0,5,145,0,0.31,0.375,0.372581,0.2,0,0,0,0.1,0,0.02,0,0,0,0
0,5,145,1,0.245,0.31,0.391837,0,0,0,0,0,0,0.0120968,0,0,0,0.125
0,5,145,2,0.465,0.50875,0.325806,0,0.2,0,0,0.1,0,0.014742,0,0,0,0.25
1,5,145,3,0.09,0.1175,0.416667,0.2,0,0,0,0,0,0.0106383,0,0,0,0.375
1,5,146,0,0.02,0.03375,0.575,0.2,0,0,0,0,0,0.037037,0,0,0,0
1,5,146,1,0.05,0.05875,0.36,0,0,0.2,0,0.1,0,0.0425532,0,0,0,0.125
0,5,146,2,0.18,0.22,0.377778,0,0,0,0,0.1,0,0.0227273,0,0,0,0.25
1,5,147,0,0.03,0.07125,0.583333,0,0,0,0,0,0.6,0.0877193,0,0,0,0
1,5,147,1,0.005,0.005,0.3,0,0.2,0,0,0,0,0.25,0,0,0,0.125
1,5,147,2,0.035,0.07875,0.5,0,0.2,0,0,0,1,0.0952381,0,0,0,0.25
1,5,148,0,0.11,0.15,0.431818,0.4,0,0,0,0,0,0.025,0,0,0,0
0,5,148,1,0.335,0.41375,0.373134,0.2,0,0.2,0,0.1,0,0.021148,0,0,0,0.125
1,5,148,2,0.125,0.15,0.36,0.2,0,0,0,0.1,0,0.0416667,0,0,0,0.25
1,5,149,0,0.075,0.0925,0.38,0.2,0,0,0,0,0,0.027027,0,0,0,0
0,5,149,1,0.15,0.205,0.433333,0,0.2,0,0,0,0,0.0182927,0,0,0,0.125
1,5,149,2,0.015,0.02375,0.5,0,0.2,0,0,0,0,0.0526316,0,0,0,0.25
1,5,149,3,0.05,0.06125,0.38,0,0,0,0,0,0,0.0204082,0,0,0,0.375
1,5,150,0,0.06,0.07,0.35,0.4,0,0,0,0,0,0.0535714,0,0,0,0
1,5,150,1,0.11,0.13,0.340909,0.2,0,0.2,0,0.1,0,0.0384615,0,0,0,0.125
1,5,151,0,0.07,0.08,0.35,0,0,0.2,0,0.1,0,0.03125,0,0,0,0
1,5,151,1,0.055,0.06,0.336364,0,0,0,0,0,0,0.0208333,0,0,0,0.125
0,5,152,0,0.17,0.19125,0.341176,0,0,0,0,0,0,0.0196078,0,0,0,0
0,5,152,1,0.27,0.3125,0.348148,0.2,0,0,0,0.2,0,0.028,0,0,0,0.125
1,5,152,2,0.105,0.11,0.314286,0.2,0,0.2,0,0,0,0.0113636,0,0,0,0.25
1,5,153,0,0.08,0.1025,0.4,0,0.2,0,0,0,0,0.0243902,0,0,0.25,0
0,5,153,1,0.19,0.225,0.360526,0,0,0,0,0,0,0.0111111,0,0,0,0.125
0,5,153,2,0.075,0.08375,0.333333,0,0,0,0,0.1,0,0.0447761,0,0,0,0.25
0,5,154,0,0.205,0.2675,0.402439,0.2,0,0,0,0.1,0,0.0280374,0,0,0,0
0,5,154,1,0.435,0.58375,0.421839,0,0,0.4,0,0.4,0,0.0171306,0,0,0,0.125
1,5,155,0,0.07,0.11375,0.542857,0,0,0,0,0,0,0.010989,0,0,0,0
0,5,155,1,0.17,0.26875,0.514706,0,0,0,0,0,0,0.0139535,0,0,0,0.125
0,5,156,0,0.435,0.56625,0.4,0,0.2,0,0,0.1,0,0.01766,0,0,0,0
1,5,156,1,0.135,0.1675,0.388889,0,0.2,0.2,0,0.1,0,0.0149254,0,0,0,0.125
1,5,156,2,0.11,0.14,0.4,0,0,0,0,0.2,0,0.0267857,0,0,0,0.25
1,5,157,0,0.045,0.0525,0.344444,0.2,0,0,0,0.1,0,0.0714286,0,0,0,0
1,5,157,1,0.105,0.1375,0.409524,0.2,0,0,0,0,0,0.0454545,0,0,0,0.125
1,5,157,2,0.11,0.15375,0.354545,0.2,0,0.2,0,0.2,0,0.0325203,0,0,0,0.25
0,5,157,3,0.3,0.41125,0.435,0.8,0,0,0,0,0,0.0182371,0,0,0,0.375
1,5,157,4,0.14,0.1575,0.346429,0.4,0,0,0,0.1,0,0.0238095,0,0,0,0.5
0,5,157,5,0.15,0.19,0.396667,0.2,0,0,0,0.1,0,0.0131579,0,0,0,0.625
0,5,157,6,0.41,0.52125,0.397561,1.2,0,0,0,0.1,0,0.0215827,0,0,0,0.75
0,5,157,7,0.41,0.5125,0.387805,0.2,0,0,0,0.2,0,0.0121951,0,0,0,0.875
0,5,157,8,0.3,0.3425,0.348333,0.2,0,0,0,0.2,0,0.0182482,0,0,0,1
1,5,157,9,0.045,0.0475,0.322222,0.2,0,0,0,0,0,0.0263158,0,0,0,1
1,6,158,0,0.055,0.07875,0.472727,0.2,0,0,0,0,0,0.015873,0,0,0,0
0,6,158,1,0.38,0.525,0.438158,0.4,0,0.2,0,0.1,0,0.0119048,0,0,0,0.125
0,6,158,2,0.255,0.36125,0.452941,0.2,0,0.4,0,0,0,0.0103806,0,0,0,0.25
1,6,159,0,0.09,0.11375,0.388889,0,0.2,0,0,0,0,0.032967,0,0,0,0
1,6,159,1,0.095,0.14,0.473684,0.2,0,0,0,0.1,0,0.0267857,0,0,0,0.125
0,6,160,0,0.055,0.065,0.363636,0.2,0,0,0,0,0,0.0192308,0,0,0,0
1,6,160,1,0.055,0.075,0.445455,0,0,0,0,0.1,0,0.0333333,0.333333,0,0,0.125
1,6,160,2,0.085,0.10125,0.364706,0,0,0,0,0.1,0,0.0246914,0,0,0,0.25
0,6,161,0,0.35,0.48375,0.414286,0,0,0,0,0,1.2,0.0206718,0,0,0,0
0,6,161,1,0.21,0.2325,0.335714,0,0,0,0,0,0,0.0107527,0,0,0,0.125
0,6,161,2,0.165,0.23875,0.460606,0,0,0,0,0,0,0.0157068,0,0,0,0.25
1,6,162,0,0.02,0.01625,0.2,0,0,0,0,0.1,0,0.153846,0,0,0,0
0,6,162,1,0.19,0.23875,0.386842,0,0,0.2,0,0.1,0,0.0209424,0,0,0,0.125
0,6,162,2,0.24,0.3125,0.408333,0,0,0.2,0,0.1,0,0.016,0,0,0,0.25
1,6,162,3,0.125,0.14875,0.36,0,0,0,0,0,0,0.0168067,0,0,0,0.375
1,6,163,0,0.115,0.1425,0.391304,0,0,0.2,0,0,0,0.0263158,0,0,0,0
0,6,163,1,0.315,0.39,0.387302,0,0,0.2,0,0,0,0.00961538,0,0,0,0.125
0,6,163,2,0.33,0.4,0.374242,0,0,0.4,0,0.3,0,0.01875,0,0,0,0.25
0,6,163,3,0.325,0.42,0.409231,0,0,1,0,0.3,0,0.0178571,0,0,0,0.375
0,6,163,4,0.76,0.91375,0.373684,0,0,0.4,0,0,0,0.00820793,0,0,0,0.5
1,6,164,0,0.105,0.1325,0.385714,0,0,0,0,0.1,0,0.0283019,0,0,0,0
0,6,164,1,0.34,0.5175,0.498529,0,0,0,0,0.2,0,0.0169082,0,0,0,0.125
1,6,165,0,0.02,0.02125,0.3,0,0,0,0,0,0,0.0588235,0,0,0,0
1,6,165,1,0.025,0.04125,0.56,0,0,0,0,0,0,0.030303,0,0,0,0.125
0,6,166,0,0.145,0.19125,0.417241,0.4,0,0,0,0,0,0.0196078,0,0,0,0
1,6,166,1,0.105,0.13375,0.404762,0.4,0,0,0,0,0,0.0186916,0,0,0,0.125
1,6,166,2,0.04,0.0525,0.425,0.2,0,0,0,0,0,0.0238095,0,0,0,0.25
1,6,167,0,0.03,0.03875,0.416667,0.2,0,0,0,0,0,0.0322581,0,0,0,0
1,6,167,1,0.045,0.05875,0.422222,0.2,0,0,0,0,0,0.0212766,0,0,0,0.125
1,6,167,2,0.08,0.10375,0.40625,0,0,0,0,0,0,0.0361446,0,0,0,0.25
0,6,167,3,0.405,0.50125,0.377778,0.2,0,0,0,0,0,0.0174564,0,0,0,0.375
0,6,168,0,0.38,0.52,0.434211,0.2,0,0.6,0,0,0,0.0144231,0,0,0,0
0,6,168,1,0.05,0.06125,0.36,0.4,0,0,0,0,0,0.0408163,0,0,0,0.125
1,6,168,2,0.12,0.1525,0.4,0.4,0,0,0,0,0,0.0245902,0,0,0,0.25
1,6,168,3,0.04,0.05125,0.4125,0.2,0,0,0,0,0,0.0243902,0,0,0,0.375
1,6,169,0,0.215,0.245,0.348837,0.6,0,0.4,0,0,0,0.0204082,0,0,0,0
1,6,169,1,0.055,0.0625,0.354545,0.2,0,0,0,0,0,0.02,0,0,0,0.125
1,6,170,0,0.09,0.1,0.338889,0.2,0,0.2,0,0.1,0,0.0375,0,0,0,0
0,6,170,1,0.29,0.35625,0.375862,0,0,0.4,0,0.3,0,0.0210526,0,0,0,0.125
1,6,170,2,0.135,0.185,0.425926,1,0,0,0,0,0,0.0405405,0,0,0,0.25
0,6,171,0,0.245,0.31375,0.395918,0,0,0.2,0,0.1,0,0.0278884,0,0,0,0
0,6,171,1,0.36,0.48625,0.431944,0.4,0,0,0,0.1,0,0.0128535,0,0,0,0.125
0,6,172,0,0.075,0.09375,0.393333,0.2,0,0,0,0,0,0.0133333,0,0,0,0
1,6,172,1,0.095,0.1275,0.436842,0,0,0,0,0,0,0.00980392,0,0,0,0.125
0,6,173,0,0.185,0.22125,0.372973,0.2,0,0.2,0,0.1,0,0.0225989,0,0,0,0
0,6,173,1,0.365,0.4975,0.432877,0,0.2,0.2,0,0,0,0.0100503,0,0,0,0.125
0,6,174,0,0.085,0.1025,0.376471,0.2,0,0,0,0,0,0.0243902,0,0,0,0
1,6,174,1,0.375,0.47625,0.4,0,0,0.2,0,0.2,0,0.015748,0,0,0,0.125
0,6,175,0,0.345,0.465,0.426087,0.2,0,0.6,0,0.3,0,0.016129,0,0,0,0
0,6,175,1,0.05,0.05625,0.33,0.2,0,0.2,0,0,0,0.0444444,0,0,0,0.125
1,6,176,0,0.095,0.105,0.336842,0,0,0,0,0.1,0,0.0238095,0,0,0,0
1,6,176,1,0.075,0.1025,0.433333,0.2,0,0.2,0,0,0,0.0243902,0,0,0,0.125
1,6,177,0,0.045,0.055,0.388889,0,0,0,0,0,0,0.0454545,0,0,0,0
0,6,177,1,0.025,0.025,0.3,0.2,0,0,0,0,0,0.05,0,0,0,0.125
1,6,177,2,0.02,0.03125,0.525,0.2,0,0,0,0,0,0.04,0,0,0,0.25
1,6,177,3,0.025,0.03125,0.38,0.2,0,0,0,0,0,0.08,0,0,0,0.375
1,6,177,4,0.055,0.06125,0.354545,0,0,0,0,0,0,0.0204082,0,0,0,0.5
1,6,177,5,0.01,0.00875,0.3,0,0,0,0,0,0,0.142857,0,0,0,0.625
0,6,178,0,0.15,0.2125,0.456667,0.2,0,0.4,0,0,0,0.0117647,0,0,0,0
1,6,178,1,0.11,0.12625,0.345455,0,0,0,0,0,0,0.019802,0,0,0,0.125
0,6,179,0,0.35,0.51375,0.471429,0,0,0.4,0,0,0,0.00729927,0,0,0,0
0,6,179,1,0.365,0.48375,0.420548,0,0,0.2,0,0,0,0.00775194,0,0,0,0.125
0,6,179,2,0.295,0.3825,0.40678,0,0,0.8,0,0,0,0.00980392,0,0,0,0.25
1,6,180,0,0.035,0.05375,0.5,0.2,0.2,0,0,0,0,0.0465116,0,0,0,0
1,6,180,1,0.09,0.105,0.361111,0,0,0.2,0,0,0,0.0119048,0,0,0,0.125
1,6,181,0,0.14,0.165,0.360714,0.2,0,0,0,0,0,0.0151515,0,0,0,0
1,6,181,1,0.115,0.1575,0.43913,0.4,0,0,0,0,0,0.0238095,0,0,0,0.125
1,6,181,2,0.075,0.09375,0.4,0.2,0,0,0,0,0,0.0133333,0,0,0,0.25
1,6,182,0,0.045,0.05375,0.366667,0,0,0,0,0.1,0,0.0465116,0,0,0,0
0,6,182,1,0.395,0.57125,0.451899,0,0,0.4,0,0.1,0,0.0131291,0,0,0,0.125
0,6,183,0,0.19,0.24125,0.386842,0.2,0,0.4,0,0,0,0.0310881,0,0,0,0
0,6,183,1,0.22,0.25375,0.354545,0.4,0,0.2,0,0.1,0,0.0197044,0,0,0,0.125
1,6,184,0,0.04,0.05875,0.475,0,0,0,0,0,0,0.0212766,0,0,0,0
1,6,184,1,0.045,0.06125,0.444444,0,0,0.2,0,0,0,0.0204082,0,0,0,0.125
1,6,184,2,0.145,0.16875,0.351724,0.2,0,0,0,0,0,0.0222222,0,0,0,0.25
1,6,184,3,0.04,0.04875,0.3625,0.2,0,0,0,0,0,0.025641,0,0,0,0.375
1,6,184,4,0.08,0.0975,0.3625,0,0,0,0,0,0,0.025641,0,0,0,0.5
1,6,185,0,0.135,0.185,0.433333,0.2,0,0,0,0,0,0.0135135,0,0,0,0
1,6,185,1,0.065,0.07625,0.361538,0.2,0,0.4,0,0,0,0.0163934,0,0,0,0.125
0,6,186,0,0.355,0.5125,0.470423,0,0,0,0.4,0,0,0.0195122,0,0,0,0
1,7,186,1,0.055,0.0725,0.418182,0.2,0,0,0,0,0,0.0344828,0,0,0,0.125
1,7,186,2,0.08,0.09,0.33125,0,0,0.2,0,0.1,0,0.0555556,0,0,0,0.25
1,7,186,3,0.055,0.09125,0.554545,0,0,0,0,0.1,0,0.0410959,0,0,0,0.375
1,7,186,4,0.035,0.05,0.471429,0,0,0,0,0,0,0.025,0,0,0,0.5
1,7,186,5,0.065,0.095,0.469231,0,0,0,0,0,0,0.0263158,0,0,0,0.625
0,7,187,0,0.225,0.3075,0.426667,0,0,0.2,0,0.1,0,0.0162602,0,0,0,0
1,7,187,1,0.285,0.36375,0.398246,0.2,0,0.2,0,0.2,0,0.0171821,0,0,0,0.125
0,7,187,2,0.43,0.54625,0.390698,0.2,0,0.6,0,0.3,0,0.01373,0,0,0,0.25
0,7,187,3,0.27,0.34375,0.394444,0.4,0,0.2,0,0,0,0.0145455,0,0,0,0.375
1,7,188,0,0.52,0.6775,0.403846,0,0,0.4,0,0.1,0,0.0147601,0,0,0,0
0,7,188,1,0.195,0.2675,0.428205,0,0,0.4,0,0.1,0,0.00934579,0,0,0,0.125
0,7,188,2,0.12,0.1325,0.333333,0.2,0,0.2,0,0,0,0.0188679,0,0,0,0.25
1,7,189,0,0.035,0.03875,0.342857,0.2,0,0,0,0,0,0.0322581,0,0,0,0
1,7,189,1,0.09,0.12625,0.438889,0.6,0,0,0,0,0,0.029703,0,0,0,0.125
0,7,190,0,0.14,0.2075,0.475,0,0,0,0,0.1,0,0.0240964,0,0,0,0
0,7,190,1,0.235,0.33375,0.457447,0,0,0,0,0,0,0.00749064,0,0,0,0.125
0,7,190,2,0.485,0.71875,0.482474,0,0,0,0,0,0,0.00869565,0,0,0,0.25
0,7,190,3,0.49,0.64625,0.416327,0,0,0.2,0,0.6,0,0.0232108,0,0,0,0.375
1,7,191,0,0.035,0.03375,0.285714,0.2,0,0,0,0,0,0.037037,0,0,0,0
1,7,191,1,0.015,0.02,0.4,0.2,0,0,0,0,0,0.0625,0,0,0,0.125
1,7,191,2,0.11,0.14875,0.431818,0.2,0,0,0,0,0,0.0168067,0,0,0,0.25
1,7,191,3,0.06,0.07625,0.375,0.4,0,0,0,0,0,0.0327869,0,0,0,0.375
1,7,191,4,0.13,0.16125,0.384615,0.2,0,0.2,0,0,0,0.0155039,0,0,0,0.5
1,7,192,0,0.09,0.10375,0.355556,0.2,0,0,0,0,0,0.0120482,0,0,0,0
1,7,192,1,0.04,0.055,0.4375,0.2,0,0,0,0,0,0.0454545,0,0,0,0.125
1,7,192,2,0.07,0.07875,0.335714,0.2,0,0,0,0,0,0.031746,0,0,0,0.25
0,7,193,0,0.405,0.5175,0.396296,0,0,0,0,0,0,0.0169082,0,0,0,0
0,7,193,1,0.205,0.2775,0.429268,0,0,0,0,0,0,0.0135135,0,0,0,0.125
0,7,193,2,0.245,0.34625,0.457143,0,0,0,0,0,0,0.00722022,0,0,0,0.25
1,7,194,0,0.12,0.145,0.370833,0.2,0,0,0,0,0,0.0258621,0,0,0,0
1,7,194,1,0.02,0.03,0.5,0.2,0,0,0,0,0,0.0416667,0,0,0,0.125
1,7,195,0,0.015,0.02,0.433333,0.2,0,0,0,0,0,0,0,0,0,0
0,7,195,1,0.05,0.05125,0.3,0,0,0.2,0,0.1,0,0.0731707,0,0,0,0.125
1,7,196,0,0.065,0.08875,0.430769,0,0,0,0,0.1,0,0.028169,0,0,0,0
0,7,196,1,0.575,0.71,0.376522,0,0,0,0,0.1,0,0.0158451,0,0,0,0.125
1,7,196,2,0.055,0.075,0.436364,0.2,0,0,0,0,0,0.0166667,0,0,0,0.25
1,7,197,0,0.135,0.17625,0.403704,0.2,0,0,0,0.1,0,0.0283688,0,0,0,0
0,7,197,1,0.155,0.2075,0.425806,0,0,0,0,0.1,0,0.0361446,0,0,0,0.125
0,7,197,2,0.04,0.0525,0.425,0.2,0,0,0,0,0,0.0238095,0,0,0,0.25
0,7,197,3,0.25,0.345,0.43,0,0,0,0,0,0,0.0471014,0,0,0,0.375
1,7,198,0,0.125,0.15375,0.38,0,0,0.2,0,0.1,0,0.0487805,0,0,0,0
0,7,198,1,0.4,0.5375,0.42375,0,0,0,0,0,0.8,0.0302326,0,0,0,0.125
1,7,198,2,0.03,0.02875,0.283333,0,0,0,0,0.1,0,0.0869565,0,0,0,0.25
1,7,198,3,0.05,0.06625,0.43,0,0,0,0,0,0,0.0377358,0,0,0,0.375
1,7,199,0,0.075,0.08,0.326667,0.2,0,0,0,0,0,0.015625,0,0,0,0
1,7,199,1,0.035,0.04,0.357143,0.2,0,0,0,0,0,0.03125,0,0,0,0.125
1,7,200,0,0.025,0.03875,0.52,0.2,0,0,0,0,0,0.0322581,0,0,0,0
1,7,200,1,0.05,0.045,0.27,0,0,0.2,0,0,0,0.0277778,0,0,0,0.125
1,7,200,2,0.085,0.10875,0.405882,0,0,0,0,0,0,0.0114943,0,0,0,0.25
1,7,200,3,0.055,0.07,0.4,0,0.2,0,0,0,0,0.0357143,0,0,0,0.375
0,7,201,0,0.195,0.24875,0.392308,0.2,0,0.2,0,0.1,0,0.0201005,0,0,0,0
1,7,201,1,0.105,0.14125,0.438095,0.2,0,0,0,0,0,0.00884956,0,0,0,0.125
0,7,201,2,0.56,0.67125,0.367857,0,0,0.2,0,0.3,0,0.0242086,0,0,0,0.25
1,7,202,0,0.125,0.16,0.408,0.2,0,0.2,0,0,0,0.0078125,0,0,0,0
0,7,202,1,0.345,0.445,0.397101,0,0,0.2,0,0,0,0.011236,0,0,0,0.125
1,7,202,2,0.13,0.17875,0.438462,0,0,0.2,0,0,0,0.013986,0,0,0,0.25
0,7,202,3,0.2,0.2375,0.3675,0,0,0,0,0.1,0,0.0105263,0,0,0,0.375
1,7,202,4,0.135,0.15375,0.348148,0,0,0,0,0.2,0,0.0325203,0,0,0,0.5
0,7,203,0,0.915,1.2425,0.422951,0,0,0,0,0,0.2,0.0251509,0,0,0,0
0,7,203,1,0.895,1.27625,0.451955,0.2,0,0.2,0.2,0.1,0,0.0235064,0,0,0,0.125
0,7,203,2,0.42,0.525,0.388095,0,0,0,0,0.1,0,0.0119048,0,0,0,0.25
1,7,204,0,0.03,0.03625,0.383333,0,0,0,0,0,0,0.103448,0,0,0,0
1,7,204,1,0.09,0.1175,0.411111,0,0,0,0,0,0,0.0106383,0,0,0,0.125
1,7,204,2,0.05,0.075,0.5,0,0,0,0,0,0,0.0166667,0,0,0,0.25
0,7,204,3,0.155,0.19125,0.380645,0,0,0,0,0,0,0.0130719,0,0,0,0.375
1,7,205,0,0.095,0.12,0.4,0.2,0,0,0,0,0,0.0208333,0,0,0,0
1,7,205,1,0.07,0.07875,0.35,0,0,0.2,0,0,0,0.015873,0,0,0,0.125
1,7,205,2,0.035,0.0425,0.385714,0,0,0,0,0,0,0.0294118,0,0,0,0.25
0,7,206,0,0.065,0.11875,0.623077,0.4,0,0,0,0,0,0.0210526,0,0,0,0
1,7,206,1,0.05,0.07625,0.51,0.2,0,0,0,0,0,0.0163934,0,0,0,0.125
0,7,207,0,0.385,0.515,0.415584,0.2,0,0,0,0,0,0.00485437,0,0,0,0
0,7,207,1,0.18,0.2425,0.413889,0,0,0,0,0,0,0.0257732,0,0,0,0.125
0,7,207,2,0.425,0.5425,0.398824,0,0,0,0,0,0,0.0115207,0,0,0,0.25
0,7,207,3,0.875,1.095,0.385143,0,0.6,0,0,0.1,0,0.0125571,0,0,0,0.375
0,7,208,0,0.14,0.17,0.378571,0.4,0,0,0,0,0,0.0147059,0,0,0,0
1,7,208,1,0.205,0.26,0.4,0.2,0,0,0,0.1,0,0.0192308,0,0,0,0.125
0,7,209,0,0.33,0.48125,0.469697,0,0,0,0,0,0,0.0233766,0,0,0,0
0,7,209,1,0.26,0.38625,0.486538,0,0,0,0,0.1,0,0.00970874,0,0,0,0.125
0,7,210,0,0.195,0.3025,0.510256,0,0,0.2,0,0,0,0.00826446,0,0,0,0
0,7,210,1,0.17,0.2575,0.485294,0,0,0,0,0,0,0.0194175,0,0,0,0.125
0,8,211,0,0.275,0.45,0.490909,0,0.2,0,0,0.1,0.2,0.0166667,0,0,0,0
0,8,211,1,0.35,0.52875,0.447143,0,0,0,0,0,0.2,0.00472813,0,0,0,0.125
0,8,212,0,0.315,0.43625,0.425397,1,0.2,0.2,0,0,0,0.0200573,0,0,0,0
1,8,212,1,0.19,0.2275,0.363158,0,0.4,0,0,0.2,0,0.0274725,0,0,0,0.125
1,8,213,0,0.15,0.1975,0.406667,0,0.2,0,0,0.1,0,0.0443038,0,0,0,0
1,8,213,1,0.145,0.19625,0.403448,0,0,0,0,0.2,0,0.0509554,0,0,0,0.125
1,8,213,2,0.225,0.30375,0.433333,0,0,0,0,0.1,0,0.0205761,0,0,0,0.25
1,8,214,0,0.12,0.1675,0.433333,0,0,0,0,0,0,0.0373134,0,0,0,0
0,8,214,1,0.315,0.4775,0.487302,0,0,0.2,0,0,0,0.0287958,0,0,0,0.125
0,8,214,2,0.19,0.3075,0.513158,0,0,0.4,0,0,0,0.0243902,0,0,0,0.25
1,8,215,0,0.045,0.05,0.344444,0.2,0,0.2,0,0.1,0,0.05,0,0,0,0
0,8,215,1,0.09,0.11875,0.422222,0.4,0,0,0,0,0,0.0210526,0,0,0,0.125
0,8,215,2,0.55,0.74375,0.427273,0,0,0.6,0,0.1,0,0.00840336,0,0,0,0.25
0,8,216,0,0.34,0.4525,0.423529,0,0,0.4,0,0,0,0.00552486,0,0,0,0
0,8,216,1,0.26,0.32125,0.388462,0,0,0.2,0,0,0,0.0077821,0,0,0,0.125
0,8,216,2,0.18,0.23,0.408333,0,0,0.2,0,0,0,0.00543478,0,0,0,0.25
0,8,217,0,0.09,0.15375,0.561111,0,0,0,0,0,0,0.0406504,0,0,0,0
1,8,217,1,0.03,0.04875,0.55,0,0,0,0,0,0,0.0769231,0,0,0,0.125
0,8,217,2,0.02,0.0325,0.55,0,0,0,0,0,0,0.0769231,0,0,0,0.25
1,8,217,3,0.04,0.0425,0.325,0,0,0.2,0,0,0,0.0294118,0,0,0,0.375
1,8,217,4,0.045,0.04125,0.266667,0,0,0.2,0,0.1,0,0.0606061,0,0,0,0.5
1,8,218,0,0.055,0.0675,0.363636,0,0,0,0,0.1,0,0.0555556,0,0,0,0
1,8,218,1,0,0.01125,0,0,0,0,0,0,0,0,0,0,0,0.125
1,8,218,2,0.06,0.0675,0.341667,0.2,0,0,0,0,0,0.0185185,0,0,0,0.25
1,8,218,3,0.22,0.31875,0.440909,0,0,0,0,0.2,0.6,0.0156863,0,0,0,0.375
0,8,219,0,0.245,0.28875,0.367347,0.2,0,0.2,0,0.1,0,0.021645,0,0,0,0
1,8,219,1,0.01,0.01375,0.45,0,0,0,0,0,0,0.0909091,0,0,0,0.125
0,8,220,0,0.05,0.07125,0.38,0,0,0,0,0,0,0.157895,0,0,0,0
0,8,220,1,0.03,0.035,0.366667,0,0,0,0,0,0,0.107143,0,0,0,0.125
1,8,220,2,0.05,0.0725,0.48,0,0,0,0,0,0,0.0517241,0,0,0,0.25
1,8,221,0,0.245,0.34875,0.44898,0,0,0.4,0,0.1,0,0.0143369,0,0,0,0
1,8,221,1,0.08,0.1075,0.4125,0,0,0,0,0.1,0,0.0232558,0,0,0,0.125
0,8,221,2,0.155,0.215,0.429032,0,0,0.6,0,0.2,0,0.0290698,0,0,0,0.25
0,8,221,3,0.265,0.365,0.428302,0,0,0.2,0,0.1,0,0.0171233,0,0,0,0.375
1,8,222,0,0.035,0.04,0.357143,0.2,0,0,0,0,0,0.03125,0,0,0,0
0,8,222,1,0.565,0.7,0.382301,0.8,0,0.6,0,0.1,0,0.0125,0,0,0,0.125
0,8,222,2,0.295,0.4275,0.466102,0.6,0,0,0,0,0,0.00877193,0,0,0,0.25
0,8,223,0,0.31,0.4275,0.43871,0,0,0.4,0,0.1,0,0.0175439,0,0,0,0
1,8,223,1,0.135,0.14,0.307407,0,0,0,0,0.2,0,0.0267857,0,0,0,0.125
1,8,224,0,0.015,0.02,0.366667,0.2,0.2,0,0,0,0,0.0625,0,0,0,0
1,8,224,1,0.01,0.0175,0.6,0,0.2,0,0,0,0,0.0714286,0,0,0,0.125
1,8,224,2,0.035,0.04125,0.371429,0.2,0,0,0,0,0,0.030303,0,0,0,0.25
1,8,224,3,0.04,0.04875,0.375,0,0,0,0,0,0,0.0512821,0,0,0,0.375
1,8,224,4,0.035,0.0425,0.371429,0,0,0,0,0,0,0.0588235,0,0,0,0.5
1,8,224,5,0.025,0.02625,0.32,0,0,0,0,0,0,0.047619,0,0,0,0.625
1,8,224,6,0.04,0.04625,0.35,0,0.2,0,0,0,0,0.0540541,0,0,0,0.75
0,8,225,0,0.19,0.24625,0.402632,0.2,0,0.2,0,0.1,0,0.0203046,0,0,0,0
1,8,225,1,0.095,0.11875,0.384211,0,0,0,0,0.1,0,0.0210526,0,0,0,0.125
0,8,225,2,0.185,0.2275,0.381081,0.2,0,0,0,0.2,0,0.021978,0,0,0,0.25
0,8,226,0,0.01,0.0125,0.4,0.2,0,0,0,0,0,0.1,0,0,0,0
1,8,226,1,0.08,0.10125,0.39375,0.2,0,0,0,0.1,0,0.037037,0,0,0,0.125
0,8,226,2,0.365,0.47125,0.405479,0.2,0,0.4,0,0,0,0.0265252,0,0,0,0.25
1,8,226,3,0.13,0.14875,0.338462,0,0,0.2,0,0.1,0,0.0252101,0,0,0,0.375
1,8,227,0,0.04,0.0525,0.4125,0.2,0,0,0,0,0,0.0238095,0,0,0,0
1,8,227,1,0.14,0.15125,0.317857,0,0,0,0,0.3,0,0.0330579,0,0,0,0.125
1,8,227,2,0.03,0.0275,0.266667,0,0.2,0,0,0,0,0.0454545,0,0,0,0.25
1,8,228,0,0.14,0.15,0.310714,0.4,0,0,0,0,0,0.025,0,0,0,0
1,8,228,1,0.055,0.0625,0.354545,0.2,0,0,0,0,0,0.02,0,0,0,0.125
1,8,229,0,0.085,0.10375,0.382353,0,0,0,0,0,0,0.0240964,0,0,0,0
1,8,229,1,0.13,0.16625,0.396154,0,0,0,0,0.1,0,0.037594,0,0,0,0.125
1,8,229,2,0.12,0.1875,0.516667,0,0,0.2,0,0.1,0,0.0133333,0,0,0,0.25
1,8,230,0,0.12,0.1375,0.3375,0,0,0,0,0,0,0.0181818,0,0,0,0
0,8,230,1,0.07,0.0775,0.35,0,0,0,0,0,0,0.0483871,0,0,0,0.125
1,8,230,2,0.075,0.0775,0.313333,0,0,0,0,0.1,0,0.0322581,0,0,0,0.25
0,8,231,0,0.365,0.465,0.39726,0.2,0,0.8,0,0.3,0,0.0215054,0,0,0,0
0,8,231,1,0.275,0.36375,0.416364,0.2,0,0.4,0,0.1,0,0.0137457,0,0,0,0.125
0,8,232,0,0.265,0.4,0.401887,0,0,0.2,0,0,2,0.015625,0,0,0,0
1,8,232,1,0.02,0.02375,0.375,0,0,0,0,0,0,0.0526316,0,0,0,0.125
1,8,233,0,0.07,0.1025,0.485714,0,0,0,0,0,0,0.0121951,0,0,0,0
1,8,233,1,0.145,0.16625,0.355172,0,0,0.2,0,0,0,0.0150376,0,0,0,0.125
1,8,233,2,0.12,0.16125,0.433333,0.2,0,0,0,0,0,0.0155039,0,0,0,0.25
1,8,233,3,0.135,0.20875,0.514815,0,0,0,0,0,0,0.00598802,0,0,0,0.375
0,8,234,0,0.425,0.54875,0.374118,0,0,0,0,0.1,0.8,0.0205011,0,0,0,0
1,8,234,1,0.065,0.0875,0.430769,0,0.2,0,0,0,0,0.0285714,0,0,0,0.125
1,8,234,2,0.095,0.125,0.410526,0,0.2,0,0,0,0,0.02,0,0,0,0.25
0,8,235,0,0.21,0.2725,0.407143,0.2,0,0.2,0,0.2,0,0.0183486,0,0,0,0
1,8,235,1,0.125,0.155,0.384,0,0,0.2,0,0,0,0.016129,0,0,0,0.125
1,8,236,0,0.015,0.02,0.366667,0,0,0,0,0,0,0.125,0,0,0,0
1,8,236,1,0.035,0.045,0.4,0,0,0,0,0.2,0,0.0833333,0.333333,0,0,0.125
0,8,236,2,0.305,0.41,0.42623,0,0,0.2,0,0.1,0,0.0243902,0,0,0,0.25
1,9,236,3,0.09,0.10625,0.361111,0,0,0,0,0,0,0.0352941,0,0,0,0.375
1,9,236,4,0.075,0.09,0.366667,0,0,0,0,0.1,0,0.0833333,0.666667,0,0,0.5
0,9,237,0,0.085,0.10375,0.388235,0,0,0,0,0,0,0.0120482,0,0,0,0
0,9,237,1,0.065,0.07,0.330769,0,0,0,0,0,0,0.0178571,0,0,0,0.125
0,9,237,2,0.235,0.33,0.453191,0,0,0,0,0.1,0,0.0151515,0,0,0,0.25
0,9,237,3,0.165,0.22375,0.424242,0,0,0,0,0,0,0.0335196,0,0,0,0.375
0,9,238,0,0.08,0.0825,0.30625,0.2,0,0,0,0,0,0.030303,0,0,0,0
0,9,238,1,0.25,0.32375,0.406,0.2,0,0.6,0,0.4,0,0.027027,0,0,0,0.125
0,9,238,2,0.33,0.3975,0.365152,0,0,0.6,0,0.2,0,0.0188679,0,0,0,0.25
0,9,239,0,0.38,0.50125,0.414474,0.2,0,0.2,0,0,0,0.0124688,0,0,0,0
0,9,239,1,0.55,0.69,0.388182,0.2,0,0.2,0,0,0,0.0126812,0,0,0,0.125
1,9,239,2,0.095,0.14125,0.478947,0,0.2,0,0,0.1,0,0.0353982,0,0,0,0.25
0,9,240,0,0.265,0.32875,0.384906,0.2,0,0.4,0,0.2,0,0.0152091,0,0,0,0
1,9,240,1,0.04,0.0475,0.3625,0,0,0,0,0.1,0,0.0526316,0.666667,0,0,0.125
0,9,241,0,0.325,0.39625,0.366154,0,0,0,0,0,0,0.0378549,0,0,0,0
0,9,241,1,0.19,0.22125,0.363158,0,0,0,0,0,0,0.0112994,0,0,0,0.125
0,9,241,2,0.225,0.295,0.411111,0.8,0,0.2,0,0,0,0.0211864,0,0,0,0.25
1,9,241,3,0.11,0.12375,0.340909,0,0,0,0,0,0,0.020202,0,0,0,0.375
0,9,241,4,0.09,0.09,0.288889,0.4,0,0,0,0.1,0,0.0555556,0,0,0,0.5
1,9,241,5,0.11,0.12125,0.331818,0.2,0,0,0,0,0,0.0515464,0,0,0,0.625
1,9,242,0,0.025,0.0275,0.34,0.2,0,0,0,0,0,0.0454545,0,0,0,0
1,9,242,1,0.07,0.095,0.421429,0.2,0,0,0,0,0,0.0263158,0,0,0,0.125
0,9,242,2,0.175,0.18875,0.322857,0.2,0,0.2,0,0.1,0,0.0198675,0,0,0,0.25
1,9,242,3,0.11,0.1175,0.304545,0.2,0,0.2,0,0.1,0,0.0425532,0,0,0,0.375
1,9,242,4,0.135,0.13875,0.3,0,0,0.2,0,0,0,0.045045,0,0,0,0.5
0,9,243,0,0.15,0.20125,0.41,0.2,0,0,0,0,0,0.0186335,0,0.5,0,0
0,9,243,1,0.165,0.22125,0.415152,0,0,0,0,0,0,0.0112994,0,0.5,0,0.125
1,9,244,0,0.01,0.01125,0.35,0,0,0,0,0,0,0.111111,0,0,0,0
0,9,244,1,0.44,0.6075,0.439773,0,0,0,0,0,0,0.0144033,0,0,0,0.125
0,9,244,2,0.15,0.1975,0.42,0,0,0,0,0.1,0,0.0189873,0,0,0,0.25
0,9,244,3,0.33,0.42125,0.395455,0,0,0.4,0,0.4,0,0.0207715,0,0,0,0.375
0,9,245,0,0.175,0.24875,0.451429,0,0,0.2,0,0,0,0.0251256,0,0,0,0
1,9,245,1,0.04,0.0525,0.425,0,0,0,0,0,0,0.047619,0,0,0,0.125
1,9,246,0,0.08,0.1,0.39375,0.2,0,0,0,0,0,0.0125,0,0,0,0
0,9,246,1,0.2,0.27625,0.435,0.2,0,0.4,0,0.2,0,0.0226244,0,0,0,0.125
0,9,246,2,0.165,0.1925,0.348485,0.6,0,0,0,0,0,0.0194805,0,0,0,0.25
0,9,246,3,0.195,0.2475,0.389744,0.2,0,0.2,0,0,0,0.0151515,0,0,0,0.375
0,9,246,4,0.275,0.35,0.394545,0.8,0,0,0,0,0,0.0214286,0,0,0,0.5
0,9,247,0,0.21,0.25125,0.369048,0,0,0.4,0,0.1,0,0.0149254,0,0,0,0
0,9,247,1,0.265,0.38625,0.4,0,0,0,0,0.1,0.2,0.0420712,0,0,0,0.125
1,9,248,0,0.025,0.025,0.3,0.2,0,0,0,0,0,0.05,0,0,0,0
0,9,248,1,0.05,0.06625,0.41,0,0,0,0,0,0,0.0188679,0,0,0,0.125
1,9,248,2,0.025,0.02625,0.32,0.2,0,0,0,0,0,0.047619,0,0,0,0.25
1,9,248,3,0.055,0.07125,0.4,0.2,0,0,0,0,0,0.0350877,0,0,0,0.375
0,9,248,4,0.04,0.04875,0.3875,0.2,0,0,0,0,0,0.025641,0,0,0,0.5
1,9,248,5,0.055,0.0625,0.336364,0.2,0,0,0,0,0,0.04,0.333333,0,0,0.625
1,9,248,6,0.04,0.0475,0.325,0,0,0,0,0,0,0.0526316,0,0,0,0.75
0,9,248,7,0.06,0.08,0.433333,0,0,0,0,0,0,0.015625,0,0,0,0.875
1,9,248,8,0.09,0.1025,0.338889,0,0,0,0,0.2,0,0.0365854,0,0,0,1
0,9,249,0,0.4,0.51375,0.395,0,0,0.2,0,0,0,0.0243309,0,0,0,0
1,9,249,1,0.755,1.0725,0.444371,0,0,0.2,0,0.1,0.4,0.013986,0,0,0,0.125
0,9,250,0,0.185,0.23625,0.391892,0.2,0,0,0,0,0,0.026455,0,0,0,0
1,9,250,1,0.1,0.12,0.36,0,0,0,0,0.2,0,0.03125,0,0,0,0.125
1,9,250,2,0.13,0.15375,0.353846,0,0,0,0,0.2,0,0.0243902,0,0,0,0.25
1,9,250,3,0.01,0.02875,0.15,0,0,0,0,0,0,0.0434783,0,0,0,0.375
1,9,250,4,0.13,0.1525,0.346154,0,0,0,0,0,0,0.0163934,0,0,0,0.5
0,9,251,0,0.295,0.39,0.415254,0.4,0,0,0,0,0,0.0160256,0,0,0,0
0,9,251,1,0.27,0.3475,0.403704,0.2,0,0,0,0.3,0,0.0215827,0,0,0,0.125
1,9,252,0,0.06,0.075,0.383333,0.2,0,0,0,0,0,0.0333333,0,0,0,0
0,9,252,1,0.055,0.07375,0.409091,0,0,0.2,0,0.1,0,0.0338983,0,0,0,0.125
1,9,253,0,0.025,0.0275,0.3,0,0,0,0,0,0,0.0454545,0,0,0,0
1,9,253,1,0.125,0.15,0.368,0.2,0,0,0,0.1,0,0.0583333,0,0,0,0.125
1,9,254,0,0.03,0.03625,0.366667,0,0,0,0,0,0,0.0344828,0,0,0,0
1,9,254,1,0.135,0.185,0.437037,0,0,0,0,0,0,0.0337838,0,0,0,0.125
1,9,254,2,0.07,0.085,0.378571,0,0,0,0,0.1,0,0.0588235,0,0,0,0.25
0,9,254,3,0.215,0.26125,0.376744,0,0,0.2,0,0.2,0,0.0143541,0,0,0,0.375
1,9,255,0,0.04,0.0425,0.3125,0.2,0,0,0,0,0,0.0294118,0,0,0,0
0,9,255,1,0.075,0.09625,0.38,0,0,0,0,0.1,0,0.025974,0.333333,0,0,0.125
1,9,255,2,0.055,0.07625,0.445455,0,0,0,0,0,0,0.0163934,0,0,0,0.25
0,9,255,3,0.235,0.345,0.461702,0,0,0.4,0,0.1,0,0.0289855,0,0,0,0.375
1,9,255,4,0.13,0.1525,0.361538,0,0,0.2,0,0.1,0,0.0163934,0,0,0,0.5
0,9,256,0,0.43,0.5775,0.419767,0,0.2,0,0,0,0,0.017316,0,0,0,0
0,9,256,1,0.355,0.46125,0.409859,0,0,0,0,0,0,0.0135501,0,0,0,0.125
1,9,257,0,0.09,0.10375,0.355556,0.2,0,0,0,0,0,0.0120482,0,0,0,0
0,9,257,1,0.04,0.055,0.4375,0.2,0,0,0,0,0,0.0454545,0,0,0,0.125
1,9,257,2,0.045,0.05875,0.422222,0.2,0,0,0,0,0,0.0212766,0,0,0,0.25
1,9,257,3,0.025,0.035,0.46,0.2,0,0,0,0,0,0.0357143,0,0,0,0.375
0,9,258,0,0.245,0.37125,0.493878,0,0,0.2,0,0.4,0,0.016835,0,0,0,0
0,9,258,1,0.17,0.23625,0.447059,0,0,0,0,0.2,0,0.021164,0.333333,0,0,0.125
1,9,258,2,0.125,0.155,0.388,0,0,0,0,0.2,0,0.0403226,0,0,0,0.25
1,10,258,3,0.065,0.115,0.569231,0,0,0,0,0.1,0,0.0217391,0,0,0,0.375
1,10,258,4,0.06,0.1175,0.65,0,0,0,0,0.1,0,0.0212766,0,0,0,0.5
1,10,258,5,0.065,0.07375,0.353846,0.2,0,0,0,0,0,0.0169492,0,0,0,0.625
0,10,259,0,0.595,0.755,0.397479,0,0,0.4,0,0,0,0.00993377,0,0,0,0
0,10,259,1,0.38,0.48625,0.403947,0,0,0.2,0,0.1,0,0.0179949,0,0,0,0.125
1,10,259,2,0.1,0.10375,0.305,0,0.2,0.2,0,0.1,0,0.0240964,0,0,0,0.25
0,10,259,3,0.26,0.31,0.363462,0,0,0,0,0,0,0.0120968,0,0,0,0.375
0,10,259,4,0.27,0.32875,0.377778,0,0,0,0,0,0,0.00760456,0,0,0,0.5
0,10,259,5,0.35,0.455,0.412857,0,0,0.2,0,0,0,0.00549451,0,0,0,0.625
1,10,259,6,0.185,0.2325,0.389189,0.4,0,0,0,0.1,0,0.0268817,0,0,0,0.75
0,10,260,0,0.215,0.31125,0.467442,0,0,0,0,0,0,0.0240964,0,0,0,0
0,10,260,1,0.18,0.2525,0.452778,0,0,0,0,0.1,0,0.00990099,0,0,0,0.125
0,10,260,2,0.095,0.14625,0.478947,0,0,0.4,0,0.1,0,0.0598291,0,0,0,0.25
0,10,260,3,0.3,0.48375,0.535,0,0,0,0,0,0,0.0284238,0,0,0,0.375
1,10,261,0,0.085,0.0925,0.329412,0.2,0,0,0,0.1,0,0.0405405,0,0,0,0
1,10,261,1,0.075,0.085,0.34,0.4,0,0,0,0,0,0.0294118,0,0,0,0.125
0,10,261,2,0.2,0.2775,0.445,0.4,0,0,0,0.1,0,0.0135135,0,0,0,0.25
0,10,262,0,0.2,0.28875,0.4525,0,0,0,0,0.1,0,0.00865801,0,0,0,0
1,10,262,1,0.645,1.0325,0.421705,0,10,0,0,0,0,0.0799031,0,0,0,0.125
0,10,262,2,0.09,0.10875,0.377778,0,0,0,0,0,0,0.0229885,0,0,0,0.25
1,10,263,0,0.11,0.155,0.45,0.4,0,0.2,0,0.1,0,0.0241935,0,0,0,0
1,10,263,1,0.03,0.03,0.3,0.2,0,0,0,0,0,0.0416667,0,0,0,0.125
0,10,263,2,0.15,0.1875,0.383333,0,0,0,0,0,0,0.0133333,0,0,0,0.25
1,10,263,3,0.1,0.12875,0.41,0,0,0,0,0,0,0.00970874,0,0,0,0.375
0,10,264,0,0.24,0.33375,0.41875,0.2,0,0,0,0.1,0.8,0.0224719,0,0,0,0
1,10,264,1,0.08,0.0925,0.33125,0,0,0,0,0,0,0.0540541,0,0,0,0.125
1,10,265,0,0.04,0.065,0.55,0,0,0.2,0,0,0,0.0192308,0,0,0,0
1,10,265,1,0.04,0.045,0.3375,0,0,0,0,0.1,0,0.0555556,0,0,0,0.125
0,10,266,0,0.14,0.195,0.439286,0.2,0,0,0,0,0,0.0192308,0,0,0,0
1,10,266,1,0.115,0.14625,0.395652,0,0,0,0,0,0,0.042735,0,0,0,0.125
1,10,267,0,0.215,0.27,0.383721,0.2,0,0,0,0.3,0,0.0277778,0,0,0,0
0,10,267,1,1.025,1.34375,0.397073,0.2,0.2,0.2,0,0.4,0,0.0204651,0,0,0,0.125
0,10,267,2,0.36,0.495,0.418056,0,0,0.6,0,0.1,0,0.010101,0,0,0,0.25
0,10,267,3,0.21,0.27,0.397619,0,0,0,0,0,0,0.00925926,0,0,0,0.375
0,10,268,0,0.17,0.2675,0.523529,0,0,0,0,0,0,0.0140187,0,0,0,0
1,10,268,1,0.1,0.1625,0.545,0,0,0,0,0,0,0.0153846,0,0,0,0.125
0,10,268,2,0.385,0.57,0.483117,0,0,0,0,0,0,0.0131579,0,0,0,0.25
1,10,268,3,0.06,0.07125,0.375,0,0,0,0,0,0,0.0175439,0,0,0,0.375
1,10,269,0,0.075,0.0875,0.353333,0,0,0,0,0.1,0,0.0285714,0,0,0,0
1,10,269,1,0.03,0.035,0.366667,0,0,0,0,0,0,0.0357143,0.333333,0,0,0.125
0,10,270,0,0.615,0.8775,0.450407,0.2,0,0.2,0,0.2,0,0.0156695,0,0,0,0
1,10,270,1,0.115,0.15375,0.421739,0.2,0,0,0,0,0,0.0162602,0,0,0,0.125
0,10,270,2,0.42,0.5875,0.447619,0,0,0.2,0,0.4,0,0.0148936,0,0,0,0.25
1,10,271,0,0.035,0.0375,0.328571,0.2,0,0,0,0,0,0.0333333,0,0,0,0
1,10,271,1,0.12,0.15625,0.4125,0.2,0,0,0,0,0,0.008,0,0,0,0.125
1,10,271,2,0.08,0.09875,0.38125,0.2,0,0,0,0,0,0.0253165,0,0,0,0.25
0,10,272,0,0.32,0.43875,0.390625,0,0,0,0,0.1,0,0.031339,0,0,0,0
1,10,272,1,0.095,0.1325,0.452632,0,0,0,0,0.1,0,0.0188679,0,0,0,0.125
1,10,273,0,0.1,0.135,0.42,0,0,0,0,0,0,0.037037,0,0,0,0
1,10,273,1,0.08,0.09875,0.38125,0,0,0,0,0.1,0,0.0379747,0,0,0,0.125
1,10,273,2,0.03,0.04875,0.55,0,0,0,0,0,0,0.025641,0,0,0,0.25
1,10,274,0,0.8,1.20625,0.490625,0,0,0,0.4,0.1,0,0.015544,0,0,0,0
0,10,274,1,0.315,0.45125,0.463492,0,0,0,0,0,0.1,0.0138504,0,0,0,0.125
0,10,274,2,0.17,0.2375,0.444118,0.2,0,0.2,0,0,0,0.0263158,0,0,0,0.25
0,10,274,3,0.205,0.28625,0.44878,0.2,0,0,0,0.1,0,0.0131004,0,0.25,0,0.375
1,10,274,4,0.09,0.11875,0.422222,0.2,0,0,0,0,0,0.0105263,0,0,0,0.5
1,10,275,0,0.045,0.0525,0.355556,0,0,0.2,0,0,0,0.0238095,0,0,0,0
1,10,275,1,0.075,0.1025,0.44,0,0,0,0,0,0,0.0121951,0,0,0,0.125
1,10,276,0,0.055,0.05875,0.327273,0.2,0,0,0,0,0,0.0212766,0,0,0,0
0,10,276,1,0.155,0.1825,0.36129,0,0,0,0,0,0,0.00684932,0,0,0,0.125
0,10,277,0,0.495,0.675,0.424242,0,0,0,0,0,0,0.00925926,0,0,0,0
0,10,277,1,0.63,0.84625,0.422222,0,0,0,0,0.3,0,0.0118168,0,0,0,0.125
0,10,277,2,0.47,0.59125,0.388298,0,0,0.4,0,0.2,0,0.012685,0,0,0,0.25
1,10,278,0,0.095,0.13,0.431579,0,0,0,0,0.1,0,0.0384615,0,0,0,0
0,10,278,1,0.18,0.23125,0.4,0,0,0,0,0,0,0.0216216,0,0,0,0.125
1,10,279,0,0.015,0.0125,0.233333,0.2,0,0,0,0,0,0.1,0,0,0,0
1,10,279,1,0.11,0.12875,0.345455,0.2,0,0,0,0,0,0.0291262,0,0,0,0.125
1,10,279,2,0.11,0.13125,0.354545,0.2,0,0,0,0,0,0.0285714,0,0,0,0.25
0,10,280,0,0.21,0.27375,0.404762,0.4,0.2,0,0,0,0,0.0182648,0,0,0,0
0,10,280,1,0.375,0.495,0.412,0.2,0,0.2,0,0.4,0,0.0151515,0,0,0,0.125
0,10,280,2,0.3,0.3875,0.396667,0.2,0,0.2,0,0.2,0,0.016129,0,0,0,0.25
1,10,281,0,0.075,0.09375,0.38,0.2,0,0.2,0,0,0,0.0266667,0,0,0,0
1,10,281,1,0.035,0.0375,0.314286,0.2,0,0,0,0.1,0,0.0666667,0,0,0,0.125
1,10,281,2,0.05,0.05875,0.27,0.2,0,0,0,0.1,0,0.0425532,0,0,0,0.25
1,10,282,0,0.035,0.04125,0.371429,0.2,0,0,0,0,0,0.030303,0,0,0,0
1,10,282,1,0.105,0.1325,0.371429,0.2,0,0,0,0.1,0,0.0377358,0,0,0,0.125
1,10,282,2,0.095,0.115,0.357895,0.2,0,0.2,0,0,0,0.0326087,0,0,0,0.25
0,10,282,3,0.305,0.41125,0.422951,0.2,0,0.4,0,0.2,0,0.0151976,0,0,0,0.375
1,10,283,0,0.1,0.13375,0.415,0,0,0,0,0,0,0.0186916,0,0,0,0
1,10,283,1,0.065,0.0975,0.492308,0,0,0,0,0,0,0.0128205,0,0,0,0.125
1,11,283,2,0.11,0.16125,0.477273,0,0,0,0,0.1,0,0.0155039,0,0,0,0.25
0,11,283,3,0.2,0.265,0.415,0,0,0,0,0,0,0.00943396,0,0,0,0.375
0,11,283,4,0.16,0.2025,0.390625,0.4,0,0,0,0,0,0.0246914,0,0,0,0.5
1,11,284,0,0.105,0.13875,0.409524,0.2,0,0.2,0,0,0,0.018018,0,0,0,0
1,11,284,1,0.045,0.05625,0.388889,0.2,0,0,0,0,0,0.0444444,0,0,0,0.125
1,11,285,0,0.065,0.1,0.469231,0.4,0,0,0,0,0,0,0,0,0,0
0,11,285,1,0.15,0.22,0.48,0,0,0,0,0,0,0,0,0,0,0.125
1,11,285,2,0.12,0.15875,0.429167,0,0,0,0,0,0,0.00787402,0,0,0,0.25
1,11,286,0,0.09,0.1125,0.383333,0,0,0,0,0.1,0,0.0222222,0,0,0,0
1,11,286,1,0.08,0.10375,0.41875,0,0,0,0,0,0,0.0120482,0,0,0,0.125
1,11,286,2,0.13,0.18,0.442308,0,0,0.2,0,0.2,0,0.0208333,0,0,0,0.25
1,11,286,3,0.09,0.1375,0.505556,0,0,0,0,0,0,0.00909091,0,0,0,0.375
1,11,287,0,0.025,0.03375,0.44,0.2,0,0,0,0,0,0.037037,0,0,0,0
1,11,287,1,0.055,0.06,0.309091,0,0,0,0,0,0,0.0625,0,0,0,0.125
1,11,287,2,0.035,0.06,0.585714,0,0,0,0,0,0,0.0208333,0,0,0,0.25
1,11,287,3,0.105,0.115,0.319048,0,0,0,0,0,0,0.0434783,0,0,0,0.375
1,11,287,4,0.15,0.19625,0.41,0,0,0,0,0.1,0,0.0191083,0,0,0,0.5
1,11,287,5,0.105,0.11625,0.328571,0.4,0,0,0,0,0,0.0215054,0,0,0,0.625
1,11,287,6,0.03,0.04375,0.466667,0,0,0,0,0,0,0.0285714,0,0,0,0.75
1,11,288,0,0.07,0.085,0.378571,0,0,0.2,0,0,0,0.0294118,0,0,0,0
1,11,288,1,0.09,0.11375,0.394444,0,0,0,0,0,0,0.032967,0,0,0,0.125
0,11,288,2,0.06,0.07625,0.4,0.2,0,0,0,0,0,0.0491803,0,0,0,0.25
1,11,289,0,0.06,0.07875,0.408333,0,0,0,0,0,0,0.031746,0,0,0,0
1,11,289,1,0.045,0.05375,0.355556,0.2,0,0,0,0,0,0.0232558,0,0,0,0.125
0,11,289,2,0.23,0.28125,0.367391,0,0.2,0.2,0,0.2,0,0.0222222,0,0,0,0.25
0,11,289,3,0.07,0.08125,0.357143,0,0,0,0,0,0,0.0153846,0,0,0,0.375
1,11,289,4,0.095,0.1275,0.421053,0.2,0,0.2,0,0,0,0.0196078,0,0,0,0.5
1,11,289,5,0.06,0.05625,0.275,0,0,0,0,0,0,0.0222222,0,0,0,0.625
1,11,289,6,0.05,0.05375,0.31,0,0,0,0,0,0,0.0465116,0,0,0,0.75
0,11,290,0,0.125,0.16375,0.416,0,0,0,0,0,0,0.0152672,0,0,0,0
1,11,290,1,0.025,0.0325,0.38,0,0,0,0,0,0,0.0384615,0,0,0,0.125
0,11,290,2,0.555,0.7575,0.407207,0,0,0.2,0,0,0,0.00990099,0,0,0,0.25
0,11,291,0,0.31,0.40875,0.416129,0.2,0,0.2,0,0.2,0,0.0152905,0,0,0,0
0,11,291,1,0.355,0.49125,0.443662,0.2,0,0,0,0,0,0.0152672,0,0,0,0.125
1,11,291,2,0.135,0.145,0.325926,0,0,0,0,0.2,0,0.0344828,0,0,0,0.25
0,11,292,0,0.185,0.245,0.416216,0.2,0,0,0,0.1,0,0.0204082,0,0,0,0
1,11,292,1,0.105,0.13,0.385714,0.2,0,0,0,0,0,0.0192308,0,0,0,0.125
1,11,292,2,0.13,0.1725,0.419231,0.2,0,0,0,0,0,0.0144928,0,0,0,0.25
1,11,292,3,0.11,0.12125,0.331818,0.4,0,0,0,0,0,0.0206186,0,0,0,0.375
1,11,293,0,0.02,0.02375,0.375,0,0,0,0,0,0,0.0526316,0,0,0,0
1,11,293,1,0.06,0.09625,0.533333,0,0,0,0,0.1,0,0.025974,0,0,0,0.125
1,11,293,2,0.105,0.13625,0.414286,0,0,0.2,0,0.1,0,0.0275229,0,0,0,0.25
0,11,293,3,0.16,0.21625,0.43125,0,0,0.2,0,0.3,0,0.0346821,0,0,0,0.375
0,11,293,4,0.28,0.41625,0.478571,0,0,0.8,0,0.2,0,0.018018,0,0,0,0.5
0,11,294,0,0.15,0.20375,0.43,0,0,0.2,0,0,0,0.0122699,0,0,0,0
1,11,294,1,0.005,0.01375,1,0,0,0,0,0,0,0.0909091,0,0,0,0.125
0,11,294,2,1.1,1.49375,0.427727,0.2,0,0.4,0,0.7,0.6,0.0150628,0,0,0,0.25
1,11,294,3,0.04,0.04625,0.3375,0,0,0,0,0,0,0.0540541,0,0,0,0.375
1,11,294,4,0.01,0.0125,0.4,0,0,0,0,0,0,0.1,0,0.25,0,0.5
1,11,294,5,0.02,0.03375,0.575,0,0,0,0,0,0,0.037037,0,0,0,0.625
1,11,294,6,0.135,0.14875,0.318519,0,0,0,0,0.2,0,0.0504202,0,0,0,0.75
1,11,294,7,0.14,0.15,0.314286,0,0,0.2,0,0.2,0,0.025,0,0,0,0.875
0,11,294,8,0.235,0.28875,0.368085,0,0,0.4,0,0.2,0,0.030303,0,0,0,1
1,11,294,9,0.115,0.14,0.365217,0.2,0,0,0,0.1,0,0.0357143,0,0,0,1
1,11,294,10,0.095,0.09625,0.284211,0,0,0,0,0.1,0,0.0519481,0,0,0,1
1,11,294,11,0.025,0.025,0.28,0,0,0,0,0,0,0.1,0,0,0,1
0,11,295,0,0.275,0.35375,0.407273,0,0,0,0,0.2,0,0.0176678,0,0,0,0
0,11,295,1,0.245,0.305,0.391837,0.2,0,0,0,0.2,0,0.0122951,0,0,0,0.125
0,11,296,0,0.3,0.4575,0.496667,0,0,0,0,0,0,0.00546448,0,0,0,0
0,11,296,1,0.365,0.555,0.49589,0,0,0,0,0,0,0.00225225,0,0,0,0.125
1,11,297,0,0.1,0.12375,0.39,0.2,0,0,0,0.1,0,0.020202,0,0,0,0
0,11,297,1,0.13,0.16875,0.407692,0,0,0,0,0.1,0,0.0148148,0,0,0,0.125
1,11,297,2,0.105,0.12125,0.347619,0,0,0.2,0,0,0,0.0206186,0,0,0,0.25
1,11,297,3,0.205,0.22625,0.319512,0.2,0.4,0,0,0.1,0,0.0497238,0,0,0,0.375
0,11,297,4,0.465,0.52125,0.33871,0.4,0,0.2,0,0.3,0,0.0167866,0,0,0,0.5
0,11,297,5,0.17,0.19625,0.347059,0,0,0.2,0,0.1,0,0.0191083,0,0,0,0.625
1,11,298,0,0.02,0.01625,0.2,0.2,0,0,0,0,0,0.153846,0,0,0,0
1,11,298,1,0.01,0.01,0.25,0.2,0,0,0,0,0,0.25,0,0,0,0.125
0,11,298,2,0.035,0.035,0.314286,0,0,0,0,0,0,0.0357143,0,0,0,0.25
1,11,298,3,0.055,0.0625,0.336364,0.4,0,0,0,0,0,0.04,0,0,0,0.375
1,11,298,4,0.025,0.02625,0.32,0.2,0,0,0,0,0,0.047619,0,0,0,0.5
1,11,298,5,0.005,0.005,0.3,0,0,0,0,0,0,0.25,0,0,0,0.625
1,11,298,6,0.015,0.0175,0.3,0.4,0,0,0,0,0,0.142857,0,0,0,0.75
1,11,298,7,0.03,0.0325,0.3,0.2,0.2,0,0,0,0,0.0769231,0,0,0,0.875
1,11,299,0,0.07,0.0775,0.328571,0,0,0,0,0,0,0.0322581,0,0,0,0
1,11,299,1,0.065,0.07375,0.346154,0,0,0,0,0.1,0,0.0338983,0,0,0,0.125
1,11,299,2,0.06,0.0625,0.3,0,0,0,0,0,0,0.02,0,0.25,0,0.25
1,11,300,0,0.275,0.3525,0.401818,0.2,0,0.2,0,0.1,0,0.0177305,0,0,0,0
0,11,300,1,0.66,0.92,0.434848,0.2,0,0.4,0,0.4,0,0.0217391,0,0,0,0.125
0,11,301,0,0.245,0.31625,0.410204,0.2,0,0.2,0,0,0,0.0118577,0,0,0,0
0,12,301,1,0.355,0.43375,0.38169,0.2,0,0,0,0.1,0,0.0172911,0,0,0,0.125
0,12,301,2,0.25,0.2925,0.354,0,0,0.2,0,0.4,0,0.0299145,0,0,0,0.25
1,12,302,0,0.025,0.03125,0.38,0,0,0,0,0,0,0.04,0,0,0,0
1,12,302,1,0.03,0.0325,0.333333,0.2,0,0,0,0,0,0.0384615,0,0,0,0.125
1,12,302,2,0.355,0.465,0.415493,0,0,0,0,0.1,0,0.0107527,0,0,0,0.25
1,12,302,3,0.05,0.055,0.34,0,0,0.2,0,0.1,0,0.0454545,0,0,0,0.375
1,12,303,0,0.05,0.0575,0.36,0,0.2,0,0,0.1,0,0.0434783,0,0,0,0
1,12,303,1,0.135,0.17,0.388889,0.6,0,0.2,0,0,0,0.0220588,0,0,0,0.125
1,12,303,2,0.075,0.09,0.366667,0,0.2,0,0,0,0,0.0277778,0,0,0,0.25
1,12,304,0,0.04,0.03625,0.25,0.2,0,0,0,0,0,0.0689655,0,0,0,0
1,12,304,1,0.06,0.0725,0.375,0,0,0,0,0.1,0,0.0344828,0,0,0,0.125
1,12,304,2,0.085,0.10625,0.382353,0.2,0,0,0,0.1,0,0.0352941,0,0,0,0.25
0,12,304,3,0.23,0.285,0.391304,0,0,0.2,0,0.3,0,0.0219298,0,0,0,0.375
0,12,304,4,0.16,0.18875,0.36875,0,0,0,0,0.2,0,0.0198675,0,0,0,0.5
0,12,305,0,0.21,0.285,0.407143,0,0,0.2,0,0.1,0,0.0131579,0,0,0,0
0,12,305,1,0.36,0.5225,0.459722,0,0,0,0,0,0,0.00956938,0,0,0,0.125
0,12,305,2,0.13,0.1775,0.438462,0,0,0,0,0,0,0.00704225,0,0,0,0.25
1,12,305,3,0.11,0.16875,0.472727,0,0,0,0,0,0,0.00740741,0,0,0,0.375
1,12,306,0,0.055,0.07125,0.418182,0.2,0,0,0,0,0,0.0175439,0,0,0,0
1,12,306,1,0.005,0.00375,0.2,0,0,0,0,0,0,0.666667,0,0,0,0.125
1,12,306,2,0.01,0.01875,0.65,0,0.2,0,0,0,0,0.0666667,0,0,0,0.25
1,12,307,0,0.035,0.04625,0.385714,0,0,0,0,0,0,0.027027,0,0,0,0
1,12,307,1,0.055,0.09,0.463636,0.2,0.2,0,0,0,0,0.0277778,0,0,0,0.125
1,12,307,2,0.15,0.21,0.45,0,0.2,0,0,0,0,0.0178571,0,0,0.25,0.25
0,12,308,0,0.635,0.915,0.462992,0,0,0.2,0,0.3,0,0.0218579,0,0,0,0
0,12,308,1,0.265,0.37875,0.464151,0,0,0,0,0.1,0,0.0165017,0,0,0,0.125
1,12,308,2,0.15,0.1775,0.37,0,0,0,0,0.1,0,0.028169,0,0,0,0.25
1,12,309,0,0.225,0.30375,0.426667,0.2,0,0.6,0,0.2,0,0.0164609,0,0,0,0
0,12,309,1,0.055,0.04875,0.245455,0,0,0,0,0.1,0,0.0512821,0,0,0,0.125
1,12,310,0,0.12,0.135,0.329167,0.2,0,0,0,0,0,0.0555556,0,0,0,0
1,12,310,1,0.06,0.06125,0.3,0.2,0,0,0,0,0,0.0204082,0,0,0,0.125
0,12,310,2,0.05,0.055,0.32,0,0,0,0,0,0,0.0681818,0,0,0,0.25
1,12,311,0,0.06,0.085,0.466667,0.2,0,0,0,0,0,0.0147059,0,0,0,0
1,12,311,1,0.04,0.045,0.3375,0.2,0,0,0,0.1,0,0.111111,0,0,0,0.125
1,12,312,0,0.12,0.14875,0.391667,0.2,0,0,0,0.2,0,0.0420168,0,0,0,0
0,12,312,1,0.285,0.385,0.431579,0,0,0,0,0.4,0,0.025974,0,0,0,0.125
0,12,312,2,0.15,0.22875,0.5,0,0,0,0,0.2,0,0.0163934,0,0,0,0.25
0,12,312,3,0.22,0.325,0.477273,0,0,0.2,0,0.1,0,0.0153846,0,0,0,0.375
0,12,313,0,0.35,0.42875,0.377143,0.2,0,0,0,0,0,0.0116618,0,0,0,0
1,12,313,1,0.12,0.14875,0.3875,0.2,0,0.4,0,0.1,0,0.0168067,0,0,0,0.125
1,12,313,2,0.115,0.14125,0.382609,0,0,0,0,0.2,0,0.0265487,0,0,0,0.25
1,12,314,0,0.025,0.02625,0.34,0,0,0,0,0,0,0.047619,0,0,0,0
1,12,314,1,0.01,0.015,0.55,0,0,0,0,0,0,0.0833333,0,0,0,0.125
0,12,315,0,0.43,0.5725,0.417442,0,0,0.4,0,0.5,0,0.0218341,0,0,0,0
0,12,315,1,0.27,0.34625,0.394444,0,0,0,0,0.6,0,0.0288809,0,0,0,0.125
1,12,315,2,0.125,0.13125,0.304,0,0,0,0,0.2,0,0.047619,0,0,0,0.25
0,12,316,0,0.09,0.12625,0.45,0,0,0.2,0,0,0,0.00990099,0,0,0,0
0,12,316,1,0.265,0.38,0.458491,0,0,0.2,0,0,0,0.00986842,0,0,0,0.125
1,12,316,2,0.02,0.0225,0.35,0.2,0,0,0,0,0,0.0555556,0,0,0,0.25
1,12,317,0,0.1,0.145,0.45,0.2,0,0,0,0,0,0.0172414,0,0,0,0
0,12,317,1,0.14,0.19,0.428571,0.2,0,0,0,0,0,0.0131579,0,0.25,0,0.125
1,12,317,2,0.11,0.1475,0.409091,0.2,0,0,0,0.1,0,0.0338983,0,0,0,0.25
0,12,317,3,0.17,0.23125,0.441176,0.4,0,0,0,0,0,0.0108108,0,0,0,0.375
1,12,317,4,0.025,0.02375,0.28,0.2,0,0,0,0.1,0,0.105263,0,0,0,0.5
1,12,317,5,0.02,0.01875,0.275,0.2,0,0,0,0.1,0,0.133333,0,0,0,0.625
1,12,317,6,0.04,0.04375,0.3125,0.2,0,0,0,0,0,0.0285714,0,0,0,0.75
1,12,318,0,0.14,0.17875,0.403571,0,0,0,0,0,0,0.020979,0,0,0,0
0,12,318,1,0.25,0.3775,0.496,0,0,0.6,0,0.1,0,0.00993377,0,0,0,0.125
1,12,319,0,0.04,0.0575,0.475,0.2,0,0,0,0,0,0.0652174,0,0,0,0
1,12,319,1,0.4,0.495,0.38,0.4,0,0,0,0.3,0,0.0353535,0,0,0,0.125
0,12,319,2,0.305,0.41125,0.421311,0.2,0,0,0,0.2,0,0.0364742,0,0,0,0.25
0,12,319,3,0.305,0.45875,0.460656,0,0,0,0,0,0,0.0435967,0,0,0,0.375
1,12,320,0,0.045,0.04,0.255556,0,0,0.2,0,0,0,0.03125,0,0,0,0
0,12,320,1,0.135,0.195,0.462963,0,0,0,0,0,0,0.00641026,0,0,0,0.125
1,12,321,0,0.075,0.11375,0.4,0,0,0,0,0.1,0.2,0.10989,0,0,0,0
1,12,321,1,0.075,0.105,0.44,0,0,0,0,0,0,0.0238095,0,0.25,0,0.125
0,12,322,0,0.19,0.275,0.471053,0,0,0.4,0,0,0,0.0227273,0,0,0,0
1,12,322,1,0.1,0.17125,0.565,0,0,0,0,0,0,0.0218978,0,0.25,0,0.125
0,12,323,0,0.055,0.0775,0.454545,0,0,0,0,0.1,0,0.0322581,0,0,0,0
1,12,323,1,0.04,0.0475,0.3625,0,0,0,0,0,0,0.105263,0,0,0,0.125
1,12,324,0,0.075,0.09875,0.413333,0.2,0,0.2,0,0.1,0,0.0379747,0,0,0,0
1,12,324,1,0.015,0.02,0.433333,0.2,0,0,0,0,0,0.0625,0,0,0,0.125
0,12,325,0,0.23,0.2925,0.38913,0,0,0.2,0,0,0,0.0213675,0,0,0,0
1,12,325,1,0.045,0.0625,0.455556,0.2,0,0,0,0,0,0.02,0,0,0,0.125
1,12,325,2,0.055,0.0625,0.345455,0,0,0,0,0,0,0.02,0,0,0,0.25
1,12,325,3,0.04,0.04875,0.3875,0,0,0,0,0,0,0.025641,0,0,0,0.375
0,12,326,0,0.415,0.58125,0.436145,0,0,0,0,0.1,0,0.0236559,0,0,0,0
0,12,326,1,0.64,0.96875,0.482812,0,0,0.2,0,0.1,1,0.0103226,0,0,0,0.125
1,12,327,0,0.135,0.1775,0.414815,0,0,0,0,0.1,0,0.0211268,0,0,0,0
0,12,327,1,0.345,0.49375,0.45942,0,0,0,0,0,0,0.0101266,0,0,0,0.125
0,13,328,0,0.03,0.0475,0.483333,0,0,0,0,0,0,0.0263158,0,0,0,0
0,13,328,1,0.31,0.505,0.533871,0,0,0,0,0,0,0.0321782,0,0,0,0.125
1,13,328,2,0.12,0.1175,0.2875,0,0,0,0,0,0,0.0212766,0,0,0,0.25
1,13,328,3,0.085,0.08375,0.270588,0.2,0,0,0,0,0,0.0298507,0,0,0,0.375
1,13,329,0,0.115,0.15375,0.421739,0,0,0,0,0,0,0.0243902,0,0,0,0
1,13,329,1,0.13,0.17,0.411538,0,0,0,0,0.2,0,0.0294118,0,0,0,0.125
0,13,329,2,0.265,0.33,0.373585,0.8,0,0.2,0,0.2,0,0.030303,0,0,0,0.25
0,13,330,0,0.19,0.245,0.402632,0,0,0.2,0,0,0,0.0204082,0,0,0,0
0,13,330,1,0.05,0.065,0.42,0.2,0,0,0,0,0,0.0192308,0,0,0,0.125
1,13,331,0,0.025,0.03,0.3,0,0.8,0,0,0,0,0.0416667,0,0.25,0,0
1,13,331,1,0.055,0.065,0.372727,0.2,0,0,0,0,0,0,0,0,0,0.125
1,13,331,2,0.025,0.02625,0.28,0,0.4,0,0,0,0,0,0,0,0,0.25
1,13,331,3,0.08,0.09375,0.35625,0,0,0,0,0.1,0,0,0,0.25,0,0.375
1,13,332,0,0.07,0.0875,0.392857,0.2,0,0,0,0,0,0.0285714,0,0,0,0
0,13,332,1,0.155,0.19125,0.383871,0.2,0,0.2,0,0,0,0.0130719,0,0,0,0.125
1,13,333,0,0.07,0.11375,0.471429,0,0,0,0,0,0,0.021978,0,0,0,0
1,13,333,1,0.075,0.1075,0.466667,0,0,0,0,0,0,0.0232558,0,0,0,0.125
0,13,333,2,0.24,0.35,0.464583,0,0,0,0,0,0,0.00714286,0,0,0,0.25
1,13,333,3,0.06,0.085,0.366667,0,0,0,0,0,0,0.0147059,0,0,0,0.375
1,13,334,0,0.145,0.17625,0.368966,0.2,0,0,0,0.3,0,0.0283688,0.333333,0,0,0
1,13,334,1,0.065,0.06625,0.292308,0,0.2,0,0,0.1,0,0.0377358,0,0,0,0.125
1,13,334,2,0.02,0.02125,0.325,0,0,0,0,0,0,0.0588235,0,0,0,0.25
1,13,334,3,0.085,0.0975,0.341176,0.4,0,0,0,0,0,0.025641,0,0,0,0.375
1,13,335,0,0.06,0.065,0.316667,0.2,0.2,0,0,0,0,0.0384615,0,0,0,0
0,13,335,1,0.56,0.72125,0.402679,0,0.2,0.2,0,0.5,0,0.0277296,0,0,0,0.125
0,13,335,2,0.175,0.22625,0.405714,0.2,0,0,0,0.1,0,0.0165746,0,0,0,0.25
1,13,336,0,0.1,0.11375,0.34,0,0,0.2,0,0.1,0,0.032967,0,0,0,0
1,13,336,1,0.095,0.11,0.352632,0,0,0,0,0,0,0.0227273,0,0,0,0.125
0,13,337,0,0.175,0.24,0.437143,0.2,0,0,0,0.1,0,0.015625,0,0,0,0
1,13,337,1,0.07,0.0925,0.421429,0,0,0.2,0,0.1,0,0.027027,0,0,0,0.125
1,13,338,0,0.125,0.15125,0.368,0,0,0,0.2,0.1,0,0.0330579,0,0,0,0
1,13,338,1,0.12,0.17,0.445833,0,0,0.6,0,0.1,0,0.0294118,0,0,0,0.125
1,13,339,0,0.07,0.0925,0.407143,0.2,0,0.2,0,0,0,0.027027,0,0,0,0
1,13,339,1,0.08,0.0975,0.36875,0,0,0.2,0,0,0,0.025641,0,0,0,0.125
1,13,339,2,0.02,0.01875,0.225,0,0,0,0,0,0,0.0666667,0,0,0,0.25
0,13,340,0,0.165,0.21375,0.409091,0,0,0.2,0,0,0,0.0116959,0,0,0,0
1,13,340,1,0.15,0.1625,0.323333,0,0,0,0,0.1,0,0.0230769,0,0,0,0.125
1,13,340,2,0.065,0.07875,0.384615,0,0,0.2,0,0,0,0.015873,0,0,0,0.25
0,13,341,0,0.675,0.9225,0.419259,0,0,0.8,0,0.2,0,0.0298103,0,0,0,0
1,13,341,1,0.03,0.03125,0.283333,0.2,0,0,0,0,0,0.04,0,0,0,0.125
0,13,342,0,0.06,0.065,0.325,0.2,0,0,0,0,0,0.0192308,0,0,0,0
1,13,342,1,0.02,0.02375,0.325,0,0,0,0,0,0,0,0,0,0,0.125
1,13,342,2,0.09,0.1,0.333333,0,0,0,0,0.1,0,0.0375,0,0,0,0.25
0,13,343,0,0.255,0.32875,0.403922,0,0,0.2,0,0.1,0,0.0152091,0,0,0,0
0,13,343,1,0.44,0.575,0.4125,0,0,0,0,0,0,0.00652174,0,0,0,0.125
1,13,344,0,0.11,0.1425,0.413636,0.2,0,0,0,0,0,0.0263158,0,0,0,0
1,13,344,1,0.11,0.11,0.295455,0,0,0,0,0.2,0,0.0454545,0,0,0,0.125
0,13,344,2,0.605,0.8025,0.419835,0,0,0.2,0,0,0,0.00778816,0,0,0,0.25
1,13,344,3,0.045,0.05125,0.344444,0,0,0,0,0,0,0.0487805,0,0,0,0.375
1,13,345,0,0.12,0.11375,0.270833,0,0,0,0,0,0,0.010989,0,0,0,0
1,13,345,1,0.33,0.44,0.421212,0,0,0.2,0.2,0,0,0.00568182,0,0,0,0.125
1,13,346,0,0.045,0.06875,0.488889,0.2,0.2,0,0,0,0,0.0727273,0,0,0,0
0,13,346,1,0.285,0.3925,0.44386,0.2,0,0,0,0.2,0,0.0127389,0,0,0,0.125
0,13,346,2,0.215,0.3025,0.451163,0.2,0,0.2,0,0.3,0,0.0206612,0,0,0,0.25
0,13,346,3,0.515,0.6075,0.359223,0,0,1.4,0,0.7,0,0.0246914,0,0,0,0.375
1,13,346,4,0.16,0.185,0.34375,0.2,0,0,0,0.1,0,0.0337838,0,0,0,0.5
0,13,347,0,0.365,0.56,0.49726,0,0,0,0.2,0,0,0.00892857,0,0,0,0
0,13,347,1,0.27,0.38625,0.461111,0,0,0,0,0,0,0.00970874,0,0,0,0.125
1,13,347,2,0.115,0.16,0.434783,0,0,0.2,0,0,0,0.015625,0,0,0,0.25
0,13,347,3,0.475,0.665,0.445263,0,0,0.6,0,0,0,0.0093985,0,0,0,0.375
0,13,348,0,0.18,0.2375,0.416667,0,0,0,0,0,0,0.0105263,0,0,0,0
0,13,348,1,0.25,0.31625,0.394,0,0,0,0,0,0,0.00790514,0,0,0,0.125
0,13,349,0,0.155,0.185,0.364516,0.2,0,0,0,0,0,0.00675676,0,0,0,0
0,13,349,1,0.145,0.175,0.37931,0.2,0,0,0,0,0,0.00714286,0,0,0,0.125
1,13,349,2,0.095,0.1275,0.410526,0.2,0,0,0,0,0,0.0196078,0,0,0,0.25
1,13,349,3,0.02,0.03125,0.525,0.2,0,0,0,0,0,0.04,0,0,0,0.375
0,13,350,0,0.315,0.4375,0.44127,0,0,0,0.2,0.2,0,0.0228571,0,0,0,0
0,13,350,1,0.22,0.31125,0.459091,0,0,0,0,0.1,0,0.00803213,0,0,0,0.125
1,13,351,0,0.085,0.1075,0.394118,0.2,0,0,0,0,0,0.0232558,0,0.25,0,0
1,13,351,1,0.1,0.13125,0.41,0.2,0,0,0,0,0,0.0190476,0,0,0,0.125
1,13,351,2,0.065,0.07375,0.338462,0,0,0,0,0,0,0.0338983,0,0.25,0,0.25
0,13,352,0,0.555,0.83625,0.473874,0,0,0.6,0,0.3,0.3,0.0134529,0,0,0,0
1,13,352,1,0.11,0.1375,0.390909,0,0,0,0,0.1,0,0.0181818,0,0,0,0.125
1,13,353,0,0.15,0.185,0.376667,0,0,0,0,0,0,0.027027,0,0,0,0
1,13,353,1,0.1,0.135,0.42,0,0,0,0,0,0,0.0185185,0,0,0,0.125
0,13,354,0,0.28,0.34375,0.378571,0.2,0,0.4,0,0,0,0.0218182,0,0,0,0
0,13,354,1,0.185,0.22625,0.37027,0,0,0.4,0,0.1,0,0.0276243,0,0,0,0.125
0,13,355,0,0.72,1.0225,0.454167,0,0,0,0.2,0,0,0.00611247,0,0,0,0
1,13,355,1,0.065,0.10125,0.438462,0,0,0.2,0,0,0,0.037037,0,0,0,0.125
0,13,355,2,0.265,0.375,0.458491,0,0,0.2,0,0.1,0,0.0166667,0,0,0,0.25
0,14,355,3,0.325,0.445,0.436923,0,0,0.2,0,0,0,0.011236,0,0,0,0.375
0,14,356,0,0.16,0.2,0.371875,0.4,0,0,0,0,0,0.03125,0,0,0,0
1,14,356,1,0.235,0.2925,0.385106,0,0,0,0,0,0,0.0128205,0,0,0,0.125
1,14,357,0,0.07,0.07875,0.335714,0,0,0,0,0.2,0,0.047619,0,0,0,0
1,14,357,1,0.135,0.1825,0.414815,0,0,0,0,0.1,0,0.0547945,0,0,0,0.125
1,14,357,2,0.135,0.16625,0.366667,0,0,0.2,0,0.3,0,0.0300752,0,0,0,0.25
0,14,357,3,0.21,0.26375,0.392857,0,0,0.2,0,0.4,0,0.0236967,0,0,0,0.375
0,14,357,4,0.125,0.1425,0.352,0,0,0.4,0,0.1,0,0.0263158,0,0,0,0.5
1,14,358,0,0.08,0.1225,0.5125,0,0,0,0,0,0,0.0102041,0,0,0,0
0,14,358,1,0.2,0.24625,0.385,0,0,0,0,0.2,0,0.0203046,0,0,0,0.125
1,14,359,0,0.03,0.0425,0.466667,0.2,0,0,0,0,0,0.0294118,0,0,0,0
0,14,359,1,0.055,0.05375,0.281818,0,0,0,0,0,0,0.0232558,0,0.25,0,0.125
1,14,360,0,0.145,0.1725,0.365517,0.4,0,0,0,0,0,0.0144928,0,0,0,0
1,14,360,1,0.07,0.09625,0.45,0.2,0,0,0,0,0,0.012987,0,0,0,0.125
0,14,360,2,0.1,0.12125,0.375,0.2,0,0.2,0,0.1,0,0.0309278,0,0,0,0.25
1,14,361,0,0.035,0.035,0.285714,0.2,0,0,0,0,0,0.0357143,0,0,0,0
1,14,361,1,0.045,0.0725,0.544444,0,0,0,0,0,0,0.0172414,0,0,0,0.125
1,14,361,2,0.06,0.07375,0.375,0,0,0,0,0,0,0.0338983,0,0.25,0,0.25
0,14,362,0,0.16,0.18625,0.35625,0.2,0,0.2,0,0,0,0.0268456,0,0,0,0
1,14,362,1,0.11,0.14,0.404545,0,0,0,0,0,0,0.0178571,0,0,0,0.125
0,14,362,2,0.2,0.23875,0.3675,0.2,0,0,0,0.1,0,0.0314136,0,0,0,0.25
1,14,362,3,0.055,0.0775,0.463636,0.2,0,0,0,0,0,0.016129,0,0,0,0.375
0,14,362,4,0.375,0.43875,0.344,0.4,0,0,0,0.2,0,0.02849,0,0,0,0.5
1,14,362,5,0.135,0.15625,0.344444,0.4,0,0,0,0,0,0.032,0,0,0,0.625
0,14,363,0,0.31,0.4275,0.43871,0,0,0.4,0,0.1,0,0.0175439,0,0,0,0
0,14,363,1,0.605,0.755,0.383471,0,0,0.2,0,0,0,0.0281457,0,0,0,0.125
0,14,363,2,0.61,0.73875,0.372951,0,0,0.4,0,0,0,0.0118443,0,0,0,0.25
1,14,364,0,0.045,0.06875,0.477778,0,0.2,0.2,0,0,0,0.0363636,0,0.25,0,0
1,14,364,1,0.06,0.06625,0.341667,0.2,0,0,0,0.1,0,0.0377358,0,0,0,0.125
0,14,364,2,0.265,0.36,0.420755,0,0,0,0,0.3,0,0.0520833,0.333333,0,0,0.25
1,14,365,0,0.11,0.15,0.436364,0.6,0,0,0,0,0,0.025,0,0,0,0
0,14,365,1,0.21,0.3175,0.492857,0.2,0.2,0.2,0,0,0,0.015748,0,0,0,0.125
1,14,365,2,0.065,0.0825,0.407692,0.2,0,0,0,0,0,0.0151515,0,0,0,0.25
0,14,365,3,0.045,0.05625,0.388889,0.2,0,0,0,0,0,0.0222222,0,0,0,0.375
0,14,366,0,0.205,0.245,0.368293,0.2,0,0,0,0.2,0,0.0255102,0,0,0,0
0,14,366,1,0.17,0.21625,0.394118,0,0,0,0.2,0,0,0.0115607,0,0,0,0.125
0,14,366,2,0.385,0.4825,0.383117,0,0,0,0,0.1,0,0.015544,0,0,0,0.25
0,14,366,3,0.43,0.5575,0.393023,0,0,0.2,0,0,0,0.0201794,0,0,0,0.375
0,14,367,0,0.22,0.2675,0.379545,0,0,0.2,0,0,0,0.0140187,0,0,0,0
0,14,367,1,0.25,0.34375,0.44,0,0,0.2,0,0,0,0.0109091,0,0,0,0.125
1,14,368,0,0.1,0.16125,0.52,0,0,0,0,0,0,0.0155039,0,0,0,0
0,14,368,1,0.36,0.575,0.511111,0,0,0.2,0,0,0,0.0152174,0,0,0,0.125
1,14,368,2,0.125,0.16875,0.432,0.2,0,0.4,0,0,0,0.0148148,0,0,0,0.25
0,14,369,0,0.165,0.2175,0.412121,0,0,0,0,0.1,0,0.0172414,0,0,0,0
1,14,369,1,0.07,0.08625,0.378571,0.2,0,0,0,0,0,0.0289855,0,0,0,0.125
0,14,370,0,0.075,0.09125,0.386667,0,0,0.2,0,0,0,0.0136986,0,0,0,0
1,14,370,1,0.025,0.03625,0.46,0,0,0,0,0,0,0.0689655,0,0,0,0.125
0,14,371,0,0.07,0.08,0.342857,0,0,0,0,0,0,0.078125,0,0,0,0
0,14,371,1,0.175,0.2475,0.454286,0,0,0,0,0,0,0.0252525,0,0,0,0.125
1,14,371,2,0.125,0.1625,0.408,0,0,0.2,0,0.1,0,0.0230769,0.333333,0,0,0.25
0,14,371,3,0.15,0.21375,0.46,0,0,0,0,0,0,0.0116959,0,0,0,0.375
0,14,372,0,0.335,0.4825,0.459701,0,0,0.2,0,0.1,0,0.0103627,0,0,0,0
1,14,372,1,0.115,0.15,0.404348,0,0,0,0,0,0,0.00833333,0,0,0,0.125
0,14,372,2,0.17,0.2325,0.438235,0,0,0,0,0,0,0.0107527,0,0,0,0.25
1,14,372,3,0.1,0.16125,0.52,0,0,0,0,0,0,0.00775194,0,0,0,0.375
0,14,372,4,0.195,0.28875,0.466667,0,0,0,0,0.1,0.2,0.04329,0,0,0,0.5
0,14,372,5,0.195,0.265,0.415385,0,0,0,0,0,0,0.0188679,0,0,0,0.625
0,14,372,6,0.27,0.445,0.542593,0,0,0,0,0,0.3,0.0393258,0,0,0,0.75
1,14,373,0,0.12,0.165,0.441667,0,0,0,0,0.1,0,0.0227273,0,0,0,0
0,14,373,1,0.32,0.4125,0.401562,0,0,0.2,0,0,0,0.00909091,0,0,0,0.125
0,14,373,2,0.175,0.20625,0.365714,0,0,0.2,0,0.1,0,0.0121212,0,0,0,0.25
0,14,373,3,0.335,0.475,0.450746,0,0,0.6,0,0,0,0.00789474,0,0,0,0.375
0,14,373,4,0.29,0.3625,0.387931,0,0,0,0,0,0,0.0103448,0,0,0,0.5
1,14,374,0,0.03,0.03375,0.35,0,0,0,0,0,0,0.0740741,0,0,0,0
0,14,374,1,0.195,0.2775,0.458974,0,0,0,0,0,0,0.00900901,0,0,0,0.125
1,14,375,0,0.115,0.14125,0.382609,0,0,0.2,0,0.1,0,0.0176991,0,0,0,0
0,14,375,1,0.105,0.10875,0.309524,0,0,0,0,0,0,0.0114943,0,0,0,0.125
1,14,376,0,0.04,0.0525,0.4,0,0,0.2,0,0,0,0.0238095,0,0,0,0
1,14,376,1,0.085,0.11625,0.417647,0,0,0,0,0.1,0,0.0322581,0,0,0,0.125
1,14,376,2,0.075,0.09625,0.4,0,0,0,0,0,0,0.025974,0,0,0,0.25
1,14,376,3,0.05,0.05375,0.31,0,0,0,0,0.1,0,0.0697674,0.333333,0,0,0.375
1,14,376,4,0.1,0.12625,0.385,0.2,0,0,0,0,0,0.029703,0,0,0,0.5
1,14,376,5,0.03,0.03625,0.383333,0,0,0,0,0,0,0.0344828,0,0,0,0.625
1,14,376,6,0.02,0.02625,0.425,0,0,0,0,0,0,0.047619,0,0,0,0.75
1,14,376,7,0.035,0.04625,0.414286,0,0,0,0,0.1,0,0.0540541,0,0.25,0,0.875
0,14,377,0,0.15,0.23,0.496667,0.2,0,0,0,0,0,0.0108696,0,0,0,0
1,14,377,1,0.06,0.075,0.383333,0.2,0,0.2,0,0,0,0.0333333,0,0,0,0.125
0,14,378,0,0.135,0.215,0.518519,0,0,0,0,0,0,0.0232558,0,0,0,0
1,14,378,1,0.14,0.1675,0.375,0,0,0,0,0,0,0.00746269,0,0,0,0.125
0,14,379,0,0.2,0.26,0.4075,0,0,0,0,0.1,0,0.0192308,0,0,0,0
