feature,vimp_cov,rank
8k,0.13144995050713604,1
4k,0.10305720140899968,2
3d,0.041945048804003265,3
mm,0.01903566305906213,4
greg rutkowski,0.01870612192142291,5
greg,0.01593648935699464,6
by,0.01505200036067952,7
intricate,0.014395179566457894,8
light,0.013681021764093493,9
lighting,0.013096977788171477,10
studio,0.013084874362964117,11
rutkowski,0.012602580772482275,12
detailed,0.012425420247969114,13
focus,0.011741820739489213,14
the,0.010485892389585114,15
by greg,0.009650290093283925,16
sharp,0.008979269711797872,17
van,0.008152860706165974,18
close,0.00812375662981196,19
of,0.007800778722385113,20
sharp focus,0.0074418703914660485,21
and,0.007430892173662822,22
studio ghibli,0.007156753464955352,23
in,0.007134906932881234,24
art,0.006604825971576088,25
render,0.006072419502541924,26
close up,0.0060416823554829075,27
octane,0.006016141667477442,28
highly,0.005945051941873182,29
fi,0.005543311056996286,30
in the,0.005474076956146554,31
colors,0.005430627592156316,32
on,0.005392923275498676,33
beeple,0.005372803873245376,34
octane render,0.005000208918026914,35
portrait,0.004983287030396892,36
is,0.004945823788841189,37
style,0.004812860070806836,38
cinematic,0.004758531157455237,39
fantasy,0.004660015562903963,40
up,0.00462107052102707,41
sci fi,0.004550819720462119,42
jeremy,0.004407240959658517,43
art smooth,0.004391465456287557,44
art by,0.004264443629934627,45
van baarle,0.004261825516272093,46
artstation,0.0042245330337059486,47
illustration,0.004171992318707652,48
ghibli,0.004168270623039899,49
trending,0.004105407722178866,50
with,0.004084824931782851,51
painting,0.004071003259342133,52
highly detailed,0.003941756401772174,53
volumetric,0.003693117201069452,54
bright,0.0036418428179188856,55
composition,0.003617581895535896,56
and intricate,0.0034509100685469153,57
ejsing,0.003407774451505604,58
sci,0.003398596956570168,59
trending on,0.0033797200619787525,60
portrait of,0.003352575367453844,61
elegant highly,0.003342579854570429,62
global illumination,0.003333878559608229,63
white,0.003323202626485449,64
evil,0.0031674852155751296,65
very,0.0031495020451254886,66
beautiful,0.003106338333429469,67
black,0.00310105118908141,68
on artstation,0.003040431988183352,69
an,0.0030355247677166775,70
villeneuve,0.0030191324021092885,71
dragon,0.0029839115857287243,72
symmetrical,0.002978535869959226,73
smooth,0.002956705026302695,74
golden,0.002915337315798905,75
realistic,0.002856014910994535,76
hyper,0.0028501402630222027,77
by wlop,0.002786704388517655,78
ornate,0.0027833294754732248,79
digital painting,0.0027785380515872133,80
mark,0.0027626200105919764,81
digital,0.002656463703460511,82
cinematic lighting,0.002628269231708406,83
concept,0.002563739642324102,84
masterpiece,0.002521171057729776,85
giger,0.002441467423400414,86
at,0.0024271172254033673,87
body,0.0024167754674374467,88
global,0.0024090031477750525,89
rendered,0.002394653221265288,90
ultra,0.002352248560298943,91
peter mohrbacher,0.0023356974910859604,92
scifi,0.0023278174656035954,93
from,0.002324387117056221,94
krenz cushart,0.0023139893855290616,95
artstation concept,0.002303980461580576,96
baarle,0.0022949420915420755,97
ultra realistic,0.002292957288242967,98
fantasy intricate,0.0022880504786750105,99
mohrbacher,0.0022413174412947885,100
painting artstation,0.0022256100462805083,101
frank,0.002217962027462711,102
magali,0.0022174712422029295,103
focus illustration,0.0022082118308420127,104
illumination,0.002202347079451112,105
and greg,0.0021960139714688087,106
ruan,0.002179272243484912,107
jesper,0.00213085558291313,108
intricate elegant,0.002109608280735811,109
artgerm,0.0020779302295916274,110
elegant,0.002023316533755601,111
dramatic,0.0019840081919336163,112
perfect,0.0019809906957872743,113
face,0.001961697741325032,114
city,0.0019600012882143346,115
design,0.001941211196431263,116
background,0.0019252137248272772,117
details,0.0019172614532863945,118
character,0.00190585441512908,119
disney,0.001890226508830819,120
style of,0.0018898355179605153,121
the style,0.0018658170932486329,122
as,0.001865175108555162,123
alphonse,0.00180799663650844,124
fantasy art,0.0017973370459573896,125
ruan jia,0.0017664208159651705,126
unreal engine,0.0017592191825713248,127
concept art,0.0017552368894947462,128
contrast,0.0016945949611314036,129
angle,0.0016944834890104507,130
soft,0.0016773791742721394,131
view,0.0016501694858078615,132
shot,0.001647689218566551,133
mucha,0.001638802510453877,134
hyperrealistic,0.0015851493471709312,135
woman,0.0015602150687096979,136
engine,0.0015348268433976,137
anime,0.001511309162688977,138
centered,0.0014916953487725004,139
painting of,0.0014594008528773733,140
image,0.0014493653209403266,141
wlop,0.0014403368504219975,142
oil,0.001434925394593329,143
photo,0.0014246373331790517,144
illustration by,0.001394620353162462,145
glowing,0.0013818490723109,146
at the,0.0013787160760432864,147
michael,0.0013762854107363402,148
alphonse mucha,0.0013319113992746232,149
krenz,0.0013311184530206215,150
smooth sharp,0.001307821282775503,151
rossdraws,0.001299092986091111,152
detailed digital,0.001290785586762161,153
jesper ejsing,0.001268891056945978,154
cyberpunk,0.0012551543845267204,155
unreal,0.0012544429847271483,156
lois van,0.0012395479105482736,157
tracing,0.0012333423830084614,158
hyperdetailed,0.0012147929007635823,159
and white,0.001178467467797689,160
color,0.0011743032901147998,161
quality,0.0011701929790820897,162
hyper realistic,0.001161609713731687,163
and alphonse,0.0011602697151093702,164
shadows,0.0011495146778911533,165
high,0.0011248205834677426,166
of the,0.0011247013749119577,167
girl,0.0010971970564929386,168
ilya kuvshinov,0.0010882031674202544,169
peter,0.001077651154858051,170
his,0.001075605022469961,171
digital art,0.0010678752854895905,172
hair,0.0010622746695606931,173
by artgerm,0.0010547634875636477,174
stanley,0.001049483985876485,175
painting trending,0.0010388393880540127,176
makoto shinkai,0.001035882442860017,177
space,0.0009882574732778117,178
wearing,0.0009589275611950547,179
dark,0.0009547046473189094,180
hdr,0.0009488940606680412,181
resolution,0.0009435280325217416,182
full body,0.0009367613744029476,183
shinkai,0.0009320495016289142,184
street,0.0009315838509348553,185
red,0.0009219928721516501,186
hyperrealism,0.0009108003309387183,187
colorful,0.0009060626552996661,188
dramatic lighting,0.0009003345787625787,189
realism,0.0008972246820016046,190
extremely detailed,0.0008956340343348725,191
female,0.0008736667844545394,192
it,0.0008470109926906406,193
detailed intricate,0.000828232086554052,194
shaded,0.000816902533763849,195
extremely,0.0008122390116171333,196
man,0.0008072370553711524,197
painted by,0.0008035810392499407,198
very detailed,0.0007984112393550869,199
rutkowski and,0.0007928764049533379,200
movie,0.0007819974574510622,201
armor,0.0007522192320829306,202
studio lighting,0.0007518091132050057,203
still,0.0007471372855255391,204
big,0.0007387135186566728,205
on the,0.0007369059644788377,206
photorealistic,0.0007338728020153252,207
amano,0.0007268587423441084,208
makoto,0.0007198303630027888,209
surrounded,0.0007172703515784516,210
gothic,0.0007165292784437311,211
paint,0.0006966255774875894,212
of an,0.0006957068343997403,213
magic,0.0006949461243331478,214
mask,0.0006935051653895774,215
clear,0.0006928932512215563,216
painted,0.0006888084374668717,217
golden ratio,0.0006835483497892099,218
vivid,0.0006728450034853809,219
pixiv,0.0006664270392613578,220
kuvshinov,0.0006532237583167148,221
surrounded by,0.0006459026121435343,222
psychedelic,0.00063538390744169,223
wayne,0.0006343884249837166,224
futuristic,0.0006294228718335962,225
vibrant,0.000614804119102509,226
photography,0.0006140831468533931,227
james,0.0006054021149822948,228
sky,0.0006020135665768142,229
her,0.0006014741938484603,230
depth of,0.0005973610995453817,231
vibrant colors,0.000591439651557945,232
intricate details,0.0005853689664818482,233
full,0.0005817690617398625,234
painting by,0.0005739028053460794,235
poster,0.0005713230538807398,236
hyper detailed,0.0005582420428425888,237
hildebrandt,0.0005547836193072031,238
detailed and,0.0005544030932388116,239
suit,0.0005362906057841655,240
oil painting,0.0005359699862798777,241
artwork,0.0005301289640276445,242
canvas,0.0005296709637146983,243
eyes,0.0005264673659773546,244
green,0.0005137820042199913,245
water,0.0005101220881674727,246
looking,0.000502995543326203,247
insanely,0.0004979379188366196,248
atmosphere,0.0004978403425648334,249
photo of,0.0004890053878625672,250
behance,0.0004797320017239246,251
illustration art,0.0004792317571840563,252
beksinski,0.00047880841967376216,253
side,0.000469462870496161,254
james jean,0.000464682883949738,255
still of,0.00046197371314490334,256
scene,0.0004592561196626573,257
wide angle,0.00044976667112838685,258
by james,0.000447255103701705,259
of beautiful,0.0004458476072567882,260
film,0.00043469906867941565,261
like,0.0004333615659399345,262
john,0.00043120419593417587,263
baarle ilya,0.0004273839050054422,264
lens,0.0004225503399224957,265
blue,0.00042096426502279214,266
art nouveau,0.0004168930167101939,267
portrait painting,0.0004124908331124432,268
shinkai and,0.0004040137080773205,269
ray tracing,0.0003916977782975759,270
the background,0.0003909103177271114,271
environment,0.0003902487859246546,272
vector,0.00038889459411917544,273
oil on,0.0003796734734153802,274
matte,0.00037615486567454525,275
artstation by,0.0003724767558781055,276
detail,0.0003723982479585543,277
extreme,0.0003716185312848579,278
cushart,0.0003658461672056235,279
station,0.0003530952856814985,280
long,0.0003478962592098488,281
head,0.0003387814438331731,282
standing,0.0003367018361439215,283
stunning,0.00033615429563537953,284
hd,0.0003271656771485975,285
high quality,0.00032700462135032784,286
art sharp,0.00032563758296268923,287
depth,0.0003254365207104761,288
leyendecker,0.00032534727819054626,289
retro,0.0003218758965169692,290
ancient,0.00031983099575563805,291
award,0.00031513350504199184,292
loish,0.0003144204980567749,293
boris,0.0003122471094644357,294
tom bagshaw,0.0003103911010593576,295
coherent,0.00030837858150210964,296
drawing,0.0002995375243287033,297
young,0.00029055952225131497,298
artgerm and,0.00028940428785096463,299
art of,0.000288740358911232,300
cover,0.0002859149720236591,301
volumetric lighting,0.0002854810678035912,302
edward,0.0002839295209584285,303
clouds,0.0002837927366310344,304
front,0.00027363763483973354,305
features,0.0002714539043226459,306
film still,0.00027053143344358524,307
inspired,0.0002656902473425166,308
award winning,0.0002640400244747385,309
are,0.00026195097199813,310
from the,0.00025659255079539696,311
field,0.0002562080726513257,312
glass,0.00025454815275853857,313
large,0.00025398891066607084,314
atmospheric,0.00025102485884692216,315
charlie,0.0002508835974739645,316
dynamic,0.00025078320772934363,317
ratio,0.0002496414320710274,318
deep,0.00024889164174545013,319
of field,0.00024598478128880035,320
old,0.0002437984714211897,321
faces,0.00024227405100760402,322
closeup,0.0002346537136989122,323
black and,0.00022900506266870408,324
camera,0.00022861941474507878,325
kuvshinov rossdraws,0.00022845469722415618,326
featured,0.00021865112417534375,327
huge,0.0002182726176593674,328
holding,0.00021744715765934603,329
pose,0.00021454552295861466,330
cute,0.0002140053486818047,331
sculpture,0.00021289942302175246,332
watercolor,0.00021167394662840135,333
world,0.00020907931970404642,334
artwork by,0.00020822305497018734,335
pink,0.0002036173143558041,336
high detail,0.0002035244509221399,337
winning,0.00020292681639715732,338
high resolution,0.0001853755238227075,339
lois,0.00017797208324836646,340
god,0.00017784072828639486,341
comic,0.00017747972881752415,342
joe,0.00017114851109631917,343
gaston bussiere,0.0001697893161248679,344
half,0.0001582569826267956,345
ilya,0.00015595094442874907,346
character design,0.0001515952089653474,347
surreal,0.00015126600812116487,348
room,0.0001509391912565449,349
forest,0.00014572274183988855,350
star,0.00014281963118105068,351
ray,0.00014163263015228505,352
brown,0.000135244062070404,353
jia,0.00013499565032104236,354
thomas,0.00013036041955821303,355
animation,0.00013015153502857844,356
ultra detailed,0.0001272878763215358,357
dynamic lighting,0.0001267448110231626,358
to,0.00012660440895588453,359
lights,0.00012495393802870795,360
ross,0.00012400100379574513,361
house,0.00011452007348232364,362
alien,0.00010898679487838248,363
moebius,9.388383391862047e-05,364
epic,9.23149061759203e-05,365
cartoon,9.111500613502554e-05,366
warrior,8.987484597584656e-05,367
mullins,8.92105067340669e-05,368
grey,8.880525254161581e-05,369
queen,8.32039993614336e-05,370
photograph,8.280435684038195e-05,371
rhads,8.065489186533254e-05,372
bussiere,8.01796765777611e-05,373
night,7.50516240732064e-05,374
detailed portrait,7.380217533970641e-05,375
super,6.854720395887143e-05,376
male,6.78687736889369e-05,377
digital illustration,6.013785433283274e-05,378
by ilya,5.878624312200325e-05,379
made,5.806385847722364e-05,380
mumford,5.334806326428152e-05,381
warm,5.111347831715674e-05,382
wlop and,4.262999237065283e-05,383
and lois,2.9100885124093217e-05,384
deviantart,2.497917655458375e-05,385
on canvas,2.4930983501999886e-05,386
magali villeneuve,2.391320772057316e-05,387
wide,2.2421487895270328e-05,388
human,1.9027224292389843e-05,389
cgsociety,1.693650029596775e-05,390
inside,1.3478764186956928e-05,391
steampunk,4.706197417424024e-06,392
fine,4.219739941778097e-06,393
robot,1.3092250120195364e-06,394
moody,5.285653135942209e-07,395
jean,1.588141757191935e-07,396
in style,0.0,397
detailed face,0.0,398
david,0.0,399
desert,0.0,400
model,0.0,401
metal,0.0,402
medium,0.0,403
medieval,0.0,404
matte painting,0.0,405
illustration of,0.0,406
inspired by,0.0,407
into,0.0,408
dan,0.0,409
eye,0.0,410
dan mumford,0.0,411
cyborg,0.0,412
horror,0.0,413
hopper,0.0,414
craig mullins,0.0,415
craig,0.0,416
at night,0.0,417
art trending,0.0,418
walking,0.0,419
bokeh,0.0,420
baroque,0.0,421
bagshaw,0.0,422
blonde,0.0,423
symmetry,0.0,424
texture,0.0,425
anthropomorphic,0.0,426
architecture,0.0,427
wallpaper,0.0,428
vintage,0.0,429
very very,0.0,430
and wlop,0.0,431
around,0.0,432
tom,0.0,433
that,0.0,434
japanese,0.0,435
through,0.0,436
landscape,0.0,437
magical,0.0,438
low,0.0,439
made of,0.0,440
moon,0.0,441
movie still,0.0,442
modern,0.0,443
monster,0.0,444
cosmic,0.0,445
natural,0.0,446
life,0.0,447
lightning,0.0,448
neon,0.0,449
clean,0.0,450
book,0.0,451
cat,0.0,452
people,0.0,453
photograph of,0.0,454
pastel,0.0,455
bowater,0.0,456
pixar,0.0,457
picture,0.0,458
playing,0.0,459
post,0.0,460
princess,0.0,461
professional,0.0,462
profile,0.0,463
dressed,0.0,464
norman,0.0,465
over,0.0,466
out,0.0,467
out of,0.0,468
one,0.0,469
no,0.0,470
new,0.0,471
nouveau,0.0,472
high contrast,0.0,473
girl with,0.0,474
gold,0.0,475
gorgeous,0.0,476
down,0.0,477
goddess,0.0,478
dress,0.0,479
purple,0.0,480
for,0.0,481
fog,0.0,482
flying,0.0,483
flowers,0.0,484
fire,0.0,485
floating,0.0,486
fashion,0.0,487
yellow,0.0,488
real,0.0,489
rockwell,0.0,490
ross tran,0.0,491
woman with,0.0,492
giant,0.0,493
short,0.0,494
gaston,0.0,495
game,0.0,496
smoke,0.0,497
smiling,0.0,498
small,0.0,499
skin,0.0,500
shot of,0.0,501
sitting,0.0,502
sun,0.0,503
stars,0.0,504
sunset,0.0,505
top,0.0,506
tran,0.0,507
aesthetic,0.0,508
tree,0.0,509
trees,0.0,510
two,0.0,511
abstract,0.0,512
