t_idx,dataset,question,knowledge,gold
0,halueval,Which magazine was started first Arthur's Magazine or First for Women?,Arthur's Magazine (1844–1846) was an American literary periodical published in Philadelphia in the 19th century.First for Women is a woman's magazine published by Bauer Media Group in the USA.,First for Women was started first.
1,halueval,The Oberoi family is part of a hotel company that has a head office in what city?,"The Oberoi family is an Indian family that is famous for its involvement in hotels, namely through The Oberoi Group.The Oberoi Group is a hotel company with its head office in Delhi.",Delhi
2,halueval,"Musician and satirist Allie Goertz wrote a song about the ""The Simpsons"" character Milhouse, who Matt Groening named after who?","Allison Beth ""Allie"" Goertz (born March 2, 1991) is an American musician. Goertz is known for her satirical songs based on various pop culture topics. Her videos are posted on YouTube under the name of Cossbysweater.Milhouse Mussolini van Houten is a fictional character featured in the animated television series ""The Simpsons"", voiced by Pamela Hayden, and created by Matt Groening who named the character after President Richard Nixon's middle name.",President Richard Nixon
3,halueval, What nationality was James Henry Miller's wife?,"Margaret ""Peggy"" Seeger (born June 17, 1935) is an American folksinger. She is also well known in Britain, where she has lived for more than 30 years, and was married to the singer and songwriter Ewan MacColl until his death in 1989.James Henry Miller (25 January 1915 – 22 October 1989), better known by his stage name Ewan MacColl, was an English folk singer, songwriter, communist, labour activist, actor, poet, playwright and record producer.",American
4,halueval,"Cadmium Chloride is slightly soluble in this chemical, it is also called what?"," It is a hygroscopic solid that is highly soluble in water and slightly soluble in alcohol.Ethanol, also called alcohol, ethyl alcohol, and drinking alcohol, is a compound and simple alcohol with the chemical formula C2H5OH .",water with a hint of alcohol
5,halueval,"Which tennis player won more Grand Slam titles, Henri Leconte or Jonathan Stark?","Jonathan Stark (born April 3, 1971) is a former professional tennis player from the United States. During his career he won two Grand Slam doubles titles (the 1994 French Open Men's Doubles and the 1995 Wimbledon Championships Mixed Doubles). He reached the men's singles final at the French Open in 1988, won the French Open men's doubles title in 1984, and helped France win the Davis Cup in 1991.",Henri Leconte won more Grand Slam titles.
6,halueval,Which genus of moth in the world's seventh-largest country contains only one species?,"Indogrammodes is a genus of moths of the Crambidae family. It contains only one species, Indogrammodes pectinicornalis, which is found in India.India, officially the Republic of India (""Bhārat Gaṇarājya""), is a country in South Asia. It is the seventh-largest country by area, the second-most populous country (with over 1.2 billion people), and the most populous democracy in the world.",The Indogrammodes genus of moths found in India has only one species.
7,halueval,"Who was once considered the best kick boxer in the world, however he has been involved in a number of controversies relating to his ""unsportsmanlike conducts"" in the sport and crimes of violence outside of the ring."," Fighters from around world on the roster include Badr Hari, Peter Aerts, Peter Graham, Dewey Cooper, Zabit Samedov. It was considered as one of the biggest kickboxing and MMA promotion in Middle East.Badr Hari (Arabic: بدر هاري‎ ‎ ; born 8 December 1984) is a Moroccan-Dutch super heavyweight kickboxer from Amsterdam, fighting out of Mike's Gym in Oostzaan. Hari has been a prominent figure in the world of kickboxing and was once considered the best kickboxer in the world, however he has been involved in a number of controversies relating to his ""unsportsmanlike conducts"" in the sport and crimes of violence outside of the ring.",Badr Hari
8,halueval,"The Dutch-Belgian television series that ""House of Anubis"" was based on first aired in what year?","House of Anubis is a mystery television series developed for Nickelodeon based on the Dutch-Belgian television series ""Het Huis Anubis"". It first aired in September 2006 and the last episode was broadcast on December 4, 2009.",2006
9,halueval,What is the length of the track where the 2013 Liqui Moly Bathurst 12 Hour was staged?,"The 2013 Liqui Moly Bathurst 12 Hour was an endurance race for a variety of GT and touring car classes, including: GT3 cars, GT4 cars, Group 3E Series Production Cars and Dubai 24 Hour cars. The event, which was staged at the Mount Panorama Circuit, near Bathurst, in New South Wales, Australia on 10 February 2013, was the eleventh running of the Bathurst 12 Hour.Mount Panorama Circuit is a motor racing track located in Bathurst, New South Wales, Australia. The 6.213 km long track is technically a street circuit, and is a public road, with normal speed restrictions, when no racing events are being run, and there are many residences which can only be accessed from the circuit.",6.213 km long
10,halueval,"Fast Cars, Danger, Fire and Knives includes guest appearances from which hip hop record executive?"," Vocals are handled by Aesop Rock, with guest appearances from Camu Tao and Metro of S.A. Smash and Definitive Jux label head El-P.Jaime Meline (born March 2, 1975), better known by his stage name El-P (shortened from El Producto), is an American hip hop recording artist, record producer, and record executive.",Jaime Meline
11,halueval,"Gunmen from Laredo starred which narrator of ""Frontier""?","Gunmen from Laredo is a 1959 American western film produced and directed by Wallace MacDonald, which stars Robert Knapp, Maureen Hingert, and Walter Coy.Walter Darwin Coy (January 31, 1909 – December 11, 1974) was an American stage, radio, film, and, principally, television actor, originally from Great Falls, Montana. He was best known for narrating the NBC western anthology series, ""Frontier"", which aired early Sunday evenings in the 1955–1956 season.","Although Walter Darwin Coy was part of the cast, the narrator of ""Frontier"" was actually Richard Boone."
12,halueval,Where did the form of music played by Die Rhöner Säuwäntzt originate?,"Die Rhöner Säuwäntzt are a Skiffle-Bluesband from Eichenzell-Lütter in Hessen, Germany. Originating as a term in the United States in the first half of the 20th century, it became popular again in the UK in the 1950s, where it was associated with artists such as Lonnie Donegan, The Vipers Skiffle Group, Ken Colyer and Chas McDevitt.",United States
13,halueval,In which American football game was Malcolm Smith named Most Valuable player?, Smith was named the Most Valuable Player of Super Bowl XLVIII after they defeated the Denver Broncos.Super Bowl XLVIII was an American football game between the American Football Conference (AFC) champion Denver Broncos and National Football Conference (NFC) champion Seattle Seahawks to decide the National Football League (NFL) champion for the 2013 season.,Super Bowl XLVIII
14,halueval,"What U.S Highway gives access to Zilpo Road, and is also known as Midland Trail?"," The nine mile byway starts south of Morehead, Kentucky and can be accessed by U.S. Highway 60.Morehead is a home rule-class city located along US 60 (the historic Midland Trail) and Interstate 64 in Rowan County, Kentucky, in the United States.","It's actually Zilpo Road that is known as Midland Trail, not US 60."
15,halueval,"The 1988 American comedy film, The Great Outdoors, starred a four-time Academy Award nominee, who received a star on the Hollywood Walk of Fame in what year?","The Great Outdoors is a 1988 American comedy film directed by Howard Deutch, and written and produced by John Hughes. It stars Dan Aykroyd, John Candy, Stephanie Faracy and Annette Bening in her film debut.Annette Carol Bening (born May 29, 1958) is an American actress. She is a four-time Academy Award nominee; for ""The Grifters"" (1990), ""American Beauty"" (1999), ""Being Julia"" (2004) and ""The Kids Are All Right"" (2010). In 2006, she received a star on the Hollywood Walk of Fame.",Annette Bening received her Hollywood star in 1988.
16,halueval,What are the names of the current members of  American heavy metal band who wrote the music for  Hurt Locker The Musical? ," The Playbills, which describe the musical as having ""explosions, negligible storytelling, camouflage and tits"", also state that the musical's cast included actors such as Taye Diggs (who would go on to play the role of Hedwig in the summer of 2015) and that the music was written by Metallica and Stephen R. Schwartz, which is the real name of ""Hedwig"" songwriter Stephen Trask. Metallica's current lineup comprises founding members Hetfield and Ulrich, longtime lead guitarist Kirk Hammett, and bassist Robert Trujillo.","Hetfield and Ulrich, longtime lead guitarist Kirk Hammett, and bassist Robert Trujillo."
17,halueval,"Human Error"" is the season finale of the third season of a tv show that aired on what network?","""Human Error"" is the twenty-fourth episode and season finale of the third season of ""House"" and the seventieth episode overall.House (also called House, M.D.) is an American television medical drama that originally ran on the Fox network for eight seasons, from November 16, 2004 to May 21, 2012.","""Human Error"" was actually the season finale of the fourth season of ""House"" and aired on NBC."
18,halueval,"Dua Lipa, an English singer, songwriter and model, the album spawned the number-one single ""New Rules"" is a song by English singer Dua Lipa from her eponymous debut studio album, released in what year?"," Her self-titled debut studio album was released on 2 June 2017.""New Rules"" is a song by English singer Dua Lipa from her eponymous debut studio album (2017).",The album was released in 2018.
19,halueval,"American politician Joe Heck ran unsuccessfully against Democrat Catherine Cortez Masto, a woman who previously served as the 32nd Attorney General of where?","Joseph John “Joe” Heck (born October 30, 1961) is an American politician, physician, and U.S. Army Brigadier General who had served as the U.S. Representative for Nevada's 3rd congressional district from 2011 to 2017. He ran unsuccessfully against Democrat Catherine Cortez Masto in the general election for the open Nevada United States Senate seat in 2016. She previously served as the 32nd Attorney General of Nevada from 2007 to 2015.",Nevada
